ID Proposicao;Norma;Descricao da Sigla;Data de Apresentacao;Autor;Partido;Ementa;Link Documento PDF;Link Página Web;Indexacao;Último Estado;Data Último Estado;Situação;Score Final;Boost Keyword;Similaridade Semantica;Metodo
2400917;PL 5303/2023;Projeto de Lei;2023-11-01;Renata Abreu;PODE;Dispõe sobre a prestação de serviços mediante o uso de inteligência artificial.;https://www.camara.leg.br/proposicoesWeb/prop_mostrarintegra?codteor=2354386;https://www.camara.leg.br/proposicoesWeb/fichadetramitacao?idProposicao=2400917;Requisito, utilização, inteligência artificial, prestação de serviços, pessoa física, pessoa jurídica, diretrizes.;Designação de Relator(a);2025-05-20;Aguardando Parecer;0.8761;TOTAL (2 Termos);0.8451;
2349685;PL 759/2023;Projeto de Lei;2023-03-01;Lebrão;UNIÃO;Regulamenta os sistemas de Inteligência Artificial, e dá outras providências.;https://www.camara.leg.br/proposicoesWeb/prop_mostrarintegra?codteor=2238606;https://www.camara.leg.br/proposicoesWeb/fichadetramitacao?idProposicao=2349685;Regulamentação, Inteligência artificial, sistema computacional, parâmetro, segurança jurídica, investimento, pesquisa e desenvolvimento, desenvolvimento tecnológico, inovação, plataforma digital. _Inteligência artificial, diretrizes, criação, Política Nacional de Inteligência Artificial, tecnologia cognitiva.;Apresentação de Requerimento;2025-08-05;Aguardando Parecer;0.8076;TOTAL (2 Termos);0.7595;
2422387;PL 897/2024;Projeto de Lei;2024-03-20;Saullo Vianna;UNIÃO;Dispõe sobre a Autenticação de Mídia Digital criada ou modificada por Inteligência Artificial (IA) e dá outras providências.;https://www.camara.leg.br/proposicoesWeb/prop_mostrarintegra?codteor=2397672;https://www.camara.leg.br/proposicoesWeb/fichadetramitacao?idProposicao=2422387;Obrigatoriedade, autenticação, Mídia digital, utilização, Inteligência Artificial, diretrizes.;Recebimento;2024-03-27;Tramitando em Conjunto;0.8008;TOTAL (2 Termos);0.7510;
2527346;PL 3009/2025;Projeto de Lei;2025-06-23;David Soares;UNIÃO;Altera a Lei nº 9.394, de 20 de dezembro de 1996, para estabelecer como componente curricular o ensino da  Inteligência Artificial.;https://www.camara.leg.br/proposicoesWeb/prop_mostrarintegra?codteor=2939428;https://www.camara.leg.br/proposicoesWeb/fichadetramitacao?idProposicao=2527346;Alteração, Lei de Diretrizes e Bases da Educação Nacional (1996), critério, obrigatoriedade, instituição de ensino, educação básica, conteúdo programático, ética digital, utilização, inteligência artificial, diretrizes.;Recebimento;2025-09-23;Tramitando em Conjunto;0.7915;TOTAL (2 Termos);0.7393;
2574067;PL 5324/2025;Projeto de Lei;2025-10-21;Dimas Gadelha;PT;Altera o Marco Civil da Internet - Lei nº 12.965, de 23 de abril de 2014, para obrigar a identificação de conteúdo gerado por inteligência artificial.;https://www.camara.leg.br/proposicoesWeb/prop_mostrarintegra?codteor=3026018;https://www.camara.leg.br/proposicoesWeb/fichadetramitacao?idProposicao=2574067;Alteração, Marco Civil da Internet (2014), obrigatoriedade, identificação, conteúdo informativo, conteúdo digital, inteligência artificial, provedor de aplicações, internet.;Apresentação de Proposição;2025-10-21;Aguardando Despacho do Presidente da Câmara dos Deputados (Chancela);0.7843;TOTAL (2 Termos);0.7304;
2372533;PL 3379/2023;Projeto de Lei;2023-07-04;Neto Carletto;AVANTE;Altera a Lei nº 9.394, de 20 de dezembro de 1996, de diretrizes e bases da educação nacional, para dispor sobre a inclusão do ensino de Inteligência Artificial no ensino médio.;https://www.camara.leg.br/proposicoesWeb/prop_mostrarintegra?codteor=2296507;https://www.camara.leg.br/proposicoesWeb/fichadetramitacao?idProposicao=2372533;Alteração, Lei de Diretrizes e Bases da Educação Nacional (1996), inclusão, Disciplina obrigatória, Inteligência artificial, ensino médio.;Apensação;2025-03-13;Tramitando em Conjunto;0.7775;TOTAL (2 Termos);0.7219;
2604767;PL 762/2026;Projeto de Lei;2026-02-25;Rubens Pereira Júnior;PT;Estabelece marco regulatório para sistemas de inteligência artificial (IA) em setores de alta consequência e dá outras providências.;https://www.camara.leg.br/proposicoesWeb/prop_mostrarintegra?codteor=3088155;https://www.camara.leg.br/proposicoesWeb/fichadetramitacao?idProposicao=2604767;Alteração, Lei Geral de Proteção de Dados Pessoais (LGPDP) (2018), Marco Civil da Internet (2014), Código de Defesa do Consumidor (1990), sistema de inteligência artificial, domínio, alto risco, categorização, avaliação, impacto socioeconômico, direitos fundamentais, proteção, dados pessoais sensíveis, serviços essenciais, obrigatoriedade, certificação, registro público, governança de tecnologia da informação e comunicação, decisão automatizada, tratamento de dados, responsabilização, auditoria, transparência algorítmica, relações de consumo, diretrizes.;Apresentação de Proposição;2026-02-25;;0.7719;TOTAL (2 Termos);0.7149;
2391466;PL 4719/2023;Projeto de Lei;2023-09-27;Dimas Gadelha;PT;Dispõe sobre o incentivo ao desenvolvimento de inteligência artificial.;https://www.camara.leg.br/proposicoesWeb/prop_mostrarintegra?codteor=2335296;https://www.camara.leg.br/proposicoesWeb/fichadetramitacao?idProposicao=2391466;Alteração, Lei de Informática (1991), Lei Federal, recursos, Fundo Nacional de Desenvolvimento Científico e Tecnológico (FNDCT), Fundo setorial, Fundo do Agronegócio (CT-Agronegócio), Fundo Aeronáutico (CT-Aeronáutico), Fundo de Biotecnologia (CT-Biotecnologia), Fundo de Energia (CT-Energ), Fundo Espacial (CT-Espacial), CT-Hidro, Fundo Inovar-Auto (CT-Inovar-Auto), CT-Saúde, investimento, Inteligência artificial.;Encerramento de Prazo;2025-10-08;Aguardando Parecer;0.7593;PARCIAL (1 Termo);0.8241;
2594000;PL 6237/2025;Projeto de Lei;2025-12-08;Poder Executivo;N/A;Institui o Sistema Nacional para Desenvolvimento, Regulação e Governança de Inteligência Artificial.;https://www.camara.leg.br/proposicoesWeb/prop_mostrarintegra?codteor=3063060;https://www.camara.leg.br/proposicoesWeb/fichadetramitacao?idProposicao=2594000;Criação, Sistema Nacional para Desenvolvimento, Regulação e Governança de Inteligência Artificial (SIA), regulamentação, Inteligência artificial, desenvolvimento tecnológico, segurança cibernética, Segurança de dados, preservação, direitos fundamentais, diretrizes.;Apresentação de Requerimento;2025-12-11;Aguardando Despacho do Presidente da Câmara dos Deputados (Chancela);0.7591;TOTAL (2 Termos);0.6989;
2491093;PL 1325/2025;Projeto de Lei;2025-03-31;Silvia Waiãpi;PL;Dispõe sobre a inserção do estudo de Inteligência Artificial na grade curricular do ensino fundamental e dá outras providências.;https://www.camara.leg.br/proposicoesWeb/prop_mostrarintegra?codteor=2875405;https://www.camara.leg.br/proposicoesWeb/fichadetramitacao?idProposicao=2491093;Obrigatoriedade, inclusão, ensino, conteúdo educativo, Inteligência artificial, grade curricular, instituição de ensino, educação básica, diretrizes.;Encerramento de Prazo;2025-06-26;Aguardando Parecer;0.7588;TOTAL (2 Termos);0.6984;
2557405;PL 4455/2025;Projeto de Lei;2025-09-04;Maurício Carvalho;UNIÃO;Altera a Lei nº 14.533, de 11 de janeiro de 2023, que institui a Política Nacional de Educação Digital e dá outras providências, para dispor sobre desenvolvimento de competências para o uso inteligência artificial.;https://www.camara.leg.br/proposicoesWeb/prop_mostrarintegra?codteor=2993539;https://www.camara.leg.br/proposicoesWeb/fichadetramitacao?idProposicao=2557405;Alteração, Política Nacional de Educação Digital (PNED), inclusão, prioridade, estratégia (administração), educação digital, desenvolvimento, competência, aluno, educação básica, responsabilidade, utilização, inteligência artificial generativa.;Recebimento;2025-10-06;Tramitando em Conjunto;0.7563;TOTAL (2 Termos);0.6954;
2462314;PL 3936/2024;Projeto de Lei;2024-10-14;Leonardo Gadelha;PODE;Altera a Lei nº 9.279, de 14 de maio de 1996, para dispor sobre a obtenção de patentes de invenções ou modelos de utilidade desenvolvidos com o auxílio de sistemas de inteligência artificial.;https://www.camara.leg.br/proposicoesWeb/prop_mostrarintegra?codteor=2484809;https://www.camara.leg.br/proposicoesWeb/fichadetramitacao?idProposicao=2462314;Alteração, Lei de Propriedade Industrial (1996), Patente de invenção, Modelo de utilidade, utilização, inteligência artificial, Instituto Nacional da Propriedade Industrial (INPI), diretrizes.;Notificações;2025-06-11;Tramitando em Conjunto;0.7531;TOTAL (2 Termos);0.6914;
2496418;PL 1614/2025;Projeto de Lei;2025-04-09;Zé Neto;PT;Altera a Lei nº 14.533, de 11 de janeiro de 2023, para dispor sobre a inclusão de aspectos relacionados à inteligência artificial, à segurança na rede e à proteção de dados pessoais na formação continuada dos profissionais da educação.;https://www.camara.leg.br/proposicoesWeb/prop_mostrarintegra?codteor=2883999;https://www.camara.leg.br/proposicoesWeb/fichadetramitacao?idProposicao=2496418;Alteração, Política Nacional de Educação Digital (PNED), inclusão, Conteúdo programático, Tecnologia digital, Educação continuada, Inteligência artificial, Segurança de dados, Profissional da educação.;Apresentação de Requerimento;2025-10-13;Aguardando Designação de Relator(a);0.7524;TOTAL (2 Termos);0.6905;
2502546;PL 1956/2025;Projeto de Lei;2025-04-29;Rafael Prudente;MDB;Altera a Lei nº 9.394, de 20 de dezembro de 1996, que estabelece diretrizes e bases da educação nacional, para prever o ensino dos fundamentos da Inteligência Artificial (IA) no currículo do ensino fundamental e do ensino médio.;https://www.camara.leg.br/proposicoesWeb/prop_mostrarintegra?codteor=2895089;https://www.camara.leg.br/proposicoesWeb/fichadetramitacao?idProposicao=2502546;Alteração, Lei de Diretrizes e Bases da Educação Nacional (1996), inserção, currículo escolar, ensino fundamental, ensino médio, tecnologia digital, inteligência artificial, pensamento computacional, ética digital, educação tecnológica, aplicação, impacto social, impacto econômico, Inclusão digital, Inclusão tecnológica.;Encerramento de Prazo;2025-07-02;Aguardando Parecer;0.7495;TOTAL (2 Termos);0.6869;
2487262;PL 2338/2023;Projeto de Lei;2025-03-17;Senado Federal - Rodrigo Pacheco;N/A;Dispõe sobre o desenvolvimento, o fomento e o uso ético e responsável da inteligência artificial com base na centralidade da pessoa humana.;https://www.camara.leg.br/proposicoesWeb/prop_mostrarintegra?codteor=2868197;https://www.camara.leg.br/proposicoesWeb/fichadetramitacao?idProposicao=2487262;Diretrizes, desenvolvimento, incentivo, utilização, ética, inteligência artificial, direitos, pessoa, autorregulação, penalidade, competência, autoridade, Poder Público, critério, proteção, trabalho, trabalhador. _Alteração, Política Nacional de Educação Digital (PNED), inclusão, educação digital, instituição de ensino, letramento algorítmico, letramento crítico, inteligência artificial. _Alteração, lei federal, aplicação, recursos públicos, Fundo Nacional de Desenvolvimento Científico e Tecnológico (FNDCT), pesquisa, projeto (administração), inteligência artificial.;Aprovação de Requerimento;2026-02-11;Aguardando Parecer;0.7491;TOTAL (2 Termos);0.6864;
2595639;PL 6326/2025;Projeto de Lei;2025-12-10;Marcos Tavares;PDT;Institui a Lei de Rotulagem de Conteúdo Sintético e de Transparência em Inteligência Artificial, dispondo sobre a obrigatoriedade de identificação de conteúdos gerados, manipulados ou alterados por sistemas de inteligência artificial, com vistas à proteção da informação, da democracia, do consumidor e dos direitos fundamentais no ambiente digital, e altera a Lei nº 12.965, de 23 de abril de 2014 (Marco Civil da Internet).;https://www.camara.leg.br/proposicoesWeb/prop_mostrarintegra?codteor=3065500;https://www.camara.leg.br/proposicoesWeb/fichadetramitacao?idProposicao=2595639;Regulamentação, Conteúdo sintético, Sistema de inteligência artificial, Confiança digital, Transparência algorítmica. _ Obrigatoriedade, Plataforma digital, rastreabilidade, identificação, rotulagem, conteúdo digital, Inteligência artificial generativa, Moderação de conteúdo, garantia, Direito à informação, Direito do consumidor. _ Alteração, Marco Civil da Internet (2014), Responsabilidade administrativa, Responsabilidade solidária, provedor de aplicações, internet.;Apresentação de Proposição;2025-12-10;Aguardando Despacho do Presidente da Câmara dos Deputados (Chancela);0.7449;TOTAL (2 Termos);0.6811;
2479396;PL 4849/2024;Projeto de Lei;2024-12-11;Eduardo Bismarck;PDT;Estabelece fundamentos, princípios e diretrizes e a aplicação da Inteligência Artificial no Brasil.;https://www.camara.leg.br/proposicoesWeb/prop_mostrarintegra?codteor=2840632;https://www.camara.leg.br/proposicoesWeb/fichadetramitacao?idProposicao=2479396;Regulamentação, sistema de inteligência artificial, diretrizes, poder público.;Notificações;2025-07-08;Tramitando em Conjunto;0.7438;TOTAL (2 Termos);0.6798;
2638506;PL 3615/2026;Projeto de Lei;2026-07-09;Capitão Alberto Neto;PL;Altera a redação do § 11 do art. 26 da Lei nº 9.394, de 20 de dezembro de 1996, de diretrizes e bases da educação nacional, para inserir referência à inteligência artificial no foco da educação digital no ensino fundamental e médio.;https://www.camara.leg.br/proposicoesWeb/prop_mostrarintegra?codteor=3159978;https://www.camara.leg.br/proposicoesWeb/fichadetramitacao?idProposicao=2638506;"alteração; Lei de Diretrizes e Bases da Educação Nacional (1996); inclusão; Componente curricular; Educação básica; Ensino fundamental; Ensino médio; Inteligência artificial generativa; Letramento digital; Educação digital";Apresentação de Proposição;2026-07-09;;0.7403;TOTAL (2 Termos);0.6754;
2484379;PL 526/2025;Projeto de Lei;2025-02-18;Marx Beltrão;PP;DISPÕE SOBRE A REGULAÇÃO DO USO DA INTELIGÊNCIA ARTIFICIAL NO BRASIL E DÁ OUTRAS PROVIDÊNCIAS.;https://www.camara.leg.br/proposicoesWeb/prop_mostrarintegra?codteor=2857071;https://www.camara.leg.br/proposicoesWeb/fichadetramitacao?idProposicao=2484379;Regulação, inteligência artificial, Brasil, diretrizes, sistema de inteligência artificial.;Recebimento;2025-03-25;Tramitando em Conjunto;0.7327;TOTAL (2 Termos);0.6659;
2351386;PL 1153/2023;Projeto de Lei;2023-03-15;Carlos Henrique Gaguim;UNIÃO;Dispõe sobre normas gerais para a pesquisa, o desenvolvimento e a aplicação da inteligência artificial - IA, e seu uso consciente e ético no âmbito da União, dos Estados, do Distrito Federal e dos Municípios.;https://www.camara.leg.br/proposicoesWeb/prop_mostrarintegra?codteor=2243580;https://www.camara.leg.br/proposicoesWeb/fichadetramitacao?idProposicao=2351386;Norma geral, pesquisa e desenvolvimento, aplicação, Inteligência artificial, utilização, Inteligência artificial, âmbito, União, estado (ente federado), Distrito Federal (Brasil). _Criação, Centro Nacional de Inteligência Artificial, vinculação, Ministério da Ciência, Tecnologia e Inovação, finalidade, desenvolvimento, coordenação, política pública, programa (administração), projeto (administração), incentivo, pesquisa e desenvolvimento, inteligência artificial. _Utilização, inteligência artificial, administração pública, princípios, critério técnico, dados científicos. _Estado (ente federado), Distrito Federal, município, criação, legislação suplementar, realização, convênio, parceria público-privada.;Publicação de Proposição;2023-04-24;Tramitando em Conjunto;0.7327;TOTAL (2 Termos);0.6659;
2504671;PL 2129/2025;Projeto de Lei;2025-05-06;Nitinho;PSD;Dispõe sobre a obrigatoriedade de inclusão de conteúdos relacionados à inteligência artificial no currículo da educação básica.;https://www.camara.leg.br/proposicoesWeb/prop_mostrarintegra?codteor=2899204;https://www.camara.leg.br/proposicoesWeb/fichadetramitacao?idProposicao=2504671;Obrigatoriedade, inclusão, Currículo escolar, Disciplina (educação), Inteligência artificial, Educação básica.;Encerramento de Prazo;2025-07-02;Aguardando Parecer;0.7304;TOTAL (2 Termos);0.6630;
2543191;PL 3967/2025;Projeto de Lei;2025-08-12;Laura Carneiro;PSD;Altera a Lei nº 12.965, de 23 de abril de 2014 (Marco Civil da Internet), para dispor sobre a obrigatoriedade de identificação de conteúdo gerado por inteligência artificial.;https://www.camara.leg.br/proposicoesWeb/prop_mostrarintegra?codteor=2971761;https://www.camara.leg.br/proposicoesWeb/fichadetramitacao?idProposicao=2543191;Alteração, Marco Civil da Internet (2014), obrigatoriedade, plataforma digital, identificação, conteúdo digital, Inteligência artificial.;Recebimento;2025-09-23;Tramitando em Conjunto;0.7239;PARCIAL (1 Termo);0.7798;
2486481;PL 897/2025;Projeto de Lei;2025-03-11;Helio Lopes;PL;Institui a Lei de Incentivo à Pesquisa em Inteligência Artificial com Recursos das Apostas e Jogos Lotéricos;https://www.camara.leg.br/proposicoesWeb/prop_mostrarintegra?codteor=2865102;https://www.camara.leg.br/proposicoesWeb/fichadetramitacao?idProposicao=2486481;Criação, Ação governamental, destinação, Recursos financeiros, Aposta esportiva, Jogo online, incentivo, Pesquisa científica, Pesquisa acadêmica, Inteligência artificial,;Saída de Relator(a) da Comissão - Sem Parecer Apresentado;2026-02-03;Aguardando Designação - Aguardando Devolução de Relator(a) que deixou de ser Membro;0.7206;TOTAL (2 Termos);0.6508;
2599741;PL 7132/2025;Projeto de Lei;2025-12-22;Amom Mandel;CIDADANIA;Altera a Lei nº 12.965, de 23 de abril de 2014 (Marco Civil da Internet), para instituir a obrigatoriedade de auditoria de vieses em sistemas de Inteligência Artificial de alto risco.;https://www.camara.leg.br/proposicoesWeb/prop_mostrarintegra?codteor=3072672;https://www.camara.leg.br/proposicoesWeb/fichadetramitacao?idProposicao=2599741;Alteração, Marco Civil da Internet (2014), obrigatoriedade, empresa, auditoria, influência, resultado, inteligência artificial generativa, utilização, prestação de serviços, serviços essenciais, erradicação, discriminação, diretrizes.;Apresentação de Proposição;2025-12-22;Aguardando Despacho do Presidente da Câmara dos Deputados (Chancela);0.7200;TOTAL (2 Termos);0.6500;
2541085;PL 3782/2025;Projeto de Lei;2025-08-06;Prof. Reginaldo Veras;PV;Dispõe sobre a vedação da substituição de profissionais humanos por sistemas de inteligência artificial em atividades que exigem vínculo interpessoal direto, e dá outras providências.;https://www.camara.leg.br/proposicoesWeb/prop_mostrarintegra?codteor=2967926;https://www.camara.leg.br/proposicoesWeb/fichadetramitacao?idProposicao=2541085;Proibição, substituição, pessoa humana, Inteligência artificial, atividade profissional, Terapia ocupacional, assistência social, psicologia, psiquiatria, professor, Fonoaudiologia, fisioterapia, enfermagem, conselho tutelar, exigência, Relações interpessoais, diretrizes.;Recebimento;2025-09-23;Tramitando em Conjunto;0.7148;TOTAL (2 Termos);0.6435;
2500774;PL 1893/2025;Projeto de Lei;2025-04-28;Rogéria Santos;REPUBLICANOS;Institui o Programa Nacional de Prevenção e Combate ao Estelionato Digital com o uso de algoritmos e inteligência artificial, e dá outras providências.;https://www.camara.leg.br/proposicoesWeb/prop_mostrarintegra?codteor=2892590;https://www.camara.leg.br/proposicoesWeb/fichadetramitacao?idProposicao=2500774;Criação, Programa Nacional de Prevenção e Combate ao Estelionato Digital (PROALGODIGITAL), regulação, utilização, Big data, Algoritmo, inteligência artificial, prevenção, Crime cibernético, fraude eletrônica.;Designação de Relator(a);2026-02-11;Aguardando Parecer;0.7096;TOTAL (2 Termos);0.6370;
2600154;PL 83/2026;Projeto de Lei;2026-02-02;Pastor Henrique Vieira;PSOL;Dispõe sobre a identificação obrigatória de conteúdos gerados ou manipulados por inteligência artificial, estabelece responsabilidade objetiva das plataformas digitais e tipifica condutas relacionadas à difusão de deepfakes.;https://www.camara.leg.br/proposicoesWeb/prop_mostrarintegra?codteor=3076637;https://www.camara.leg.br/proposicoesWeb/fichadetramitacao?idProposicao=2600154;Obrigatoriedade, Plataforma digital, usuário, rede social digital, identificação, conteúdo digital, inteligência artificial, proibição, publicação, Deepfake.;Apresentação de Proposição;2026-02-02;Aguardando Autorização do Despacho;0.7075;TOTAL (2 Termos);0.6344;
2610302;PL 1254/2026;Projeto de Lei;2026-03-18;Helder Salomão;PT;Altera a Lei nº 8.080, de 19 de setembro de 1990 (Lei Orgânica da Saúde), para regulamentar a aplicação das tecnologias de inteligência artificial na saúde e vedar a aplicação dessas ferramentas simulando de forma realista a atuação de profissionais de saúde.;https://www.camara.leg.br/proposicoesWeb/prop_mostrarintegra?codteor=3100346;https://www.camara.leg.br/proposicoesWeb/fichadetramitacao?idProposicao=2610302;Alteração, Lei Orgânica da Saúde (1990), proibição, tecnologia, inteligência artificial, simulação, Profissional de saúde, exceção, supervisão, revisão, validação, transparência, consentimento, informação, Tratamento de dados, rastreabilidade, auditoria, responsabilização, Ética profissional, médico, regulamentação, Riscos (segurança).;Apresentação de Proposição;2026-03-18;Aguardando Autorização do Despacho;0.7048;TOTAL (2 Termos);0.6310;
2435976;PL 2008/2024;Projeto de Lei;2024-05-22;Vinicius Carvalho;REPUBLICANOS;Dispõe sobre a prevenção e repressão às infrações contra a ordem econômica através do uso de Inteligência Artificial (IA) para efetuar práticas desleais de concorrência.;https://www.camara.leg.br/proposicoesWeb/prop_mostrarintegra?codteor=2427972;https://www.camara.leg.br/proposicoesWeb/fichadetramitacao?idProposicao=2435976;Alteração, Lei de Defesa da Concorrência (2011), Infração contra a ordem econômica, utilização, Inteligência artificial, Concorrência desleal.;Publicação de Proposição;2024-06-20;Tramitando em Conjunto;0.7019;TOTAL (2 Termos);0.6274;
2616119;PL 1837/2026;Projeto de Lei;2026-04-14;Cabo Gilberto Silva;PL;Altera a Lei nº 9.394, de 20 de dezembro de 1996, que estabelece as diretrizes e bases da educação nacional, para incluir disciplinas específicas de inteligência artificial e cibersegurança no currículo do ensino médio.;https://www.camara.leg.br/proposicoesWeb/prop_mostrarintegra?codteor=3113365;https://www.camara.leg.br/proposicoesWeb/fichadetramitacao?idProposicao=2616119;Alteração, Lei de Diretrizes e Bases da Educação Nacional (1996), inclusão, disciplina, Inteligência Artificial, Segurança cibernética, currículo escolar, ensino médio.;Publicação de Proposição;2026-06-09;Tramitando em Conjunto;0.6963;TOTAL (2 Termos);0.6204;
2594273;PL 6248/2025;Projeto de Lei;2025-12-09;Coronel Chrisóstomo;PL;Dispõe sobre a utilização de sistemas de inteligência artificial nas atividades de análise de inteligência policial, estabelecendo princípios éticos, definições técnicas, limites de uso, diretrizes para supervisão humana e autoriza o uso de IA na análise de comunicações legalmente interceptadas.;https://www.camara.leg.br/proposicoesWeb/prop_mostrarintegra?codteor=3063479;https://www.camara.leg.br/proposicoesWeb/fichadetramitacao?idProposicao=2594273;Utilização, Inteligência artificial, análise, Inteligência policial, diretrizes.;Apresentação de Proposição;2025-12-09;Aguardando Chancela e Publicação do Despacho;0.6951;TOTAL (2 Termos);0.6189;
2526910;PL 2968/2025;Projeto de Lei;2025-06-17;Evair Vieira de Melo;PP;Altera as Leis nº 9.394, de 20 de dezembro de 1996, e nº 14.533, de 11 de janeiro de 2023, para incluir competências relativas à inteligência artificial como conteúdo a ser ensinado nos currículos escolares.;https://www.camara.leg.br/proposicoesWeb/prop_mostrarintegra?codteor=2938274;https://www.camara.leg.br/proposicoesWeb/fichadetramitacao?idProposicao=2526910;Alteração, Lei de Diretrizes e Bases da Educação Nacional (1996), Política Nacional de Educação Digital (PNED), inclusão, Currículo escolar, Conteúdo programático, Inclusão digital, Inteligência artificial, Ensino fundamental, Ensino médio.;Apensação;2025-10-06;Tramitando em Conjunto;0.6897;TOTAL (2 Termos);0.6122;
2599300;PL 6707/2025;Projeto de Lei;2025-12-22;Amom Mandel;CIDADANIA;Altera a Lei nº 8.078, de 11 de setembro de 1990 (Código de Defesa do Consumidor - CDC), para dispor sobre a responsabilidade civil por danos causados pelo comportamento autônomo de sistemas de Inteligência Artificial.;https://www.camara.leg.br/proposicoesWeb/prop_mostrarintegra?codteor=3071972;https://www.camara.leg.br/proposicoesWeb/fichadetramitacao?idProposicao=2599300;Alteração, Código de Defesa do Consumidor (1990), responsabilização, fornecedor, desenvolvedor de sistemas, inteligência artificial, problema técnico, forma autônoma, prejuízo ao consumidor, diretrizes.;Publicação de Proposição;2026-02-13;Aguardando Designação de Relator(a);0.6864;TOTAL (2 Termos);0.6080;
2599744;PL 7135/2025;Projeto de Lei;2025-12-22;Amom Mandel;CIDADANIA;Altera a Lei nº 8.248, de 23 de outubro de 1991 (Lei de Informática), para estabelecer critérios de inclusão social e digital em Inteligência Artificial como contrapartida obrigatória para a fruição de incentivos fiscais.;https://www.camara.leg.br/proposicoesWeb/prop_mostrarintegra?codteor=3072675;https://www.camara.leg.br/proposicoesWeb/fichadetramitacao?idProposicao=2599744;Alteração, Lei de Informática (1991), concessão, incentivo fiscal, benefício fiscal, empresa, obrigatoriedade, investimento, percentual, limite mínimo, pesquisa, capacitação, disponibilização, inteligência artificial generativa, comunidade, população de baixa renda, instituição de ensino pública, área rural, local ermo, democratização, inclusão digital.;Apresentação de Proposição;2025-12-22;Aguardando Chancela e Publicação do Despacho;0.6863;TOTAL (2 Termos);0.6079;
2430998;PL 1559/2024;Projeto de Lei;2024-05-06;Professora Luciene Cavalcante;PSOL;Altera a Lei nº 9.394, de 20 de dezembro de 1996 (Lei de Diretrizes e Bases da Educação Nacional), para vedar o uso de inteligência artificial como parâmetro de referência e de métrica para o desenvolvimento de material pedagógico, bem como ferramenta de avaliação de desempenho escolar, a ser utilizado pela rede pública de ensino das unidades da Federação, e dá outras providências correlatas.;https://www.camara.leg.br/proposicoesWeb/prop_mostrarintegra?codteor=2416673;https://www.camara.leg.br/proposicoesWeb/fichadetramitacao?idProposicao=2430998;Alteração, Lei de Diretrizes e Bases da Educação Nacional (1996), critério, proibição, utilização, Inteligência artificial, elaboração, material pedagógico, educação básica, educação superior, avaliação, rendimento escolar.;Recebimento - Relator(a) (Sem Manifestação);2025-04-09;Aguardando Designação de Relator(a);0.6854;TOTAL (2 Termos);0.6068;
2599299;PL 6706/2025;Projeto de Lei;2025-12-22;Amom Mandel;CIDADANIA;Altera a Lei nº 13.709, de 14 de agosto de 2018 (Lei Geral de Proteção de Dados Pessoais - LGPD), para dispor sobre a Auditoria Algorítmica Preventiva em sistemas de Inteligência Artificial que afetam decisões de alto impacto social.;https://www.camara.leg.br/proposicoesWeb/prop_mostrarintegra?codteor=3071971;https://www.camara.leg.br/proposicoesWeb/fichadetramitacao?idProposicao=2599299;Alteração, Lei Geral de Proteção de Dados Pessoais (LGPDP) (2018), auditoria externa, algoritmo, inteligência artificial, relatório técnico, Agência Nacional de Proteção de Dados (ANPD), diretrizes.;Recebimento;2026-02-23;Aguardando Designação de Relator(a);0.6848;TOTAL (2 Termos);0.6061;
2486483;PL 899/2025;Projeto de Lei;2025-03-11;Helio Lopes;PL;Institui a Lei de Inclusão Digital e Desenvolvimento de Habilidades Educacionais com Inteligência Artificial no Brasil e dá outras providências.;https://www.camara.leg.br/proposicoesWeb/prop_mostrarintegra?codteor=2865105;https://www.camara.leg.br/proposicoesWeb/fichadetramitacao?idProposicao=2486483;Criação, Lei de Inclusão Digital e Desenvolvimento de Habilidades Educacionais com Inteligência Artificial no Brasil, destinação, recursos públicos, Fundo de Manutenção e Desenvolvimento da Educação Básica e de Valorização dos Profissionais da Educação (Fundeb), promoção, inclusão digital, utilização, tecnologia, inteligência artificial, ensino, aprendizagem, diretrizes.;Encerramento de Prazo;2025-06-12;Aguardando Parecer;0.6844;TOTAL (2 Termos);0.6055;
2418048;PL 303/2024;Projeto de Lei;2024-02-20;Júnior Mano;PSB;Altera o art. 6º da Lei nº 9.279, de 14 de maio de 1996, para dispor sobre a titularidade de invenções geradas de forma autônoma por sistemas de inteligência artificial.;https://www.camara.leg.br/proposicoesWeb/prop_mostrarintegra?codteor=2387544;https://www.camara.leg.br/proposicoesWeb/fichadetramitacao?idProposicao=2418048;Alteração, Lei de Propriedade Industrial, titularidade, invenção, geração, forma autônoma, Sistema de inteligência artificial.;Designação de Relator(a);2025-06-11;Aguardando Parecer;0.6831;PARCIAL (1 Termo);0.7288;
2599040;PL 6663/2025;Projeto de Lei;2025-12-22;Amom Mandel;CIDADANIA;Cria o Selo Empresa Transparente em Inteligência Artificial, certificando organizações que adotem práticas claras, éticas e auditáveis no uso de algoritmos.;https://www.camara.leg.br/proposicoesWeb/prop_mostrarintegra?codteor=3071689;https://www.camara.leg.br/proposicoesWeb/fichadetramitacao?idProposicao=2599040;Criação, incentivo, Governança, Ética digital, Ética profissional, Selo de certificação, Empresa, utilização, Inteligência artificial, Algoritmo, Transparência algorítmica, Decisão automatizada, Tecnologia, diretrizes.;Recebimento;2026-02-13;Aguardando Designação de Relator(a);0.6823;TOTAL (2 Termos);0.6029;
2418325;PL 357/2024;Projeto de Lei;2024-02-21;Lucio Mosquini;MDB;Altera a Lei nº 9.394, de 20 de dezembro de 1996, que trata das diretrizes e bases da educação nacional, para dispor sobre a inclusão das atividades de Inteligência Artificial como ensino técnico profissionalizante, na forma subsequente, em cursos destinados a quem tenha concluído o ensino médio.;https://www.camara.leg.br/proposicoesWeb/prop_mostrarintegra?codteor=2388267;https://www.camara.leg.br/proposicoesWeb/fichadetramitacao?idProposicao=2418325;Alteração, Lei de Diretrizes e Bases da Educação Nacional (1996), inclusão, atividade, inteligência artificial, ensino técnico, ensino profissionalizante, posterioridade, ensino médio.;Publicação de Proposição;2024-02-27;Tramitando em Conjunto;0.6813;TOTAL (2 Termos);0.6016;
2554623;PL 4308/2025;Projeto de Lei;2025-08-28;Tião Medeiros;PP;Altera a Lei no 12.965, de 23 de abril de 2014 (Marco Civil da Internet), para dispor sobre a obrigatoriedade de aviso ao usuário do emprego de ferramentas de inteligência artificial em aplicação de internet.;https://www.camara.leg.br/proposicoesWeb/prop_mostrarintegra?codteor=2988307;https://www.camara.leg.br/proposicoesWeb/fichadetramitacao?idProposicao=2554623;Alteração, Marco Civil da Internet (2014), obrigatoriedade, provedor de aplicações, aviso, utilização, inteligência artificial, conteúdo digital, diretrizes.;Recebimento;2025-09-23;Tramitando em Conjunto;0.6810;TOTAL (2 Termos);0.6013;
2430744;PL 1522/2024;Projeto de Lei;2024-05-02;Julio Lopes;PP;Dispõe sobre a utilização de ferramentas tecnológicas de inteligência artificial para gestão e manutenção de dados no Sistema Único de Saúde em todo território nacional;https://www.camara.leg.br/proposicoesWeb/prop_mostrarintegra?codteor=2416098;https://www.camara.leg.br/proposicoesWeb/fichadetramitacao?idProposicao=2430744;Regulamentação, utilização, Inteligência artificial, gestão, manutenção, Sistema Único de Saúde (SUS), Inovação tecnológica, identificação, cadastro, Usuário, condição específica, Leilão reverso.;Encerramento de Prazo;2025-05-27;Pronta para Pauta;0.6809;TOTAL (2 Termos);0.6011;
2502877;PL 1969/2025;Projeto de Lei;2025-04-29;Adilson Barroso;PL;Dispõe sobre a inclusão na Lei nº 9.610, de 19 de fevereiro de 1998, da regulação da titularidade, autoria, registro, proteção e responsabilidade civil relativa às obras intelectuais geradas por sistemas de Inteligência Artificial (IA).;https://www.camara.leg.br/proposicoesWeb/prop_mostrarintegra?codteor=2895661;https://www.camara.leg.br/proposicoesWeb/fichadetramitacao?idProposicao=2502877;Alteração, Lei dos Direitos Autorais (1998), regulamentação, titularidade, autoria (publicação), registro, proteção, responsabilidade civil, obra intelectual, inteligência artificial, diretrizes.;Recebimento;2025-09-23;Tramitando em Conjunto;0.6790;TOTAL (2 Termos);0.5988;
2473135;PL 4589/2024;Projeto de Lei;2024-11-28;Coronel Chrisóstomo;PL;Institui o Sistema de Assistência Automática por Inteligência Artificial (AAIA) para integração aos cadastros sociais, com o objetivo de otimizar a análise de dados e oferecer suporte imediato a famílias em situação de vulnerabilidade.;https://www.camara.leg.br/proposicoesWeb/prop_mostrarintegra?codteor=2828907;https://www.camara.leg.br/proposicoesWeb/fichadetramitacao?idProposicao=2473135;Criação, Sistema computacional, Inteligência artificial, integração, Cadastro Único para Programas Sociais do Governo Federal (CadÚnico), antecipação, Tecnologia cognitiva, Assistência social, Proteção social.;Saída de Relator(a) da Comissão - Sem Parecer Apresentado;2026-02-03;Aguardando Designação - Aguardando Devolução de Relator(a) que deixou de ser Membro;0.6789;TOTAL (2 Termos);0.5987;
2433206;PL 1797/2024;Projeto de Lei;2024-05-14;Dr. Allan Garcês;PP;Estabelece normas gerais para o desenvolvimento, implementação e uso responsável de sistemas de Inteligência Artificial, com o objetivo de proteger os direitos humanos e a garantia de sistemas seguros e confiáveis em benefício da pessoa humana.;https://www.camara.leg.br/proposicoesWeb/prop_mostrarintegra?codteor=2422876;https://www.camara.leg.br/proposicoesWeb/fichadetramitacao?idProposicao=2433206;Diretrizes, uso seguro, Inteligência artificial, sistema de informação, confiabilidade, proteção, direitos humanos. _Alteração, Lei Geral de Proteção de Dados Pessoais (LGPDP) (2018), competência, Autoridade Nacional de Proteção de Dados (ANPD). _Criação, Conselho Nacional sobre Inteligência Artificial.;Notificações;2025-07-08;Tramitando em Conjunto;0.6789;TOTAL (2 Termos);0.5986;
2502776;PL 1963/2025;Projeto de Lei;2025-04-29;Marcos Tavares;PDT;Dispõe sobre a inclusão obrigatória do tema Inteligência Artificial nos currículos do ensino fundamental II e do ensino médio em todas as redes de ensino do país e dá outras providências.;https://www.camara.leg.br/proposicoesWeb/prop_mostrarintegra?codteor=2895425;https://www.camara.leg.br/proposicoesWeb/fichadetramitacao?idProposicao=2502776;Critério, obrigatoriedade, inclusão, currículo escolar, ensino fundamental, ensino médio, conteúdo educativo, inteligência artificial, diretrizes.;Encerramento de Prazo;2025-07-02;Aguardando Parecer;0.6774;TOTAL (2 Termos);0.5968;
2430325;PL 1465/2024;Projeto de Lei;2024-04-26;Júnior Mano;PSB;Estabelece princípios, garantias, direitos e deveres para o desenvolvimento, a implementação e a aplicação da inteligência artificial no Brasil, visando promover sua utilização segura, ética e responsável.;https://www.camara.leg.br/proposicoesWeb/prop_mostrarintegra?codteor=2414736;https://www.camara.leg.br/proposicoesWeb/fichadetramitacao?idProposicao=2430325;Inteligência artificial, princípios, desenvolvimento, aplicação, utilização. _Inteligência artificial, garantia, direitos individuais, usuário, ausência, discriminação, segurança de dados, privacidade. _ Sistema de inteligência artificial, transparência, ética, gestão de riscos. _Deveres, responsabilidade, agente, operador, fornecimento, sistema de inteligência artificial, infração, penalidade administrativa, pena de multa.;Apresentação de Requerimento;2025-08-05;Aguardando Parecer;0.6771;TOTAL (2 Termos);0.5964;
2599301;PL 6708/2025;Projeto de Lei;2025-12-22;Amom Mandel;CIDADANIA;Altera a Lei nº 9.394, de 20 de dezembro de 1996 (Lei de Diretrizes e Bases da Educação Nacional - LDB), para incluir o tema Inteligência Artificial, literacia digital e ética algorítmica como componente curricular transversal obrigatório.;https://www.camara.leg.br/proposicoesWeb/prop_mostrarintegra?codteor=3071973;https://www.camara.leg.br/proposicoesWeb/fichadetramitacao?idProposicao=2599301;Alteração, Lei de Diretrizes e Bases da Educação Nacional (1996), inclusão, Inteligência artificial, Inteligência artificial generativa, Ética digital, Componente curricular, Currículo escolar, Tema transversal, Ensino transdisciplinar, Ensino fundamental, Ensino médio.;Apresentação de Proposição;2025-12-22;Aguardando Despacho do Presidente da Câmara dos Deputados (Chancela);0.6767;TOTAL (2 Termos);0.5959;
2497660;PL 1685/2025;Projeto de Lei;2025-04-14;Carla Zambelli;PL;Dispõe sobre a inclusão na Lei nº 9.610, de 19 de fevereiro de 1998, da regulação da titularidade, autoria, registro, proteção e responsabilidade civil relativas às obras intelectuais geradas por sistemas de Inteligência Artificial (IA).;https://www.camara.leg.br/proposicoesWeb/prop_mostrarintegra?codteor=2886523;https://www.camara.leg.br/proposicoesWeb/fichadetramitacao?idProposicao=2497660;Alteração, Lei dos Direitos Autorais (1998), disciplinamento, criação, registro, autoria, utilização, obra intelectual, Inteligência Artificial Generativa, responsabilidade civil, proteção, Direito autoral, pessoa física, diretrizes.;Recebimento;2025-09-23;Tramitando em Conjunto;0.6757;TOTAL (2 Termos);0.5946;
2600713;PL 240/2026;Projeto de Lei;2026-02-04;Carlos Henrique Gaguim;UNIÃO;Altera a Lei nº 11.326, de 24 de julho de 2006, para instituir sistema informatizado com recursos de inteligência artificial no âmbito da agricultura familiar.;https://www.camara.leg.br/proposicoesWeb/prop_mostrarintegra?codteor=3078303;https://www.camara.leg.br/proposicoesWeb/fichadetramitacao?idProposicao=2600713;Alteração, Lei da Agricultura Familiar (2006), Política Nacional da Agricultura Familiar e Empreendimentos Familiares Rurais, disponibilização, tecnologia, Inteligência artificial generativa,  Agricultura familiar, Empresa familiar rural.;Apresentação de Proposição;2026-02-04;;0.6753;TOTAL (2 Termos);0.5941;
2607218;PL 974/2026;Projeto de Lei;2026-03-05;Rodrigo Gambale;PODE;Estabelece critérios de governança de Agentes de Inteligência Artificial e altera a Lei nº 12.965/2014 (Marco Civil da Internet) e a Lei nº 13.709/2018 (Lei Geral de Protação de Dados Pessoais).;https://www.camara.leg.br/proposicoesWeb/prop_mostrarintegra?codteor=3093347;https://www.camara.leg.br/proposicoesWeb/fichadetramitacao?idProposicao=2607218;Alteração, Marco Civil da Internet (2014), Lei Geral de Proteção de Dados Pessoais (LGPDP) (2018), Sistema de inteligência artificial, Rede social digital, Agente de inteligência artificial, obrigações, cadastro, provedor de aplicações, internet, ausência, autenticidade, conteúdo sintético, perfil falso, robô, impulsionamento de conteúdo, diretrizes, plataforma digital, responsabilidade, responsabilização, Tratamento de dados, Dados pessoais sensíveis, identificação, Inteligência artificial generativa, tecnologia, Desinformação.;Apresentação de Proposição;2026-03-05;Aguardando Despacho do Presidente da Câmara dos Deputados (Chancela);0.6738;TOTAL (2 Termos);0.5923;
2555654;PL 4356/2025;Projeto de Lei;2025-09-02;Romero Rodrigues;PODE;Estabelece normas gerais programáticas, de aplicação em âmbito nacional, para a utilização de tecnologias baseadas em inteligência artificial no âmbito do Sistema Único de Segurança Pública – SUSP, visando à prevenção e à repressão de infrações penais, à proteção de pessoas e bens e à preservação da ordem pública, potencializando a observância dos direitos e garantias fundamentais.;https://www.camara.leg.br/proposicoesWeb/prop_mostrarintegra?codteor=2990573;https://www.camara.leg.br/proposicoesWeb/fichadetramitacao?idProposicao=2555654;Alteração, lei federal, Fundo Nacional de Segurança Pública (FNSP), transferência, recursos, condição, repasse, comprovação, cumprimento, integralidade, tecnologia, inteligência artificial, segurança pública, diretrizes, Sistema Único de Segurança Pública (Susp), solução tecnológica, regulamentação, limitação.;Saída de Relator(a) da Comissão - Sem Parecer Apresentado;2026-02-03;Aguardando Designação - Aguardando Devolução de Relator(a) que deixou de ser Membro;0.6641;TOTAL (2 Termos);0.5801;
2372802;PL 3423/2023;Projeto de Lei;2023-07-05;Caio Vianna;PSD;Altera a Lei nº 7.998, de 11 de janeiro de 1990, para dispor sobre a contribuição voluntária das empresas que façam uso de inteligência artificial para o Fundo de Amparo ao Trabalhador e a concessão do selo “Empresa Amiga do Emprego”.;https://www.camara.leg.br/proposicoesWeb/prop_mostrarintegra?codteor=2297200;https://www.camara.leg.br/proposicoesWeb/fichadetramitacao?idProposicao=2372802;Alteração, Lei do Seguro-Desemprego, recursos, Fundo de Amparo ao Trabalhador (FAT), contribuição voluntária, empresa, inteligência artificial, Educação e formação profissional, empregado, concessão, Selo Empresa Amiga do Emprego.;Aprovação de Requerimento Procedimental;2025-08-27;Pronta para Pauta;0.6628;TOTAL (2 Termos);0.5785;
2579218;PL 5548/2025;Projeto de Lei;2025-10-30;Wellington Roberto;PL;Altera a Lei nº 13.709, de 14 de agosto de 2018 (Lei Geral de Dados Pessoais – LGPD), disciplinando o tratamento de dados preditivos de saúde por sistemas de inteligência artificial e congêneres.;https://www.camara.leg.br/proposicoesWeb/prop_mostrarintegra?codteor=3035106;https://www.camara.leg.br/proposicoesWeb/fichadetramitacao?idProposicao=2579218;Alteração, Lei Geral de Proteção de Dados Pessoais (LGPDP) (2018), Tratamento de dados, Dados pessoais sensíveis, Prontuário médico, Inteligência artificial, Algoritmo, cálculo, Probabilidade e Estatística, Doença, fator de risco, Operadora de plano de assistência à saúde, Instituição financeira, Empregador.;Apresentação de Requerimento;2026-02-23;Aguardando Parecer;0.6610;TOTAL (2 Termos);0.5762;
2625703;PL 2463/2026;Projeto de Lei;2026-05-19;Wellington Roberto;PL;Altera a Lei nº 13.709, de 14 de agosto de 2018 (Lei Geral de Dados Pessoais – LGPD), disciplinando o tratamento de dados preditivos de saúde por sistemas de inteligência artificial e congêneres.;https://www.camara.leg.br/proposicoesWeb/prop_mostrarintegra?codteor=3132170;https://www.camara.leg.br/proposicoesWeb/fichadetramitacao?idProposicao=2625703;Alteração, Lei Geral de Proteção de Dados Pessoais (LGPDP) (2018), regulamentação, análise preditiva, saúde, tratamento de dados, usuário, inteligência artificial generativa, diretrizes.;Apresentação de Proposição;2026-05-19;Aguardando Despacho do Presidente da Câmara dos Deputados (Autorização);0.6610;TOTAL (2 Termos);0.5762;
2411790;PL 5931/2023;Projeto de Lei;2023-12-07;Carlos Chiodini;MDB;Altera a Lei n º 9.504, de 30 de setembro de 1997 (Lei das Eleições) para dispor sobre o uso da inteligência artificial em propaganda eleitoral.;https://www.camara.leg.br/proposicoesWeb/prop_mostrarintegra?codteor=2373073;https://www.camara.leg.br/proposicoesWeb/fichadetramitacao?idProposicao=2411790;Alteração, Lei das Eleições (1997), regulamentação, utilização, inteligência artificial, propaganda eleitoral.;Apresentação de Requerimento;2024-02-06;Tramitando em Conjunto;0.6572;TOTAL (2 Termos);0.5714;
2583896;PL 5800/2025;Projeto de Lei;2025-11-11;Marcos Tavares;PDT;Institui a Lei Nacional de Triagem Preventiva Obrigatória com Inteligência Artificial (IA) no Sistema Único de Saúde (SUS), com o objetivo de integrar sistemas automatizados de análise de exames laboratoriais e de imagem ao e-SUS, visando à detecção precoce de câncer, diabetes e doenças cardiovasculares, e dá outras providências.;https://www.camara.leg.br/proposicoesWeb/prop_mostrarintegra?codteor=3044380;https://www.camara.leg.br/proposicoesWeb/fichadetramitacao?idProposicao=2583896;Criação, Lei Nacional de Triagem Preventiva Obrigatória com Inteligência Artificial - IA, Sistema Único de Saúde (SUS), Diagnóstico precoce, Doença do sistema circulatório, câncer, diabetes, diretrizes.;Apresentação de Proposição;2025-11-11;Aguardando Despacho do Presidente da Câmara dos Deputados (Chancela);0.6541;TOTAL (2 Termos);0.5676;
2601059;PL 323/2026;Projeto de Lei;2026-02-05;Heloísa Helena;REDE;Cria o Fundo Nacional de Inovação, Desenvolvimento, Massificação e Universalização em Educação Digital e Inteligência Artificial (FinEducaDigital).;https://www.camara.leg.br/proposicoesWeb/prop_mostrarintegra?codteor=3078931;https://www.camara.leg.br/proposicoesWeb/fichadetramitacao?idProposicao=2601059;Criação, Fundo de financiamento, incentivo, Inovação tecnológica, desenvolvimento tecnológico, democratização, educação digital, inteligência artificial generativa.;Apresentação de Proposição;2026-02-05;;0.6537;TOTAL (2 Termos);0.5672;
2591093;PL 6102/2025;Projeto de Lei;2025-12-02;Fred Linhares;REPUBLICANOS;Dispõe sobre a obrigatoriedade de identificação, por meio de marca d’água ou sinalização inequívoca, em imagens, vídeos e conteúdos audiovisuais produzidos ou alterados por sistemas de inteligência artificial, e dá outras providências;https://www.camara.leg.br/proposicoesWeb/prop_mostrarintegra?codteor=3057194;https://www.camara.leg.br/proposicoesWeb/fichadetramitacao?idProposicao=2591093;Obrigatoriedade, identificação, sinalização, conteúdo audiovisual, inteligência artificial generativa, diretrizes.;Apresentação de Proposição;2025-12-02;Aguardando Despacho do Presidente da Câmara dos Deputados (Chancela);0.6534;TOTAL (2 Termos);0.5668;
2527320;PL 3003/2025;Projeto de Lei;2025-06-23;Prof. Reginaldo Veras;PV;Dispõe sobre a vedação da substituição de docentes por sistemas de inteligência artificial na educação básica e no ensino superior.;https://www.camara.leg.br/proposicoesWeb/prop_mostrarintegra?codteor=2939361;https://www.camara.leg.br/proposicoesWeb/fichadetramitacao?idProposicao=2527320;Proibição, substituição, professor, educação básica, educação superior, inteligência artificial, critério.;Publicação de Proposição;2025-12-22;Aguardando Designação de Relator(a);0.6527;TOTAL (2 Termos);0.5658;
2490659;PL 1290/2025;Projeto de Lei;2025-03-27;Hildo Rocha;MDB;Altera a Lei nº 9.784, de 29 de janeiro de 1999, para regulamentar o uso da inteligência artificial nos processos administrativos, no âmbito da Administração Pública Federal.;https://www.camara.leg.br/proposicoesWeb/prop_mostrarintegra?codteor=2874393;https://www.camara.leg.br/proposicoesWeb/fichadetramitacao?idProposicao=2490659;Alteração, Lei Geral do Processo Administrativo (1999), regulamentação, utilização, inteligência artificial, processo administrativo, âmbito, Administração federal, diretrizes.;Apresentação de Requerimento;2025-08-05;Aguardando Parecer;0.6520;TOTAL (2 Termos);0.5650;
2619913;PL 2067/2026;Projeto de Lei;2026-04-29;Bacelar;PV;Institui o Fundo Nacional de Transição Tecnológica (FNTT), cria a Contribuição sobre Automação e Inteligência Artificial (CAIA) e estabelece mecanismos de proteção aos trabalhadores deslocados por tecnologias de automação e inteligência artificial.;https://www.camara.leg.br/proposicoesWeb/prop_mostrarintegra?codteor=3120496;https://www.camara.leg.br/proposicoesWeb/fichadetramitacao?idProposicao=2619913;Criação, Fundo Nacional de Transição Tecnológica (FNTT), Contribuição sobre Automação e Inteligência Artificial (CAIA), Renda de Transição Tecnológica (RTT), impacto econômico, automação, Inteligência artificial, processo de trabalho, mercado de trabalho.;Recebimento;2026-06-25;Aguardando Designação de Relator(a);0.6509;TOTAL (2 Termos);0.5637;
2421855;PL 842/2024;Projeto de Lei;2024-03-19;Ruy Carneiro;PODE;Altera a Lei no 12.965, de 23 de abril de 2014 (Marco Civil da Internet), para dispor sobre a obrigatoriedade de que aplicações de internet que se utilizem de mecanismos de inteligência artificial para a geração de conteúdos audiovisuais insiram sinalização nos conteúdos produzidos.;https://www.camara.leg.br/proposicoesWeb/prop_mostrarintegra?codteor=2396789;https://www.camara.leg.br/proposicoesWeb/fichadetramitacao?idProposicao=2421855;Alteração, Marco Civil da Internet (2014), obrigatoriedade, Aviso de alerta, Aplicação de internet, utilização, Inteligência artificial, Conteúdo audiovisual, Crime cibernético, Rede social digital;Recebimento;2024-03-25;Tramitando em Conjunto;0.6487;TOTAL (2 Termos);0.5608;
2607741;PL 1074/2026;Projeto de Lei;2026-03-10;Caio Vianna;PSD;"Institui medidas de incentivo ao desenvolvimento de sistemas de inteligência artificial brasileiros; altera a Lei nº 11.196, de 21 de novembro de 2005, e a Lei nº 11.540, de 12 de novembro de 2007.";https://www.camara.leg.br/proposicoesWeb/prop_mostrarintegra?codteor=3094690;https://www.camara.leg.br/proposicoesWeb/fichadetramitacao?idProposicao=2607741;Alteração, Lei do Bem (2005), Lei federal, Fundo Nacional de Desenvolvimento Científico e Tecnológico (FNDCT), concessão, incentivo fiscal, financiamento, empresa, desenvolvimento, inteligência artificial generativa, território nacional, produção nacional, soberania nacional, não incidência, Contribuição para os Programas de Integração Social e de Formação do Patrimônio do Servidor Público (Contribuição PIS-Pasep), Contribuição para Financiamento da Seguridade Social (Cofins), Imposto de Renda das Pessoas Jurídicas (IRPJ), Contribuição Social sobre o Lucro Líquido (CSLL), crédito tributário, tributação, benefício fiscal.;Apresentação de Proposição;2026-03-10;Aguardando Chancela e Publicação do Despacho;0.6472;TOTAL (2 Termos);0.5590;
2559965;PL 4522/2025;Projeto de Lei;2025-09-10;Camila Jara;PT;Dispõe sobre diretrizes e critérios para o cumprimento dos protocolos do Conselho Federal de Psicologia no âmbito do uso de sistemas de inteligência artificial generativa de uso conversacional (IAg-C).;https://www.camara.leg.br/proposicoesWeb/prop_mostrarintegra?codteor=2998075;https://www.camara.leg.br/proposicoesWeb/fichadetramitacao?idProposicao=2559965;Critério, cumprimento, protocolo, Conselho Federal de Psicologia (CFP), usuário, utilização, Inteligência artificial generativa, Tratamento psicológico, saúde mental, diretrizes.;Apensação;2025-11-10;Tramitando em Conjunto;0.6468;TOTAL (2 Termos);0.5584;
2592508;PL 6172/2025;Projeto de Lei;2025-12-03;Zé Neto;PT;Dispõe sobre tutela dos autores de obras artísticas, científicas e literárias criadas a partir de sistemas de inteligência artificial e estabelece critérios para a produção e divulgação de conteúdos sintéticos.;https://www.camara.leg.br/proposicoesWeb/prop_mostrarintegra?codteor=3059720;https://www.camara.leg.br/proposicoesWeb/fichadetramitacao?idProposicao=2592508;Regulamentação, Direito autoral, Obra gerada por inteligência artificial, Propriedade intelectual, litígio, titularidade.;Apresentação de Proposição;2025-12-03;Aguardando Despacho do Presidente da Câmara dos Deputados (Chancela);0.6448;TOTAL (2 Termos);0.5560;
2519991;PL 2687/2025;Projeto de Lei;2025-06-02;João Daniel;PT;Altera o Decreto-Lei nº 2.848, de 7 de dezembro de 1940 (Código Penal), para tipificar como crime a omissão de identificação de conteúdo hiper-realista gerado por inteligência artificial com potencial de enganar terceiros.;https://www.camara.leg.br/proposicoesWeb/prop_mostrarintegra?codteor=2924692;https://www.camara.leg.br/proposicoesWeb/fichadetramitacao?idProposicao=2519991;Alteração, Código Penal (1940), Tipificação de conduta, Crime, omissão, identificação, Conteúdo audiovisual, Conteúdo digital, criação, Inteligência artificial, Deepfake.;Publicação de Proposição;2025-06-26;Aguardando Designação de Relator(a);0.6447;TOTAL (2 Termos);0.5559;
2598988;PL 6621/2025;Projeto de Lei;2025-12-22;Mersinho Lucena;PP;Institui o Sistema Nacional de Inteligência Pública (SNIP), destinado ao uso ético e integrado de tecnologias de inteligência artificial na formulação, execução e avaliação de políticas públicas, e dá outras providências.;https://www.camara.leg.br/proposicoesWeb/prop_mostrarintegra?codteor=3071616;https://www.camara.leg.br/proposicoesWeb/fichadetramitacao?idProposicao=2598988;Criação, Sistema Nacional de Inteligência Pública (SNIP), utilização, Inteligência artificial, gestão pública, gestão estratégica, dados, aprimoramento, formulação, avaliação, política pública, diretrizes, Tecnologia, algoritmo, Transparência algorítmica.;Recebimento;2026-02-23;Aguardando Designação de Relator(a);0.6446;TOTAL (2 Termos);0.5558;
2589443;PL 6036/2025;Projeto de Lei;2025-11-28;Ricardo Abrão;UNIÃO;Estabelece normas gerais para identificação obrigatória de conteúdos produzidos total ou parcialmente por sistemas de Inteligência Artificial, cria o Selo Nacional de Conteúdo Sintético, dispõe sobre deveres de transparência das plataformas digitais, define mecanismos de detecção automática, obriga declaração de uso de IA por usuários, estabelece responsabilidades e penalidades, assegura proteção ao consumidor e ao processo democrático, altera a Lei nº 12.965, de 23 de abril de 2014 (Marco Civil da Internet), e a Lei nº 13.709, de 14 de agosto de 2018 (Lei Geral de Proteção de Dados), e dá outras providências.;https://www.camara.leg.br/proposicoesWeb/prop_mostrarintegra?codteor=3054879;https://www.camara.leg.br/proposicoesWeb/fichadetramitacao?idProposicao=2589443;Alteração, Marco Civil da Internet (2014), Lei Geral de Proteção de Dados Pessoais (LGPDP) (2018), critério, obrigatoriedade, identificação, conteúdo audiovisual, conteúdo digital, procedência, inteligência artificial, criação, Selo Nacional de Conteúdo Sintético (SNCS), dever de transparência, plataforma digital, meios, detecção,  proteção, consumidor, direito do consumidor, democracia, diretrizes.;Apresentação de Proposição;2025-11-28;Aguardando Despacho do Presidente da Câmara dos Deputados (Chancela);0.6441;TOTAL (2 Termos);0.5552;
2594540;PL 6270/2025;Projeto de Lei;2025-12-09;Amom Mandel;CIDADANIA;Dispõe sobre o aprimoramento das ações de fomento à escrita humana, ao pensamento crítico e à utilização ética da inteligência artificial no território nacional, e estabelece diretrizes para a educação, a pesquisa e a regulamentação tecnológica.;https://www.camara.leg.br/proposicoesWeb/prop_mostrarintegra?codteor=3063960;https://www.camara.leg.br/proposicoesWeb/fichadetramitacao?idProposicao=2594540;Diretrizes, ente federado, educação, pesquisa e desenvolvimento, incentivo, escrita, pensamento, análise, utilização, inteligência artificial, ética digital.;Apresentação de Proposição;2025-12-09;Aguardando Despacho do Presidente da Câmara dos Deputados (Chancela);0.6415;TOTAL (2 Termos);0.5519;
2528688;PL 3091/2025;Projeto de Lei;2025-06-26;Fabio Schiochet;UNIÃO;Altera a Lei nº 8.078, de 11 de setembro de 1990 (Código de Defesa do Consumidor), para vedar, no âmbito das relações de consumo, o uso de conteúdos gerados por inteligência artificial que simulem, de forma realista, profissionais da saúde, autoridades públicas ou especialistas, com o objetivo de influenciar decisões de compra, adesão ou consumo.;https://www.camara.leg.br/proposicoesWeb/prop_mostrarintegra?codteor=2942701;https://www.camara.leg.br/proposicoesWeb/fichadetramitacao?idProposicao=2528688;Alteração, Código de Defesa do Consumidor (1990), critério, proibição, utilização, representação, profissional de saúde, utoridade pública, Autoridade, inteligência artificial, finalidade, influência, decisão, compra, adesão, consumo.;Encerramento de Prazo;2025-10-16;Aguardando Parecer;0.6391;TOTAL (2 Termos);0.5489;
2418485;PL 390/2024;Projeto de Lei;2024-02-22;Camila Jara;PT;Altera a Lei nº 10.406 de 10 de janeiro de 2002 (Código Civil), para reconhecer como fraude anúncios de produtos falsos e golpes financeiros, que envolvam o uso manipulado por inteligência artificial da imagem e voz de pessoas.;https://www.camara.leg.br/proposicoesWeb/prop_mostrarintegra?codteor=2388831;https://www.camara.leg.br/proposicoesWeb/fichadetramitacao?idProposicao=2418485;Alteração, Código Civil (2002), Ato ilícito, fraude, Meio eletrônico, anúncio online, golpe financeiro, utilização, Inteligência artificial, diretrizes.;Saída de Relator(a) da Comissão - Com Parecer Apresentado;2025-03-19;Aguardando Designação de Relator(a);0.6373;TOTAL (2 Termos);0.5467;
2606324;PL 904/2026;Projeto de Lei;2026-03-03;Rubens Pereira Júnior;PT;Institui normas de responsabilidade, transparência e auditabilidade para sistemas de inteligência artificial de alto impacto e dá outras providências.;https://www.camara.leg.br/proposicoesWeb/prop_mostrarintegra?codteor=3091458;https://www.camara.leg.br/proposicoesWeb/fichadetramitacao?idProposicao=2606324;Regulamentação,  responsabilidade, transparência, fiscalização, auditoria, inteligência artificial generativa, impacto social, diretrizes. _Alteração, Código de Defesa do Consumidor (1990), Lei Geral de Proteção de Dados Pessoais (LGPDP), (2018)Marco Civil da Internet (2014), Lei Geral do Processo Administrativo (1999),;Apresentação de Proposição;2026-03-03;Aguardando Despacho do Presidente da Câmara dos Deputados (Chancela);0.6356;TOTAL (2 Termos);0.5445;
2507228;PL 2225/2025;Projeto de Lei;2025-05-09;Helio Lopes;PL;Dispõe sobre a criação da Política Nacional de Formação e Capacitação de Professores da Educação Básica em Inteligência Artificial como Assistente Pedagógico para o Desenvolvimento do Ensino e Aprendizagem e dá outras providências.;https://www.camara.leg.br/proposicoesWeb/prop_mostrarintegra?codteor=2903061;https://www.camara.leg.br/proposicoesWeb/fichadetramitacao?idProposicao=2507228;Criação, Política Nacional de Formação e Capacitação de Professores da Educação Básica em Inteligência Artificial como Assistente Pedagógico, diretrizes, educação e formação profissional, professor, educação básica, profissional da educação, educação digital, tecnologia, inclusão digital.;Encerramento de Prazo;2025-07-02;Aguardando Parecer;0.6350;TOTAL (2 Termos);0.5437;
2415560;PL 6119/2023;Projeto de Lei;2023-12-20;Kim Kataguiri;UNIÃO;Altera o Decreto-Lei nº 2848, de 07 de dezembro de 1940 – Código Penal, para dispor sobre o uso fraudulento de inteligência artificial.;https://www.camara.leg.br/proposicoesWeb/prop_mostrarintegra?codteor=2380072;https://www.camara.leg.br/proposicoesWeb/fichadetramitacao?idProposicao=2415560;Alteração, Código Penal (1940), Crime contra o patrimônio, tipicidade penal, Fraude publicitária com uso de inteligência artificial.;Recebimento;2025-07-28;Aguardando Designação de Relator(a);0.6338;PARCIAL (1 Termo);0.6673;
2599746;PL 7137/2025;Projeto de Lei;2025-12-22;Amom Mandel;CIDADANIA;Altera a Lei nº 9.394, de 20 de dezembro de 1996 (Lei de Diretrizes e Bases da Educação Nacional), para incluir a literacia e cidadania digital, com ênfase em Inteligência Artificial, como tema transversal na educação básica e superior da rede pública de ensino.;https://www.camara.leg.br/proposicoesWeb/prop_mostrarintegra?codteor=3072678;https://www.camara.leg.br/proposicoesWeb/fichadetramitacao?idProposicao=2599746;Alteração, Lei de Diretrizes e Bases da Educação Nacional (1996), inclusão, currículo escolar, conteúdo educativo, Inteligência artificial generativa, inclusão digital.;Apresentação de Proposição;2025-12-22;Aguardando Despacho do Presidente da Câmara dos Deputados (Chancela);0.6313;TOTAL (2 Termos);0.5391;
2486482;PL 898/2025;Projeto de Lei;2025-03-11;Helio Lopes;PL;Institui a Lei de Incentivo à Pesquisa e Desenvolvimento da Inteligência Artificial no Brasil e dá outras providências.;https://www.camara.leg.br/proposicoesWeb/prop_mostrarintegra?codteor=2865103;https://www.camara.leg.br/proposicoesWeb/fichadetramitacao?idProposicao=2486482;Criação, Ação governamental, destinação, Recursos financeiros, fomento, incentivo, Pesquisa científica, Pesquisa acadêmica, Inovação tecnológica, Desenvolvimento tecnológico, Inteligência artificial.;Encerramento de Prazo;2026-02-10;Aguardando Designação de Relator(a);0.6261;PARCIAL (1 Termo);0.6576;
2597476;PL 6479/2025;Projeto de Lei;2025-12-16;Jorge Solla;PT;Dispõe sobre a proteção da identidade pessoal digital frente a tecnologias de inteligência artificial e representações sintéticas de identidade, estabelece direitos da personalidade e regras para a utilização econômica de atributos corporais e expressivos, disciplina deveres de plataformas digitais, e dá outras providências.;https://www.camara.leg.br/proposicoesWeb/prop_mostrarintegra?codteor=3069092;https://www.camara.leg.br/proposicoesWeb/fichadetramitacao?idProposicao=2597476;Diretrizes, proteção, Identidade digital, Dados pessoais, utilização indevida, Inteligência artificial, responsabilidade, Plataforma digital.;Apresentação de Proposição;2025-12-16;Aguardando Chancela e Publicação do Despacho;0.6247;TOTAL (2 Termos);0.5309;
2507224;PL 2224/2025;Projeto de Lei;2025-05-09;Helio Lopes;PL;Institui a Política Nacional de Educação em Inteligência Artificial e Ciência da Computação, visando à modernização do ensino, à capacitação de estudantes e professores, e ao desenvolvimento socioeconômico e tecnológico do País.;https://www.camara.leg.br/proposicoesWeb/prop_mostrarintegra?codteor=2903057;https://www.camara.leg.br/proposicoesWeb/fichadetramitacao?idProposicao=2507224;Criação, Política Nacional de Educação em Inteligência Artificial e Ciência da Computação, diretrizes, educação digital, letramento algorítmico, desenvolvimento tecnológico.;Encerramento de Prazo;2025-06-26;Aguardando Parecer;0.6243;TOTAL (2 Termos);0.5304;
2477011;PL 4758/2024;Projeto de Lei;2024-12-09;Yury do Paredão;MDB;Dispõe sobre a inclusão da disciplina de Inteligência Artificial – IA, no currículo da educação básica e do ensino médio, e dá outras providências.;https://www.camara.leg.br/proposicoesWeb/prop_mostrarintegra?codteor=2836355;https://www.camara.leg.br/proposicoesWeb/fichadetramitacao?idProposicao=2477011;Inclusão, Disciplina (educação), Currículo escolar, Componente curricular, Educação básica, Ensino médio, Inteligência artificial.;Publicação de Proposição;2025-03-14;Tramitando em Conjunto;0.6241;PARCIAL (1 Termo);0.6551;
2601941;PL 428/2026;Projeto de Lei;2026-02-10;Chris Tonietto;PL;Altera o § 2º-A do art. 171 do Decreto-Lei nº 2.848, de 7 de dezembro de 1940 (Código Penal), passando a prever como modalidade de fraude eletrônica aquela cometida mediante uso de imagens, vídeos ou áudios gerados por inteligência artificial.;https://www.camara.leg.br/proposicoesWeb/prop_mostrarintegra?codteor=3080829;https://www.camara.leg.br/proposicoesWeb/fichadetramitacao?idProposicao=2601941;Alteração, Código Penal (1940), crime contra o patrimônio, tipificação de conduta, tipicidade penal, fraude eletrônica, estelionato, obtenção, dados pessoais, ambiente virtual, persuasão (psicologia), vítima, rede social digital, conteúdo digital, inteligência artificial generativa.;Apresentação de Proposição;2026-02-10;;0.6237;TOTAL (2 Termos);0.5296;
2577251;PL 5433/2025;Projeto de Lei;2025-10-28;Antonio Carlos Rodrigues;PL;Estabelece diretrizes nacionais para o uso de sistemas de inteligência artificial na área da saúde, com vistas à segurança do paciente, à qualidade assistencial, à transparência, à responsabilização e à proteção de dados pessoais.;https://www.camara.leg.br/proposicoesWeb/prop_mostrarintegra?codteor=3031315;https://www.camara.leg.br/proposicoesWeb/fichadetramitacao?idProposicao=2577251;Regulamentação, utilização, inteligência artificial, Saúde, diretrizes.;Apresentação de Proposição;2025-10-28;Aguardando Despacho do Presidente da Câmara dos Deputados (Chancela);0.6228;TOTAL (2 Termos);0.5285;
2631787;PL 3060/2026;Projeto de Lei;2026-06-11;Fernanda Melchionna;PSOL;"Estabelece complementações ao regime nacional de governança da inteligência artificial, em matéria de deveres dos administradores de pessoas jurídicas privadas, tratamento diferenciado das micro, pequenas e médias empresas, soberania jurisdicional dos registros técnicos, tutela reforçada contra discriminação algorítmica e articulação institucional com as profissões reguladas; e dá outras providências.";https://www.camara.leg.br/proposicoesWeb/prop_mostrarintegra?codteor=3145229;https://www.camara.leg.br/proposicoesWeb/fichadetramitacao?idProposicao=2631787;Regulamentação, Sistema de inteligência artificial, algoritmo, tecnologia, obrigações, pessoa jurídica de direito privado, decisão automatizada, empresa, responsabilidade, Administrador, Avaliação de Impacto de Discriminação Algorítmica (AIDA), monitoramento, articulação, profissão regulamentada, Agência Nacional de Proteção de Dados (ANPD), auditoria, local, proteção, Pequena empresa, Média empresa, Pessoa em situação de vulnerabilidade social, transparência.;Apresentação de Proposição;2026-06-11;Aguardando Autorização do Despacho;0.6222;TOTAL (2 Termos);0.5278;
2630042;PL 2873/2026;Projeto de Lei;2026-06-03;Ribeiro Neto;PRD;Institui a Política Nacional de Inclusão Digital e Inteligência Artificial para a Agricultura Familiar – AGROFAMÍLIA 5.0.;https://www.camara.leg.br/proposicoesWeb/prop_mostrarintegra?codteor=3142033;https://www.camara.leg.br/proposicoesWeb/fichadetramitacao?idProposicao=2630042;Criação, política pública, incentivo, acesso, agricultor familiar, agricultura familiar, tecnologia digital, infraestrutura de conectividade, inovação tecnológica, inteligência artificial generativa, desenvolvimento sustentável, área rural, diretrizes.;Apresentação de Proposição;2026-06-03;Aguardando Chancela e Publicação do Despacho;0.6176;TOTAL (2 Termos);0.5220;
2626607;PL 2543/2026;Projeto de Lei;2026-05-20;Alberto Fraga;PL;Dispõe sobre a prevenção, a identificação, a vedação e a repressão a ataques de injeção de “prompt” e outras formas de manipulação maliciosa em sistemas de inteligência artificial utilizados no âmbito de processos judiciais ou administrativos, inclui o art. 347-A no Decreto-lei nº 2.848, de 07 de dezembro de 1940 – Código Penal, e dá outras providências.;https://www.camara.leg.br/proposicoesWeb/prop_mostrarintegra?codteor=3133759;https://www.camara.leg.br/proposicoesWeb/fichadetramitacao?idProposicao=2626607;Alteração, Código Penal (1940), tipificação de conduta, tipicidade penal, Manipulação fraudulenta de sistema de inteligência artificial, processo judicial, processo administrativo, aumento da pena, agravação penal.;Publicação de Proposição;2026-07-02;Aguardando Designação de Relator(a);0.6151;TOTAL (2 Termos);0.5188;
2612814;PL 1523/2026;Projeto de Lei;2026-03-30;Rubens Pereira Júnior;PT;"Estabelece princípios, deveres e medidas de responsabilidade, transparência e equidade para sistemas de inteligência artificial; obriga classificação por risco e institui avaliação prévia pública de impacto de discriminação algorítmica; impõe requisitos de transparência de bases de dados e métricas por subgrupos, governança, diversidade técnica e de decisão, direito de revisão humana e mecanismos de contestação de decisões automatizadas; proíbe uso discriminatório de características protegidas salvo justificativa técnica e autorização regulatória; disciplina auditorias independentes periódicas, registro público de modelos de alto risco e sanções administrativas por descumprimento; e dá outras providências.";https://www.camara.leg.br/proposicoesWeb/prop_mostrarintegra?codteor=3106945;https://www.camara.leg.br/proposicoesWeb/fichadetramitacao?idProposicao=2612814;"Regime jurídico, responsabilidade, transparência, equidade, Sistema de inteligência artificial, Gerenciamento de risco, Avaliação de Impacto de Discriminação Algorítmica (AIDA), Transparência algorítmica, 
Revisão humana, decisão automatizada, proibição, utilização indevida, Inteligência artificial, discriminação, agência reguladora, Agência Nacional de Proteção de Dados (ANPD), auditoria, licitação, contratação pública, sanção administrativa, descumprimento.";Apresentação de Proposição;2026-03-30;;0.6149;TOTAL (2 Termos);0.5186;
2555890;PL 4369/2025;Projeto de Lei;2025-09-02;Marcos Tavares;PDT;Institui a obrigatoriedade do uso de câmeras corporais inteligentes, integradas a sistemas de Inteligência Artificial, pelas Polícias Militares e Civis em todo o território nacional, e dá outras providências.;https://www.camara.leg.br/proposicoesWeb/prop_mostrarintegra?codteor=2990836;https://www.camara.leg.br/proposicoesWeb/fichadetramitacao?idProposicao=2555890;Obrigatoriedade, Câmera corporal, integração, Sistema de inteligência artificial, Policial, diretrizes.;Encerramento de Prazo;2026-02-09;Aguardando Parecer;0.6140;TOTAL (2 Termos);0.5175;
2418314;PL 349/2024;Projeto de Lei;2024-02-21;Maria Rosas;REPUBLICANOS;Institui campanha de prevenção e combate aos crimes digitais contra crianças, adolescentes e pessoas com deficiência praticados com o suporte de ferramentas de inteligência artificial.;https://www.camara.leg.br/proposicoesWeb/prop_mostrarintegra?codteor=2388131;https://www.camara.leg.br/proposicoesWeb/fichadetramitacao?idProposicao=2418314;Criação, Campanha de Conscientização e Prevenção contra Crimes Cibernéticos, Cometidos por meio do Uso Indevido da Inteligência Artificial, contra Crianças e Adolescentes, pessoa com deficiência, diretrizes.;Notificacao para Publicação Intermediária;2025-12-15;;0.6092;TOTAL (2 Termos);0.5115;
2609022;PL 1175/2026;Projeto de Lei;2026-03-16;Caroline de Toni;PL;Altera a Lei nº 9.503, de 23 de setembro de 1997 (Código de Trânsito Brasileiro), para vedar a utilização de drones, satélites e sistemas baseados em inteligência artificial para aplicação exclusiva de multas de trânsito.;https://www.camara.leg.br/proposicoesWeb/prop_mostrarintegra?codteor=3097959;https://www.camara.leg.br/proposicoesWeb/fichadetramitacao?idProposicao=2609022;Alteração, Código de Trânsito Brasileiro (1997), proibição, utilização, Veículo Aéreo Não Tripulado (VANT), satélite artificial, inteligência artificial, aplicação, multa de trânsito.;Apresentação de Proposição;2026-03-16;Aguardando Chancela e Publicação do Despacho;0.6086;TOTAL (2 Termos);0.5107;
2464691;PL 4089/2024;Projeto de Lei;2024-10-25;Marcos Tavares;PDT;Dispõe sobre a proteção dos direitos dos consumidores no uso de produtos e serviços que utilizam Inteligência Artificial (IA), estabelecendo diretrizes para garantir transparência, equidade e o respeito à privacidade dos usuários.;https://www.camara.leg.br/proposicoesWeb/prop_mostrarintegra?codteor=2490822;https://www.camara.leg.br/proposicoesWeb/fichadetramitacao?idProposicao=2464691;Defesa do consumidor, utilização, inteligência artificial, tecnologia, diretrizes, transparência.;Devolução ao(à) Relator(a);2026-02-04;Aguardando Parecer;0.6072;TOTAL (2 Termos);0.5090;
2417362;PL 177/2024;Projeto de Lei;2024-02-06;Saullo Vianna;UNIÃO;“Institui a Campanha de Conscientização e Prevenção contra Crimes Cibernéticos, cometidos por meio do uso indevido da inteligência artificial, contra crianças e adolescentes.”;https://www.camara.leg.br/proposicoesWeb/prop_mostrarintegra?codteor=2385470;https://www.camara.leg.br/proposicoesWeb/fichadetramitacao?idProposicao=2417362;Criação, Campanha de Conscientização e Prevenção contra Crimes Cibernéticos, Cometidos por meio do Uso Indevido da Inteligência Artificial, contra Crianças e Adolescentes, diretrizes.;Abertura de Prazo;2025-12-16;Aguardando Parecer;0.6065;TOTAL (2 Termos);0.5081;
2520003;PL 2688/2025;Projeto de Lei;2025-06-02;João Daniel;PT;Institui o Marco Regulatório do Desenvolvimento e Uso da Inteligência Artificial no Brasil, estabelece direitos, deveres, princípios, mecanismos de governança, normas de transparência e responsabilidade civil e penal, e dá outras providências.;https://www.camara.leg.br/proposicoesWeb/prop_mostrarintegra?codteor=2924713;https://www.camara.leg.br/proposicoesWeb/fichadetramitacao?idProposicao=2520003;Criação, Marco regulatório, desenvovlimento, utilização, Inteligência artificial, diretrizes, Governança, transparência, Responsabilidade civil, Responsabilidade penal, proteção, Dados pessoais, Plataforma digital.;Parecer do(a) Relator(a);2026-02-11;Pronta para Pauta;0.6060;TOTAL (2 Termos);0.5075;
994679;PL 645/2015;Projeto de Lei;2015-03-10;Raul Jungmann;PPS;"Altera o Art. 6º da Lei nº 9.883, de 7 de dezembro de 1999, que ""Institui o Sistema Brasileiro de Inteligência - ABIN, e dá outras providências"",  para criar a Controladoria das Atividades de Inteligência.";https://www.camara.leg.br/proposicoesWeb/prop_mostrarintegra?codteor=1307647;https://www.camara.leg.br/proposicoesWeb/fichadetramitacao?idProposicao=994679;Alteração, Lei da ABIN, criação, Controladoria das Atividades de Inteligência, objetivo, fiscalização, atividade de inteligência.;Notificações;2024-07-19;Tramitando em Conjunto;0.6060;PARCIAL (1 Termo);0.6324;
2599305;PL 6712/2025;Projeto de Lei;2025-12-22;Amom Mandel;CIDADANIA;Estabelece a obrigatoriedade de identificação prévia de chamadas telefônicas automatizadas e de ligações realizadas por sistemas de inteligência artificial, e dá outras providências.;https://www.camara.leg.br/proposicoesWeb/prop_mostrarintegra?codteor=3072077;https://www.camara.leg.br/proposicoesWeb/fichadetramitacao?idProposicao=2599305;Obrigatoriedade, identificação, Ligação telefônica, Identificador de chamadas, Robocall, Telemarketing, Inteligência artificial.;Apresentação de Proposição;2025-12-22;Aguardando Chancela e Publicação do Despacho;0.6056;PARCIAL (1 Termo);0.6320;
2457308;PL 3488/2024;Projeto de Lei;2024-09-09;Alexandre Guimarães;MDB;Altera a Lei nº 12.965, de 23 de abril de 2014 e o Decreto-Lei nº 2.848, de 7 de dezembro de 1940 (Código Penal), no intuito de coibir a criação e divulgação de falso vídeo ou imagem sexualmente explícita e não consensual, produzido por meio de inteligência artificial.;https://www.camara.leg.br/proposicoesWeb/prop_mostrarintegra?codteor=2474480;https://www.camara.leg.br/proposicoesWeb/fichadetramitacao?idProposicao=2457308;Alteração, Marco Civil da Internet (2014), Código Penal (1940), proibição, criação, divulgação, imagem íntima, vídeo íntimo, inteligência artificial, deepfake, deep nude, responsabilidade, provedor de aplicações, internet, remoção de conteúdo, campanha educativa, proteção, vítima, diretrizes, Exposição de intimidade sexual, Registro não autorizado da intimidade sexual, aumento da pena.;Publicação de Proposição;2025-05-15;Aguardando Designação de Relator(a);0.6047;TOTAL (2 Termos);0.5059;
2556998;PL 4416/2025;Projeto de Lei;2025-09-03;Aureo Ribeiro;SOLIDARIEDADE;Altera a Lei nº 13.819, de 26 de abril de 2019, que institui a Política Nacional de Prevenção da Automutilação e do Suicídio, para instituir salvaguardas obrigatórias em sistemas de inteligência artificial.;https://www.camara.leg.br/proposicoesWeb/prop_mostrarintegra?codteor=2992652;https://www.camara.leg.br/proposicoesWeb/fichadetramitacao?idProposicao=2556998;Alteração, Política Nacional de Prevenção da Automutilação e do Suicídio, Lei Federal, obrigatoriedade, empresa, inteligência artificial generativa, critério, identificação, registro, notificação, referência, suicídio, automutilação, diretrizes.;Apensação;2025-11-10;Tramitando em Conjunto;0.6039;TOTAL (2 Termos);0.5048;
2636062;PL 3392/2026;Projeto de Lei;2026-07-01;Rubens Pereira Júnior;PT;"Estabelece normas mínimas de segurança, governança, rastreabilidade e responsabilização para o uso de sistemas de inteligência artificial em procedimentos judiciais eletrônicos; obriga higienização de entrada, encapsulamento e pré?filtragem de documentos, registro de logs de rastreabilidade, adoção de contratos de resposta e prompting por etapas, supervisão humana qualificada, diagnósticos de risco, auditorias periódicas e medidas de proteção contra envenenamento de bases; impõe obrigação de comunicação de suspeita de prompt injection ao juízo, ao Conselho Nacional de Justiça (CNJ) e às autoridades competentes; prevê sanções administrativas, civis e penais quando cabíveis; fixa prazo máximo de implementação e confere competência de fiscalização ao CNJ; e dá outras providências.";https://www.camara.leg.br/proposicoesWeb/prop_mostrarintegra?codteor=3154796;https://www.camara.leg.br/proposicoesWeb/fichadetramitacao?idProposicao=2636062;Alteração, Lei do Processo Judicial Eletrônico (2006), Código de Processo Civil (2015), Regulamentação, Manipulação fraudulenta de sistema de inteligência artificial, Processo judicial eletrônico, Poder Judiciário, sugestão, decisão automatizada, revisão humana, algoritmo, banco de dados, contrato, auditoria, perícia, obrigatoriedade, capacitação, diretrizes.;Apresentação de Proposição;2026-07-01;;0.6035;TOTAL (2 Termos);0.5044;
2612845;PL 1528/2026;Projeto de Lei;2026-03-30;Rubens Pereira Júnior;PT;"Dispõe sobre transparência, identificação e responsabilização de conteúdos gerados ou manipulados por sistemas de inteligência artificial, estabelecendo obrigações de marcação técnica e visual, manutenção de registros de proveniência, rotulagem reforçada para deepfakes e conteúdos multimodais, deveres de governança e cooperação com autoridades para investigação de danos, proteção de dados pessoais e salvaguardas à liberdade de expressão; delega à autoridade federal técnica a definição de padrões de interoperabilidade, protocolos forenses e cronograma de implementação; e dá outras providências";https://www.camara.leg.br/proposicoesWeb/prop_mostrarintegra?codteor=3106977;https://www.camara.leg.br/proposicoesWeb/fichadetramitacao?idProposicao=2612845;Diretrizes, identificação, conteúdo sintético, inteligência artificial, Transparência algorítmica, responsabilização, Plataforma digital, Big techs, preservação, metadados, dados pessoais, fiscalização, conteúdo digital, Deepfake. _ Alteração, Marco Civil da Internet (2014), responsabilidade, provedor de aplicações. _Alteração, Lei Geral de Proteção de Dados Pessoais (LGPDP) (2018), critério, tratamento de dados. _Alteração, Código de Defesa do Consumidor (1990), Prática abusiva, omissão, informação, conteúdo sintético.;Apresentação de Proposição;2026-03-30;;0.6034;TOTAL (2 Termos);0.5042;
2603749;PL 649/2026;Projeto de Lei;2026-02-23;Marcos Tavares;PDT;Institui a obrigatoriedade de utilização de câmeras corporais e veiculares dotadas de Inteligência Artificial para reconhecimento facial e leitura automática de placas de veículos, integradas exclusivamente a bancos oficiais de mandados de prisão e restrição judicial, estabelece regras de governança algorítmica, proteção de dados, auditoria independente e responsabilização funcional, e dá outras providências.;https://www.camara.leg.br/proposicoesWeb/prop_mostrarintegra?codteor=3085934;https://www.camara.leg.br/proposicoesWeb/fichadetramitacao?idProposicao=2603749;Obrigatoriedade, câmera corporal, inteligência artificial, reconhecimento facial, recaptura de foragido, leitura, placa de identificação de veículo automotor, transparência algorítmica, tratamento de dados, diretrizes, segurança pública, tecnologia.;Apresentação de Proposição;2026-02-23;;0.6032;TOTAL (2 Termos);0.5039;
2527110;PL 2983/2025;Projeto de Lei;2025-06-18;Prof. Reginaldo Veras;PV;Dispõe sobre a obrigatoriedade de identificação de conteúdos audiovisuais gerados por inteligência artificial e estabelece medidas para proteção dos consumidores digitais.;https://www.camara.leg.br/proposicoesWeb/prop_mostrarintegra?codteor=2938663;https://www.camara.leg.br/proposicoesWeb/fichadetramitacao?idProposicao=2527110;Obrigatoriedade, Identificação visual, Conteúdo digital, criação, geração, Inteligência artificial, proteção, Consumidor, incentivo, Educação midiática.;Recebimento;2025-09-23;Tramitando em Conjunto;0.6028;TOTAL (2 Termos);0.5035;
2600015;PL 19/2026;Projeto de Lei;2026-02-02;Carlos Zarattini;PT;Estabelece condições, deveres e restrições ao uso de óculos inteligentes com recursos de inteligência artificial, altera a Lei nº 9.503, de 23 de setembro de 1997 (Código de Trânsito Brasileiro) e o Decreto-Lei nº 2.848, de 7 de dezembro de 1940 (Código Penal), e dá outras providências.;https://www.camara.leg.br/proposicoesWeb/prop_mostrarintegra?codteor=3075824;https://www.camara.leg.br/proposicoesWeb/fichadetramitacao?idProposicao=2600015;Regulamentação, utilização, óculos, inteligência artificial, proteção, dados pessoais, direito à privacidade, segurança pública, responsabilidade civil, fiscalização, diretrizes. _Alteração, Código de Trânsito Brasileiro (1997), descumprimento, infração de trânsito, Código Penal (1940), tipificação de conduta, pena.;Apresentação de Proposição;2026-02-02;Aguardando Chancela e Publicação do Despacho;0.6008;TOTAL (2 Termos);0.5010;
2409286;PL 5859/2023;Projeto de Lei;2023-12-05;Felipe Francischini;UNIÃO;Proíbe o uso de Aplicativos e Programas de Inteligência Artificial para criação de “Deep Nudes” e dá outras providências.;https://www.camara.leg.br/proposicoesWeb/prop_mostrarintegra?codteor=2369677;https://www.camara.leg.br/proposicoesWeb/fichadetramitacao?idProposicao=2409286;Proibição, desenvolvimento, distribuição, venda, promoção, utilização, aplicativo, inteligência artificial, deep nude. _Desobediência, infração, sanção, multa.;Recebimento;2025-06-23;Tramitando em Conjunto;0.5981;TOTAL (2 Termos);0.4976;
2541086;PL 3783/2025;Projeto de Lei;2025-08-06;Prof. Reginaldo Veras;PV;Dispõe sobre a obrigatoriedade de advertências, recomendações etárias e limites de uso consciente de ferramentas de inteligência artificial, com foco na prevenção de danos à saúde mental, especialmente entre crianças, adolescentes e pessoas com transtornos mentais diagnosticados. Estabelece diretrizes para campanhas educativas, pesquisas públicas e responsabilização de desenvolvedores e provedores.;https://www.camara.leg.br/proposicoesWeb/prop_mostrarintegra?codteor=2967927;https://www.camara.leg.br/proposicoesWeb/fichadetramitacao?idProposicao=2541086;Obrigatoriedade, Plataforma digital, Internet, Software aplicativo, sistema de informação, escola, utilização, inteligência artificial, Classificação indicativa, faixa etária, proteção, saúde mental, criança, adolescente, Pessoa com transtorno mental, diretrizes.;Recebimento;2025-09-23;Tramitando em Conjunto;0.5959;TOTAL (2 Termos);0.4948;
2380982;PL 4025/2023;Projeto de Lei;2023-08-21;Marx Beltrão;PP;Esta lei altera a Lei nº 10.406, de 10 de janeiro de 2002 - Código Civil, e a Lei nº 9.610, de 19 de fevereiro de 1998, dispondo sobre a utilização da imagem de uma pessoa, viva ou falecida, e dos direitos autorais, decorrentes da utilização de inteligência artificial.;https://www.camara.leg.br/proposicoesWeb/prop_mostrarintegra?codteor=2315355;https://www.camara.leg.br/proposicoesWeb/fichadetramitacao?idProposicao=2380982;Alteração, Código Civil (2002), utilização, imagem, pessoa viva, pessoa falecida, manipulação, inteligência artificial, autorização. _Alteração, Lei dos Direitos Autorais (1998), Obra gerada por inteligência artificial, criação, sistema de inteligência artificial, ausência, proteção, direito autoral. _Autorização, utilização, obra intelectual, treinamento, sistema de inteligência artificial.;Publicação de Proposição;2026-02-02;Aguardando Designação de Relator(a);0.5947;TOTAL (2 Termos);0.4934;
2568007;PL 5005/2025;Projeto de Lei;2025-10-07;Lucas Ramos;PSB;Altera a Lei nº 9.610, de 19 de fevereiro de 1998, para dispor sobre a proteção da imagem, voz e demais características pessoais contra imitações digitais realistas geradas por inteligência artificial ou tecnologia similar, bem como reforça os direitos dos artistas intérpretes ou executantes.;https://www.camara.leg.br/proposicoesWeb/prop_mostrarintegra?codteor=3014749;https://www.camara.leg.br/proposicoesWeb/fichadetramitacao?idProposicao=2568007;Alteração, Lei dos Direitos Autorais (1998), proibição, fraude, representação, pessoa, voz humana, imagem, diretrizes, exceção, caricatura, paródia, sátira, crítica, jornalismo, atividade científica, atividade artística, ordem pública, instrução do processo, interesse público, consentimento, artista, intérprete, avanço tecnológico, tecnologia, inteligência artificial generativa, direito da personalidade, direito autoral, direito moral do autor, deepfake, conteúdo audiovisual, conteúdo digital.;Abertura de Prazo;2025-12-18;Aguardando Parecer;0.5934;TOTAL (2 Termos);0.4918;
2360834;PL 2421/2023;Projeto de Lei;2023-05-09;Camila Jara;PT;Dispõe sobre a criação do Fundo de Renda Básica, que será utilizado para redistribuição de renda para os trabalhadores afetados pelo uso de inteligência artificial e alto grau de automação no mercado de trabalho.;https://www.camara.leg.br/proposicoesWeb/prop_mostrarintegra?codteor=2269690;https://www.camara.leg.br/proposicoesWeb/fichadetramitacao?idProposicao=2360834;Criação, Fundo de Renda Básica, redistribuição, renda, trabalhador, afetação, Inteligência artificial, automação, robótica, mercado de trabalho. _Composição, Fundo de Renda Básica, alíquota, adicional, lucro líquido, empresa, utilização, inteligência artificial, automação, robótica, Contribuição Social sobre o Lucro Líquido (CSLL), Imposto de Renda das Pessoas Jurídicas (IRPJ). _Alteração, Lei Federal, aumento, alíquota, Contribuição Social sobre o Lucro Líquido (CSLL), empresa, utilização, Inteligência artificial, automação, robótica. _Finalidade, redistribuição, renda, trabalhador, precarização do trabalho, decorrência, inteligência artificial.;Notificacao para Publicação Intermediária;2025-07-03;Tramitando em Conjunto;0.5931;TOTAL (2 Termos);0.4914;
2625204;PL 2426/2026;Projeto de Lei;2026-05-16;Silvye Alves;UNIÃO;Altera o art. 171 do Decreto-Lei nº 2.848, de 7 de dezembro de 1940 (Código Penal), para prever causa de aumento de pena no crime de estelionato quando praticado com uso de Inteligência Artificial (IA).;https://www.camara.leg.br/proposicoesWeb/prop_mostrarintegra?codteor=3131220;https://www.camara.leg.br/proposicoesWeb/fichadetramitacao?idProposicao=2625204;Alteração, Código Penal (1940), crime contra o patrimônio, agravação penal, estelionato, utilização, inteligência artificial generativa, tecnologia, conteúdo sintético.;Apensação;2026-07-08;Tramitando em Conjunto;0.5885;TOTAL (2 Termos);0.4857;
2599783;PL 7174/2025;Projeto de Lei;2025-12-22;Amom Mandel;CIDADANIA;Institui o Selo Nacional de Ética Algorítmica para Produtos Educacionais Digitais utilizados por instituições públicas de ensino e dá outras providências.;https://www.camara.leg.br/proposicoesWeb/prop_mostrarintegra?codteor=3072721;https://www.camara.leg.br/proposicoesWeb/fichadetramitacao?idProposicao=2599783;Criação, selo de certificação, ética digital, algoritmo, educação, inteligência artificial, tecnologia interativa digital de informação e comunicação (TIDIC), proteção, dados pessoais, transparência, diretrizes.;Apresentação de Proposição;2025-12-22;Aguardando Chancela e Publicação do Despacho;0.5858;TOTAL (2 Termos);0.4822;
2402162;PL 5394/2023;Projeto de Lei;2023-11-07;Erika Kokay;PT;Altera o Decreto-Lei nº 2.848, de 7 de dezembro de 1940, Código Penal, para criminalizar a adulteração, montagem ou modificação de fotografia, vídeo ou qualquer outra forma de representação visual relativos à intimidade da pessoa, por meio de Inteligência Artificial, e dá outras providências.;https://www.camara.leg.br/proposicoesWeb/prop_mostrarintegra?codteor=2356559;https://www.camara.leg.br/proposicoesWeb/fichadetramitacao?idProposicao=2402162;Alteração, Código Penal (1940), tipificação de conduta, crime, pornografia falsa (porno fake), criação, oferecimento, troca, disponibilização, transmissão, distribuição, publicação, divulgação, dispositivo informático, telemática, fotografia, vídeo, pessoa, cena de sexo, nudez, inteligência artificial, pena.;Notificacao para Publicação Intermediária;2025-10-06;Tramitando em Conjunto;0.5852;TOTAL (2 Termos);0.4815;
2461213;PL 3821/2024;Projeto de Lei;2024-10-07;Amanda Gentil;PP;Altera o Decreto-Lei nº 2.848, de 7 de dezembro de 1940 (Código Penal), e a Lei nº 9.504, de 30 de setembro de 1997 (Lei das Eleições), para tipificar o crime de manipulação digital de imagens por inteligência artificial, e agravar a pena em casos de crimes contra mulheres e candidaturas em período eleitoral, e dá outras providências.;https://www.camara.leg.br/proposicoesWeb/prop_mostrarintegra?codteor=2482757;https://www.camara.leg.br/proposicoesWeb/fichadetramitacao?idProposicao=2461213;Alteração, Código Penal (1940), Lei das Eleições (1997), exposição de intimidade sexual, tipificação penal, tratamento de imagem, inteligência artificial, pornografia falsa (porno fake), deep nude, intimidação, retaliação, constrangimento, aumento da pena, vítima, mulher, publicação, rede social, Plataforma digital, Ação penal pública incondicionada, proibição, inteligência artificial, Conteúdo sexual, Candidato a cargo eletivo, aumento da pena, vítima, candidata, mulher, crime eleitoral.;Expedição de Documento;2025-02-26;Aguardando Apreciação pelo Senado Federal;0.5834;TOTAL (2 Termos);0.4793;
2630094;PL 2885/2026;Projeto de Lei;2026-06-03;Ribeiro Neto;PRD;Institui a Política Nacional de Inclusão Digital, Inovação Tecnológica e Inteligência Artificial para a Agricultura Familiar – AGROFAMÍLIA 5.0.;https://www.camara.leg.br/proposicoesWeb/prop_mostrarintegra?codteor=3142369;https://www.camara.leg.br/proposicoesWeb/fichadetramitacao?idProposicao=2630094;Criação, política pública, incentivo, agricultor familiar, agricultura familiar, acesso, tecnologia digital, infraestrutura de conectividade, inovação tecnológica, inteligência artificial generativa, desenvolvimento sustentável, área rural, diretrizes.;Apresentação de Proposição;2026-06-03;Aguardando Chancela e Publicação do Despacho;0.5825;TOTAL (2 Termos);0.4781;
2431834;PL 1635/2024;Projeto de Lei;2024-05-07;Vinicius Carvalho;REPUBLICANOS;Dispõe sobre a proteção do consumidor contra práticas de colusão artificial implementadas por meio de algoritmos de precificação.;https://www.camara.leg.br/proposicoesWeb/prop_mostrarintegra?codteor=2418447;https://www.camara.leg.br/proposicoesWeb/fichadetramitacao?idProposicao=2431834;Alteração, Código de Defesa do Consumidor (1990), proteção, defesa do consumidor, vedação, conluio, algoritmo, inteligência artificial, inteligência artificial, precificação dinâmica, prejuízo, livre concorrência.;Apensação;2024-06-19;Tramitando em Conjunto;0.5815;TOTAL (2 Termos);0.4769;
2456204;PL 3392/2024;Projeto de Lei;2024-08-30;Júnior Mano;PSB;Estabelece diretrizes para o uso ético de tecnologias de inteligência artificial na replicação de vozes de artistas e dubladores em anúncios digitais e outras produções audiovisuais, garantindo o consentimento explícito e a justa remuneração dos envolvidos, reforça a proteção jurídica da voz como direito garantido à imagem, e estabelece mecanismos de fiscalização e reparação.;https://www.camara.leg.br/proposicoesWeb/prop_mostrarintegra?codteor=2471841;https://www.camara.leg.br/proposicoesWeb/fichadetramitacao?idProposicao=2456204;Diretrizes, utilização, inteligência artificial, reprodução, voz humana, artista, ator dublador, anúncio online, publicidade digital, obra audiovisual. _Proteção legal, voz humana, direito de propriedade intelectual.;Encerramento de Prazo;2026-02-10;Pronta para Pauta;0.5788;TOTAL (2 Termos);0.4735;
2353916;PL 1473/2023;Projeto de Lei;2023-03-28;Aureo Ribeiro;SOLIDARIEDADE;Esta Lei torna obrigatória a disponibilização, por parte das empresas que operam sistemas de inteligência artificial, de ferramentas que garantam aos autores de conteúdo na internet a possibilidade de restringir o uso de seus materiais pelos algoritmos de inteligência artificial, com o objetivo de preservar os direitos autorais.;https://www.camara.leg.br/proposicoesWeb/prop_mostrarintegra?codteor=2251301;https://www.camara.leg.br/proposicoesWeb/fichadetramitacao?idProposicao=2353916;Obrigatoriedade, empresa, operação, inteligência artificial, disponibilização, ferramenta tecnológica, garantia, Autor (publicação), conteúdo digital, internet, restrição, utilização, material informativo, algoritmo, finalidade, preservação, Direito autoral.;Apresentação de Requerimento;2025-10-21;Aguardando Parecer;0.5785;TOTAL (2 Termos);0.4731;
2523759;PL 2799/2025;Projeto de Lei;2025-06-10;Luiz Carlos Busato;UNIÃO;“Institui diretrizes para a prevenção do racismo algorítmico em sistemas automatizados de decisão utilizados por empresas, entidades do terceiro setor e órgãos públicos, e dá outras providências.”;https://www.camara.leg.br/proposicoesWeb/prop_mostrarintegra?codteor=2932317;https://www.camara.leg.br/proposicoesWeb/fichadetramitacao?idProposicao=2523759;Racismo, equidade, algoritmo, discriminação racial, sistema automático, automação, dados, tecnologia digital, tomada de decisão, inteligência artificial, direitos fundamentais, diretrizes.;Designação de Relator(a);2025-12-17;Aguardando Parecer;0.5781;TOTAL (2 Termos);0.4727;
2617795;PL 1935/2026;Projeto de Lei;2026-04-22;Pastor Gil;PL;Altera a Lei nº 9.503, de 23 de setembro de 1997 (Código de Trânsito Brasileiro), para dispor sobre a obrigatoriedade de identificação do agente de trânsito responsável pela autuação, a responsabilidade pessoal do agente notificador e a exigência de imagens e vídeos claros, nítidos e inequívocos como condição de validade das notificações de infrações de trânsito, inclusive aquelas realizadas por sistemas automatizados e inteligência artificial.;https://www.camara.leg.br/proposicoesWeb/prop_mostrarintegra?codteor=3116697;https://www.camara.leg.br/proposicoesWeb/fichadetramitacao?idProposicao=2617795;Alteração, Código de Trânsito Brasileiro (1997), requisito, validade, notificação, autuação, Infração de trânsito, obrigatoriedade, identificação, agente de trânsito, Responsabilidade pessoal, exigência, imagem, vídeo, Radar eletrônico, Sistema automático, inteligência artificial, diretrizes.;Encerramento de Prazo;2026-06-30;Aguardando Parecer;0.5772;TOTAL (2 Termos);0.4715;
2349820;PL 791/2023;Projeto de Lei;2023-03-02;Emanuel Pinheiro Neto;MDB;Estabelece procedimentos a serem adotados pela União em regime de colaboração com os Estados, Distrito Federal e Municípios em situação de riscos e desastres mediante o uso de Sistemas de Processamento de Dados e de Inteligência Artificial (IA), com objetivo na organização, solução e implementação integrada e da outras providências.;https://www.camara.leg.br/proposicoesWeb/prop_mostrarintegra?codteor=2238986;https://www.camara.leg.br/proposicoesWeb/fichadetramitacao?idProposicao=2349820;Colaboração, União, Estado (ente federado), Distrito Federal (Brasil), Município, Sistema computacional, Processamento de Dados, Inteligência artificial, Situação de risco, desastre ambiental, Desastre humano, prevenção, fiscalização, desmatamento, exploração florestal, proteção ambiental, diretrizes.;Designação de Relator(a);2025-06-02;Aguardando Parecer;0.5770;TOTAL (2 Termos);0.4712;
2608537;PL 1130/2026;Projeto de Lei;2026-03-12;Capitão Alden;PL;Altera o Decreto-Lei nº 3.689, de 3 de outubro de 1941 (Código de Processo Penal), para reforçar a garantia de fundamentação das decisões judiciais e estabelecer limites à utilização de sistemas automatizados ou de inteligência artificial em processos que envolvam crimes contra a dignidade sexual ou crimes praticados contra criança ou adolescente.;https://www.camara.leg.br/proposicoesWeb/prop_mostrarintegra?codteor=3096436;https://www.camara.leg.br/proposicoesWeb/fichadetramitacao?idProposicao=2608537;Alteração, Código de Processo Penal (1941), proibição, utilização, Sistema automático, Inteligência artificial generativa, fundamentação, decisão judicial, ausência, análise, Pessoa humana, crime contra a dignidade sexual, Crime contra a criança e o adolescente, diretrizes.;Apresentação de Proposição;2026-03-12;Aguardando Chancela e Publicação do Despacho;0.5769;TOTAL (2 Termos);0.4711;
2515281;PL 2462/2025;Projeto de Lei;2025-05-21;Ruy Carneiro;PODE;Veda o uso de ferramentas de inteligência artificial para a realização de dublagem de obras audiovisuais ofertadas comercialmente em salas de cinema, nas programações de televisão aberta e por assinatura e nos serviços de vídeo sob demanda e outras plataformas de distribuição de conteúdos audiovisuais pela internet.;https://www.camara.leg.br/proposicoesWeb/prop_mostrarintegra?codteor=2915975;https://www.camara.leg.br/proposicoesWeb/fichadetramitacao?idProposicao=2515281;Proibição, Inteligência artificial, dublagem, Obra audiovisual, cinema, televisão, Vídeo sob demanda, Plataforma de streaming.;Publicação de Proposição;2025-06-12;Aguardando Designação de Relator(a);0.5756;TOTAL (2 Termos);0.4695;
2612704;PL 1476/2026;Projeto de Lei;2026-03-30;Rubens Pereira Júnior;PT;"Institui a obrigatoriedade de Avaliação de Impacto Regulatório e Econômico (AIR?AI) para quaisquer projetos de lei ou atos normativos federais que disponham sobre sistemas de inteligência artificial; define requisitos mínimos da AIR?AI (estudo ex ante de custos e benefícios, análise de proporcionalidade e alternativas menos onerosas, consulta pública, transparência de dados e metodologias, revisão por parecer independente, implementação faseada, sandboxes regulatórios e cláusulas?sunset ou avaliações ex post); disciplina competência, prazos, conteúdo mínimo dos estudos, responsabilidades e sanções administrativas; altera dispositivos correlatos para assegurar a eficácia da avaliação; e dá outras providências.";https://www.camara.leg.br/proposicoesWeb/prop_mostrarintegra?codteor=3106655;https://www.camara.leg.br/proposicoesWeb/fichadetramitacao?idProposicao=2612704;Obrigatoriedade, normatização, avaliação, impacto econômico, regulação, inteligência artificial, subsídio, elaboração, ato normativo, sandbox regulatório, administração federal, transparência pública, fiscalização, diretrizes. _Alteração, Lei da Liberdade Econômica (2019), Lei Geral do Processo Administrativo (1999).;Apresentação de Proposição;2026-03-30;;0.5746;TOTAL (2 Termos);0.4683;
2609003;PL 750/2026;Projeto de Lei;2026-03-13;Senado Federal - Senador Eduardo Braga;N/A;Institui, no âmbito do Programa Antes Que Aconteça, o Programa Nacional de Monitoramento de Agressores com Uso de Tecnologia por Inteligência Artificial (PNM-IA), com a finalidade de prevenir a violência doméstica, assegurar a efetividade das medidas protetivas de urgência, ampliar a proteção das vítimas por meio do uso de tecnologias digitais e de inteligência artificial, e subsidiar a atuação preventiva e repressiva dos órgãos de segurança pública, do Ministério Público e do Poder Judiciário.;https://www.camara.leg.br/proposicoesWeb/prop_mostrarintegra?codteor=3097819;https://www.camara.leg.br/proposicoesWeb/fichadetramitacao?idProposicao=2609003;Criação, ação governamental, Programa (administração), âmbito nacional, monitoramento, Inteligência artificial, tecnologia, agressor, violência contra a mulher, violência de gênero, violência doméstica, medida protetiva de urgência, vítima, estudo, Banco de dados, enfrentamento, feminicídio.;Designação de Relator(a);2026-03-18;Aguardando Parecer;0.5716;TOTAL (2 Termos);0.4645;
2554834;PL 4323/2025;Projeto de Lei;2025-08-29;Delegado Bruno Lima;PP;Altera a Lei nº 8.069, de 13 de julho de 1990 (Estatuto da Criança e do Adolescente), para tipificar o crime de aliciamento cibernético em tempo real e agravar penas para a utilização de inteligência artificial na produção de material de exploração sexual infantil.;https://www.camara.leg.br/proposicoesWeb/prop_mostrarintegra?codteor=2988838;https://www.camara.leg.br/proposicoesWeb/fichadetramitacao?idProposicao=2554834;Alteração, Estatuto da Criança e do Adolescente (ECA) (1990), tipificação de conduta, Aliciamento de menores, produção, conteúdo sexual, Ambiente virtual, exploração sexual, Inteligência artificial, Deepfake, enfrentamento, pornografia infantil, Adultização de crianças e adolescentes.;Apresentação de Requerimento;2025-10-02;Aguardando análise do Presidente da Câmara - (Decisão);0.5691;TOTAL (2 Termos);0.4614;
2618698;PL 2002/2026;Projeto de Lei;2026-04-27;João Daniel;PT;Institui normas gerais sobre identidade digital, identificação responsável, sigilo legítimo, segurança da informação, pseudonimato, conteúdos sintéticos e responsabilização no ambiente digital.;https://www.camara.leg.br/proposicoesWeb/prop_mostrarintegra?codteor=3118683;https://www.camara.leg.br/proposicoesWeb/fichadetramitacao?idProposicao=2618698;Normatização, Relação jurídica, Identidade digital, identificação, custódia, anonimato, Anonimização, Pseudonimização, pseudônimo, nome social, personagem, Segurança da informação, tratamento de dados, Conteúdo sintético, preservação, registro, responsabilização, ambiente virtual, deveres, plataforma digital, rede social digital, internet, Provedor de aplicações, Perfil institucional, Conta automatizada (robô de internet), Inteligência artificial generativa, Canal de denúncia, Sigilo da fonte, sigilo profissional, Conduta abusiva, Divulgação indevida de dados pessoais, Requisição judicial, competência, Autoridade Nacional de Proteção de Dados (ANPD) (2022-2025).;Publicação de Proposição;2026-06-16;Aguardando Designação de Relator(a);0.5677;TOTAL (2 Termos);0.4596;
2405761;PL 5641/2023;Projeto de Lei;2023-11-22;Fernanda Melchionna;PSOL;Dispõe sobre a proibição de aplicativos, sites, ferramentas e similares que utilizam inteligência artificial para criação de imagens pornográficas não autorizadas com o rosto de mulheres, bem como estabelece medidas para prevenir e combater a disseminação dessas imagens.;https://www.camara.leg.br/proposicoesWeb/prop_mostrarintegra?codteor=2362641;https://www.camara.leg.br/proposicoesWeb/fichadetramitacao?idProposicao=2405761;Proibição, sítio (internet), software aplicativo, ferramenta digital, utilização, inteligência artificial, edição, imagem, vídeo, material erótico, conteúdo sexual, ausência, consentimento, pessoa, criação, distribuição. _Medida de prevenção, combate, disseminação, imagem. _Violação, proibição, aplicação, multa.;Recebimento;2025-06-23;Tramitando em Conjunto;0.5634;TOTAL (2 Termos);0.4543;
2430863;PL 1539/2024;Projeto de Lei;2024-05-06;Carlos Henrique Gaguim;UNIÃO;Institui o Fundo de Incentivo ao Desenvolvimento e Inovação da Indústria deInteligência Artificial (Fidia).;https://www.camara.leg.br/proposicoesWeb/prop_mostrarintegra?codteor=2416450;https://www.camara.leg.br/proposicoesWeb/fichadetramitacao?idProposicao=2430863;Criação, destinação, Recursos financeiros, Recursos públicos, incentivo, Investimento, expansão, Desenvolvimento tecnológico, Inovação tecnológica, Inteligência artificial.;Notificacao para Publicação Intermediária;2025-09-24;Tramitando em Conjunto;0.5634;PARCIAL (1 Termo);0.5792;
2411874;PL 5938/2023;Projeto de Lei;2023-12-08;Lídice da Mata;PSB;Altera a Lei 12.965, de 23 de abril e 2014, que estabelece princípios, garantias, direitos e deveres para o uso da Internet no Brasil, para prever que provedores de redes sociais adotem medidas para identificar e sinalizar conteúdos realizados com uso de inteligência artificial.;https://www.camara.leg.br/proposicoesWeb/prop_mostrarintegra?codteor=2373320;https://www.camara.leg.br/proposicoesWeb/fichadetramitacao?idProposicao=2411874;Alteração, Marco Civil da Internet (2014), obrigatoriedade, rede social digital, identificação, sinalização, produção, conteúdo digital, utilização, inteligência artificial, diretrizes.;Notificação de Apensação;2024-03-22;Tramitando em Conjunto;0.5630;TOTAL (2 Termos);0.4538;
2612896;PL 1542/2026;Projeto de Lei;2026-03-31;Lucas Abrahao;REDE;Estabelece o Marco de Responsabilidade por Sistemas Autônomos no Brasil, disciplinando a responsabilidade civil, administrativa e regulatória por danos causados por sistemas baseados em inteligência artificial e automação decisória, e dá outras providências.;https://www.camara.leg.br/proposicoesWeb/prop_mostrarintegra?codteor=3107141;https://www.camara.leg.br/proposicoesWeb/fichadetramitacao?idProposicao=2612896;Regulamentação, criação, Marco regulatório, automação, Sistema automático, Sistema informatizado, Inteligência artificial, Atividade econômica, Responsabilidade, transparência.;Apresentação de Proposição;2026-03-31;;0.5611;TOTAL (2 Termos);0.4514;
2555351;PL 4348/2025;Projeto de Lei;2025-09-01;Pedro Campos;PSB;Altera a Lei nº 13.819, de 26 de abril de 2019, para incluir a obrigatoriedade de emissão de alertas preventivos por chatbots e sistemas de inteligência artificial em interações relacionadas à saúde mental, automutilação ou suicídio.;https://www.camara.leg.br/proposicoesWeb/prop_mostrarintegra?codteor=2989901;https://www.camara.leg.br/proposicoesWeb/fichadetramitacao?idProposicao=2555351;Alteração, Lei Federal, obrigatoriedade, Plataforma digital, Chatbot, Sistema de inteligência artificial, Aviso de alerta, interação, usuário, conteúdo digital, saúde mental, Automutilação, suicídio,;Notificação de Apensação;2025-11-10;Aguardando Parecer;0.5601;TOTAL (2 Termos);0.4501;
2636044;PL 3382/2026;Projeto de Lei;2026-07-01;Rubens Pereira Júnior;PT;"Regulamenta o uso de automação, algoritmos e inteligência artificial em processos de fiscalização e na lavratura de autos de infração por órgãos e agências reguladoras federais; proíbe autuação unicamente fundamentada em decisão automatizada; exige revisão humana qualificada anterior à autuação formal; impõe obrigações de transparência, auditabilidade e notificação preventiva ao administrado; institui comitê consultivo para validação e acompanhamento de modelos; determina a publicação anual de indicadores de qualidade das fiscalizações assistidas por automação; disciplina sanções administrativas em caso de uso indevido; altera dispositivos das Leis nº 9.784/1999, nº 12.527/2011 e nº 13.709/2018; e dá outras providências.";https://www.camara.leg.br/proposicoesWeb/prop_mostrarintegra?codteor=3154774;https://www.camara.leg.br/proposicoesWeb/fichadetramitacao?idProposicao=2636044;Alteração, Lei Geral do Processo Administrativo (1999), Lei de Acesso à Informação (2011), Lei Geral de Proteção de Dados Pessoais (LGPDP) (2018), regulamentação, automação, Algoritmo, inteligência artificial, processo administrativo, fiscalização, lavratura, auto de infração, fundamentação, Decisão automatizada, obrigatoriedade, transparência, auditoria, Notificação prévia, diretrizes, Direito à ampla defesa, Garantia ao contraditório, segurança jurídica, Sistema automático, Administração pública, agência reguladora.;Apresentação de Proposição;2026-07-01;;0.5583;TOTAL (2 Termos);0.4478;
2612846;PL 1529/2026;Projeto de Lei;2026-03-30;Rubens Pereira Júnior;PT;"Estabelece regras de transparência, identificação e responsabilidade para conteúdo sintético (deepfakes e conteúdo gerado por inteligência artificial) veiculado em ambiente digital no período eleitoral; obriga inserção de metadados legíveis por máquina e marca d’água criptográfica de proveniência em conteúdos sintéticos, impõe dever de preservação e propagação de metadados por plataformas, manutenção de logs auditáveis e mecanismos de contestação; institui período de restrição temporária à criação e distribuição de novos conteúdos sintéticos com imagem ou voz de candidatos (72 horas antes e 24 horas após votação), prevê exceções técnicas e garantias à liberdade de expressão, define padrão técnico e cronograma de implementação por autoridade reguladora competente, e dispõe sobre sanções administrativas proporcionais por descumprimento; e dá outras providências.";https://www.camara.leg.br/proposicoesWeb/prop_mostrarintegra?codteor=3106978;https://www.camara.leg.br/proposicoesWeb/fichadetramitacao?idProposicao=2612846;Diretrizes, identificação, conteúdo sintético, inteligência artificial, Transparência algorítmica, responsabilização, Plataforma digital, Big techs, fiscalização, conteúdo digital, Deepfake. _Critério, proibição, conteúdo sintético, inteligência artificial, período eleitoral, eleições. _Diretrizes, tratamento de dados. _ Alteração, Marco Civil da Internet (2014), responsabilidade, provedor de aplicações.;Apresentação de Requerimento;2026-04-07;;0.5581;TOTAL (2 Termos);0.4476;
2602287;PL 453/2026;Projeto de Lei;2026-02-10;Pastor Sargento Isidório;AVANTE;Estabelece a obrigatoriedade de inserção de selo, marca d’água ou aviso visível em vídeos, imagens, áudios e demais conteúdos digitais produzidos total ou parcialmente por sistemas de Inteligência Artificial e veiculados no Brasil, inclusive em redes sociais, plataformas digitais e aplicativos de mensagens, com o objetivo de prevenir a desinformação, proteger a honra, a imagem, a privacidade dos cidadãos e coibir usos nocivos da tecnologia e dá outras providências.;https://www.camara.leg.br/proposicoesWeb/prop_mostrarintegra?codteor=3081317;https://www.camara.leg.br/proposicoesWeb/fichadetramitacao?idProposicao=2602287;Obrigatoriedade, marcação, aviso, identificação, vídeo, imagem, som, conteúdo digital, utilização, inteligência artificial generativa, diretrizes.;Apresentação de Proposição;2026-02-10;;0.5561;TOTAL (2 Termos);0.4451;
2611053;PL 1309/2026;Projeto de Lei;2026-03-20;Jadyel Alencar;REPUBLICANOS;Dispõe sobre a transparência na utilização de sistemas automatizados de definição ou alteração de preços e estabelece limites ao uso de precificação algorítmica em bens essenciais nas relações de consumo, e altera a Lei nº 8.078, de 11 de setembro de 1990 (Código de Defesa do Consumidor).;https://www.camara.leg.br/proposicoesWeb/prop_mostrarintegra?codteor=3102190;https://www.camara.leg.br/proposicoesWeb/fichadetramitacao?idProposicao=2611053;Alteração, Código de Defesa do Consumidor (1990), regulamentação, transparência, sistema automático, precificação dinâmica, algoritmo de precificação, produto essencial, prática abusiva, inteligência artificial, relações de consumo, direito do consumidor, diretrizes.;Apresentação de Proposição;2026-03-20;Aguardando Autorização do Despacho;0.5517;TOTAL (2 Termos);0.4396;
2406508;PL 5694/2023;Projeto de Lei;2023-11-24;Fred Linhares;REPUBLICANOS;Criminaliza a manipulação ou adulteração de fotos, vídeos ou sons, utilizando-se de sistemas de inteligência artificial, com o intuito de causar constrangimento, humilhação, assédio, ameaça ou qualquer outro tipo de violência contra crianças ou adolescentes, além disso, aumenta a pena para crimes relacionados à pornografia infantil na hipótese de uso de inteligência artificial, se a cena de sexo explícito ou pornográfica envolvendo criança ou adolescente for manipulada ou adulterada por meio de sistema de inteligência artificial.;https://www.camara.leg.br/proposicoesWeb/prop_mostrarintegra?codteor=2364226;https://www.camara.leg.br/proposicoesWeb/fichadetramitacao?idProposicao=2406508;Alteração, Estatuto da Criança e do Adolescente (ECA), criminalização, manipulação, adulteração, fotografia, vídeo, som, utilização, inteligência artificial, intenção, provocação, constrangimento, humilhação, assédio moral, contra, criança, adolescente. _Aumento da pena, cena de sexo, cena pornográfica, envolvimento, criança, adolescente, manipulação, adulteração, realização, inteligência artificial.;Apresentação de Requerimento;2025-08-12;Aguardando Parecer;0.5498;TOTAL (2 Termos);0.4372;
2406516;PL 5695/2023;Projeto de Lei;2023-11-24;Fred Linhares;REPUBLICANOS;Tipifica penalmente a alteração de fotos, vídeos e som com o uso de sistema de Inteligência Artificial para praticar violência contra a mulher.;https://www.camara.leg.br/proposicoesWeb/prop_mostrarintegra?codteor=2364235;https://www.camara.leg.br/proposicoesWeb/fichadetramitacao?idProposicao=2406516;Alteração, Lei Maria da Penha, tipicidade penal, Crime de Manipulação e Adulteração de Fotos e Vídeos com o Uso de Sistema de Inteligência Artificial, manipulação, adulteração, fotografia, vídeo, som, utilização, Inteligência artificial, prática, violência, contra, mulher, pena.;Parecer do(a) Relator(a);2025-10-15;Pronta para Pauta;0.5489;TOTAL (2 Termos);0.4361;
2636065;PL 3394/2026;Projeto de Lei;2026-07-01;Rubens Pereira Júnior;PT;"Dispõe sobre a transparência, deveres de verificação, guarda de evidências e responsabilização no uso de sistemas de inteligência artificial na prática forense; impõe obrigação de declaração nos autos da utilização de IA e identificação do fornecedor; exige conservação de prompts, resultados e documentos auxiliares por prazo mínimo; prevê sanções processuais, civis e disciplinares escalonadas para uso doloso ou por negligência grave; determina regras de proteção de dados e segredo profissional, responsabilidade de regresso do advogado em caso de culpa ou dolo; obriga comunicação imediata de incidentes e institui programa público de capacitação em boas práticas em cooperação com a OAB; e dá outras providências.";https://www.camara.leg.br/proposicoesWeb/prop_mostrarintegra?codteor=3154799;https://www.camara.leg.br/proposicoesWeb/fichadetramitacao?idProposicao=2636065;Regulamentação, Obrigatoriedade, informação, Manipulação fraudulenta de sistema de inteligência artificial, assistência jurídica, consultoria jurídica, prática forense, transparência algorítmica, algoritmo, ato processual, processo judicial eletrônico, auditoria, contrato, diretrizes.;Apresentação de Proposição;2026-07-01;;0.5487;TOTAL (2 Termos);0.4359;
2445849;PL 2721/2024;Projeto de Lei;2024-07-03;Jonas Donizette;PSB;Altera o art. 11 da Lei n° 9.610, de 1998, para deixar expresso que autor é apenas a pessoa física, independentemente do grau de autonomia do sistema de inteligência artificial utilizado na elaboração da obra.;https://www.camara.leg.br/proposicoesWeb/prop_mostrarintegra?codteor=2446536;https://www.camara.leg.br/proposicoesWeb/fichadetramitacao?idProposicao=2445849;Alteração, Lei dos Direitos Autorais (1998), garantia, direito autoral, pessoa física, obra intelectual, independência, Sistema de inteligência artificial.;Retirada de Pauta;2025-11-19;Pronta para Pauta;0.5462;PARCIAL (1 Termo);0.5578;
2454171;PL 3236/2024;Projeto de Lei;2024-08-20;Júnior Mano;PSB;Dispõe sobre a proteção dos direitos de propriedade intelectual dos atletas, regulamentando o registro e a exploração de movimentos esportivos, marcas pessoais, o uso da imagem dos atletas para fins comerciais e o uso de Inteligência Artificial no contexto esportivo, e dá outras providências.;https://www.camara.leg.br/proposicoesWeb/prop_mostrarintegra?codteor=2467213;https://www.camara.leg.br/proposicoesWeb/fichadetramitacao?idProposicao=2454171;Diretrizes, proteção, direito de propriedade intelectual, direito autoral, atleta, regulamentação, registro, exploração, comercialização, utilização, inteligência artificial, esporte, setor esportivo, Instituto Nacional da Propriedade Industrial (INPI).;Encerramento de Prazo;2025-08-07;Aguardando Parecer;0.5438;TOTAL (2 Termos);0.4298;
2583785;PL 5792/2025;Projeto de Lei;2025-11-11;Marcos Tavares;PDT;Institui a Lei Nacional de Observatórios de Transparência em Licitações com Inteligência Artificial (IA), para auditoria automatizada e contínua de editais, contratos e processos licitatórios no âmbito da administração pública direta e indireta, e dá outras providências.;https://www.camara.leg.br/proposicoesWeb/prop_mostrarintegra?codteor=3044180;https://www.camara.leg.br/proposicoesWeb/fichadetramitacao?idProposicao=2583785;Criação, Lei Nacional de Observatórios de Transparência em Licitações com Inteligência Artificial - IA, auditoria, tempo real, utilização, inteligência artificial, edital, contrato administrativo, licitação, administração pública, diretrizes.;Publicação de Proposição;2026-02-02;Aguardando Designação de Relator(a);0.5426;TOTAL (2 Termos);0.4282;
2599743;PL 7134/2025;Projeto de Lei;2025-12-22;Amom Mandel;CIDADANIA;Altera a Lei nº 12.965, de 23 de abril de 2014 (Marco Civil da Internet), para incluir o princípio fundamental da Não-Discriminação Algorítmica na disciplina do uso da internet no Brasil.;https://www.camara.leg.br/proposicoesWeb/prop_mostrarintegra?codteor=3072674;https://www.camara.leg.br/proposicoesWeb/fichadetramitacao?idProposicao=2599743;Alteração, Marco Civil da Internet (2014), proibição, inteligência artificial generativa, prestação de serviços, serviços essenciais, utilização, algoritmo, reprodução, ampliação, criação, discriminação, diretrizes.;Apresentação de Proposição;2025-12-22;Aguardando Chancela e Publicação do Despacho;0.5423;TOTAL (2 Termos);0.4279;
2612417;PL 1443/2026;Projeto de Lei;2026-03-26;Ana Paula Lima;PT;Dispõe sobre medidas de prevenção e responsabilização no uso de sistemas de in-teligência artificial generativa para a criação de conteúdo sintético não consentido, e dá outras providências.;https://www.camara.leg.br/proposicoesWeb/prop_mostrarintegra?codteor=3105634;https://www.camara.leg.br/proposicoesWeb/fichadetramitacao?idProposicao=2612417;Regulamentação, prevenção, responsabilização, criação, obra gerada por inteligência artificial, ausência, consentimento, critério, criança, adolescente, mulher, sexualização precoce, pedofilia, violência contra a mulher, penalidade, diretrizes.;Apresentação de Proposição;2026-03-26;;0.5407;TOTAL (2 Termos);0.4259;
2421854;PL 841/2024;Projeto de Lei;2024-03-19;Ruy Carneiro;PODE;Altera a Lei nº 8.078, de 11 de setembro de 1990, para tornar obrigatória a exibição de aviso ao consumidor sobre imagem ou vídeo publicitário produzido com o uso de inteligência artificial.;https://www.camara.leg.br/proposicoesWeb/prop_mostrarintegra?codteor=2396787;https://www.camara.leg.br/proposicoesWeb/fichadetramitacao?idProposicao=2421854;Alteração, Código de Defesa do Consumidor (1990), obrigatoriedade, Aviso de alerta, Publicidade promocional, utilização, Inteligência artificial.;Notificação de Apensação;2024-04-16;Tramitando em Conjunto;0.5374;PARCIAL (1 Termo);0.5468;
2416533;PL 6211/2023;Projeto de Lei;2023-12-22;Renata Abreu;PODE;Altera a Lei no 8.069, de 13 de julho de 1990 – Estatuto da Criança e do Adolescente, para criminalizar a criação de conteúdo erótico e pornográfico, a partir do rosto de crianças e adolescentes, por meio de sistemas de inteligência artificial e altera o Decreto-Lei no 2.848, de 7 de dezembro de 1940 – Código Penal, para criminalizar a criação de conteúdo erótico e pornográfico por meio de sistemas de inteligência artificial, a partir do resto da vítima, e sem o seu consentimento.;https://www.camara.leg.br/proposicoesWeb/prop_mostrarintegra?codteor=2382124;https://www.camara.leg.br/proposicoesWeb/fichadetramitacao?idProposicao=2416533;Alteração, Estatuto da Criança e do Adolescente (ECA), Código Penal (1940), criminalização, criação, comercialização, imagem, vídeo, cena de sexo, nudez, pornografia, geração, Sistema de inteligência artificial, utilização, face, criança, adolescente.;Notificações;2024-03-12;Tramitando em Conjunto;0.5369;TOTAL (2 Termos);0.4212;
2612787;PL 1501/2026;Projeto de Lei;2026-03-30;Rubens Pereira Júnior;PT;"Estabelece obrigações de transparência, auditoria e mitigação de riscos informacionais para provedores de sistemas de Inteligência Artificial com operação significativa no Brasil durante períodos eleitorais; institui requisitos para Relatórios de Impacto Informacional, rotulagem de conteúdos eleitorais gerados por IA, proíbe micro?targeting persuasivo em janelas eleitorais, disciplina cooperação com autoridades eleitorais e de proteção de dados e prevê regime sancionatório administrativo proporcional.";https://www.camara.leg.br/proposicoesWeb/prop_mostrarintegra?codteor=3106854;https://www.camara.leg.br/proposicoesWeb/fichadetramitacao?idProposicao=2612787;Alteração, Código Eleitoral (1965), Lei das Eleições (1997), Lei Geral de Proteção de Dados Pessoais (LGPDP) (2018), obrigatoriedade, transparência, auditoria, atenuação, provedor de aplicações, inteligência artificial generativa, criação, relatório (documento administrativo), impacto social, informação, proibição, orientação, mensagem, conteúdo digital, persuasão (psicologia), eleitor, período eleitoral, penalidade administrativa, diretrizes.;Apresentação de Proposição;2026-03-30;;0.5319;TOTAL (2 Termos);0.4149;
2635743;PL 3367/2026;Projeto de Lei;2026-06-30;Alberto Fraga;PL;Altera o Decreto-Lei nº 2.848, de 7 de dezembro de 1940 (Código Penal), para tipificar a conduta de extorsão por simulação sintética de identidade, e dá outras providências.;https://www.camara.leg.br/proposicoesWeb/prop_mostrarintegra?codteor=3154367;https://www.camara.leg.br/proposicoesWeb/fichadetramitacao?idProposicao=2635743;Alteração, Código Penal (1940), Crime contra o patrimônio, tipificação de conduta, extorsão, utilização, Recursos tecnológicos, Algoritmo, Inteligência artificial generativa, aumento da pena, simulação, sequestro, Cárcere privado, Sinistro, parente.;Apresentação de Proposição;2026-06-30;;0.5317;TOTAL (2 Termos);0.4146;
2490966;PL 1310/2025;Projeto de Lei;2025-03-28;Bruno Ganem;PODE;Altera a Lei nº 13.756, de 12 de dezembro de 2018, que dispõe sobre o Fundo Nacional de Segurança Pública (FNSP) e outras matérias, a fim de condicionar o recebimento de seus recursos à implementação de tecnologias de inteligência artificial nas ouvidorias e corregedorias dos órgãos de segurança pública, nos termos que especifica.;https://www.camara.leg.br/proposicoesWeb/prop_mostrarintegra?codteor=2875075;https://www.camara.leg.br/proposicoesWeb/fichadetramitacao?idProposicao=2490966;Alteração, Legislação, Fundo Nacional de Segurança Pública (FNSP), destinação, Recursos financeiros, Investimento público, Inteligência artificial, modernização, Ouvidoria pública, Órgão de segurança pública.;Saída de Relator(a) da Comissão - Sem Parecer Apresentado;2026-02-03;Aguardando Designação - Aguardando Devolução de Relator(a) que deixou de ser Membro;0.5315;TOTAL (2 Termos);0.4143;
2451411;PL 3088/2024;Projeto de Lei;2024-08-08;Júnior Mano;PSB;Altera a Consolidação das Leis do Trabalho (CLT) para Altera a Consolidação das Leis do Trabalho (CLT) para dispor sobre a proteção dos trabalhadores frente ao uso da Inteligência Artificial (IA).;https://www.camara.leg.br/proposicoesWeb/prop_mostrarintegra?codteor=2461006;https://www.camara.leg.br/proposicoesWeb/fichadetramitacao?idProposicao=2451411;Alteração, Consolidação das Leis do Trabalho (CLT) (1943), tutela do trabalho, proteção, trabalhador, utilização, boas práticas, inteligência artificial, algoritmo, relações trabalhistas, acesso à informação, transparência, capacitação, saúde ocupacional.;Retirada de Pauta;2025-12-10;Pronta para Pauta;0.5309;TOTAL (2 Termos);0.4136;
2376427;PL 3800/2023;Projeto de Lei;2023-08-08;Acácio Favacho;MDB;Altera o art. 171 do Decreto-Lei nº 2.848, de 7 de dezembro de 1940 – Código Penal, para aumentar a pena do crime de fraude eletrônica quando a conduta for praticada com a utilização de inteligência artificial.;https://www.camara.leg.br/proposicoesWeb/prop_mostrarintegra?codteor=2307704;https://www.camara.leg.br/proposicoesWeb/fichadetramitacao?idProposicao=2376427;Alteração, Código Penal (1940), Crime contra o patrimônio, aumento da pena, fraude eletrônica, utilização, inteligência artificial.;Recebimento;2023-08-21;Tramitando em Conjunto;0.5286;PARCIAL (1 Termo);0.5358;
2458893;PL 3656/2024;Projeto de Lei;2024-09-23;Leonardo Gadelha;PODE;Altera a Lei nº 9.610, de 19 de fevereiro de 1998, para estabelecer regras sobre direitos autorais de obras geradas por sistemas de inteligência artificial de forma integral ou majoritariamente autônoma.;https://www.camara.leg.br/proposicoesWeb/prop_mostrarintegra?codteor=2478669;https://www.camara.leg.br/proposicoesWeb/fichadetramitacao?idProposicao=2458893;Alteração, Lei dos Direitos Autorais (1998), proibição, registro, obra intelectual, obra protegida, autoria (publicação), inteligência artificial.;Notificações;2025-06-11;Tramitando em Conjunto;0.5284;PARCIAL (1 Termo);0.5355;
2607743;PLP 49/2026;Projeto de Lei Complementar;2026-03-10;Caio Vianna;PSD;Altera a Lei Complementar nº 123, de 14 de dezembro de 2006, para permitir que microempresas e empresas de pequeno porte optantes pelo Simples Nacional apurem crédito fiscal decorrente de dispêndios com o desenvolvimento de sistemas de inteligência artificial brasileiros.;https://www.camara.leg.br/proposicoesWeb/prop_mostrarintegra?codteor=3094694;https://www.camara.leg.br/proposicoesWeb/fichadetramitacao?idProposicao=2607743;Alteração, Estatuto Nacional da Microempresa e da Empresa de Pequeno Porte (2006), Microempresa, Pequena empresa, Regime Especial Unificado de Arrecadação de Tributos e Contribuições devidos pelas Microempresas e Empresas de Pequeno Porte (SIMPLES NACIONAL), apuração, apropriação, crédito tributário, despesa, desenvolvimento, Sistema de inteligência artificial, Brasil, benefício fiscal, tributação, Inovação tecnológica, tecnologia.;Apresentação de Proposição;2026-03-10;Aguardando Despacho do Presidente da Câmara dos Deputados (Chancela);0.5277;TOTAL (2 Termos);0.4096;
2447165;PL 2775/2024;Projeto de Lei;2024-07-08;João Daniel;PT;Altera a Lei nº 13.709, de 14 de agosto de 2018, Lei Geral de Proteção de Dados Pessoais (LGPD), para determinar critérios à permissão do uso dos dados pessoais para o treinamento e aperfeiçoamento de sistemas de inteligência artificial (IA).;https://www.camara.leg.br/proposicoesWeb/prop_mostrarintegra?codteor=2450495;https://www.camara.leg.br/proposicoesWeb/fichadetramitacao?idProposicao=2447165;Alteração, Lei Geral de Proteção de Dados Pessoais (LGPDP) (2018), regulamentação, utilização, dados pessoais, Sistema de inteligência artificial.;Apresentação de Requerimento;2025-08-05;Aguardando Parecer;0.5272;PARCIAL (1 Termo);0.5340;
2448043;PL 2807/2024;Projeto de Lei;2024-07-09;Júnior Mano;PSB;Dispõe sobre a proteção da imagem de crianças, proibindo a utilização de suas fotos para alimentar ferramentas de inteligência artificial sem o consentimento expresso de seus pais ou representantes legais.;https://www.camara.leg.br/proposicoesWeb/prop_mostrarintegra?codteor=2452315;https://www.camara.leg.br/proposicoesWeb/fichadetramitacao?idProposicao=2448043;Alteração, Estatuto da Criança e do Adolescente (ECA) (1990), Proibição, imagem, Fotografia, criança, adolescente, sistema de inteligência artificial, ausência, autorização, pais, responsável legal, configuração, Crime contra a criança e o adolescente, reclusão, multa.;Publicação de Proposição;2025-04-28;Aguardando Designação de Relator(a);0.5256;TOTAL (2 Termos);0.4070;
2612311;PL 1421/2026;Projeto de Lei;2026-03-26;Natália Bonavides;PT;Altera a Lei nº 12.965, de 23 de abril de 2014, para dispor sobre transparência e governança algorítmica, vedar práticas digitais de indução compulsiva e de manipulação abusiva do comportamento do usuário, coibir a amplificação lucrativa de conteúdos ilícitos e a distorção opaca do debate público, e dar outras providências.;https://www.camara.leg.br/proposicoesWeb/prop_mostrarintegra?codteor=3105359;https://www.camara.leg.br/proposicoesWeb/fichadetramitacao?idProposicao=2612311;Alteração, Marco Civil da Internet (2014), aperfeiçoamento, Marco regulatório, Internet, gestão, Transparência algorítmica, prevenção, manipulação, comportamento, usuário. _ Proibição, Provedor de aplicações, plataforma digital, Big techs, Arquitetura Digital (AD), design de interface, inteligência artificial, indução, vício (comportamento), uso abusivo, algoritmo, exploração, vulnerabilidade, usuário, Impulsionamento de conteúdo, Conteúdo ilegal, discriminação, violência, crime, lucro, debate, processo eleitoral.  _ Diretrizes, autodeterminação informativa, Dados pessoais sensíveis, usuário.;Apresentação de Proposição;2026-03-26;;0.5210;TOTAL (2 Termos);0.4012;
2262414;PL 4510/2020;Projeto de Lei;2020-09-09;Afonso Florence;PT;"Estabelece nova definição sobre o que se entende como atividade de inteligência do Estado, dispõe sobre a tipificação criminal do desvio de finalidade em atividades inerentes aos serviços de inteligência e altera a Lei nº 9.883, de 7 de dezembro de 1999 (Cria o Sistema Brasileiro de Inteligência e a ABIN); e a Lei nº 13.869, de 5 de setembro de 2019 (Crimes de Abuso de Autoridade).";https://www.camara.leg.br/proposicoesWeb/prop_mostrarintegra?codteor=1929005;https://www.camara.leg.br/proposicoesWeb/fichadetramitacao?idProposicao=2262414;Alteração, Lei da Agência Brasileira de Inteligência, definição, atividade de inteligência, inteligência de Estado, finalidade, preservação, soberania nacional, defesa, Estado democrático de direito. _Alteração, Lei de Abuso de Autoridade (2019), tipificação de conduta, desvio de poder, atividade, inteligência de Estado, violação de intimidade, liberdade de expressão, liberdade de pensamento, produção, obtenção, compartilhamento, informação, vida privada, ideologia política, atividade cívica.;Designação de Relator(a);2025-08-07;Aguardando Parecer;0.5208;PARCIAL (1 Termo);0.5260;
2625435;PL 2435/2026;Projeto de Lei;2026-05-18;Fausto Pinato;PP;Institui o Sistema Nacional de Prevenção e Enfrentamento à Violência Digital contra Mulheres e Meninas, altera o Código Penal e o Código de Processo Penal para tipificar e disciplinar a prova de crimes envolvendo conteúdo íntimo não consensual gerado por inteligência artificial ou manipulação digital, e dá outras providências.;https://www.camara.leg.br/proposicoesWeb/prop_mostrarintegra?codteor=3131536;https://www.camara.leg.br/proposicoesWeb/fichadetramitacao?idProposicao=2625435;Alteração, Código Penal (1940), Código de Processo Penal (1941), Crime sexual contra vulnerável, Divulgação de cena de estupro ou de cena de estupro de vulnerável, de cena de sexo ou de pornografia, Conteúdo sintético, Inteligência artificial generativa, ausência, consentimento, Deepfake, Diminuição da pena, revogação, dispositivo legal, Excludente de ilicitude, plataforma digital, Provedor de aplicações, internet, preservação, prova digital (direito), autenticidade, algoritmo, Cadeia de custódia de elementos digitais, dados, responsabilização, Violência contra a mulher, menina, adolescente, Violência de gênero.;Recebimento;2026-07-03;Aguardando Designação de Relator(a);0.5171;TOTAL (2 Termos);0.3964;
2600618;PL 212/2026;Projeto de Lei;2026-02-03;Rubens Pereira Júnior;PT;Criminaliza a produção e a disseminação de conteúdo audiovisual, sonoro ou visual gerado ou manipulado por inteligência artificial (deepfakes) e dá outras providências.;https://www.camara.leg.br/proposicoesWeb/prop_mostrarintegra?codteor=3078129;https://www.camara.leg.br/proposicoesWeb/fichadetramitacao?idProposicao=2600618;Alteração, Código Eleitoral (1965), tipificação de conduta, tipicidade penal, crime eleitoral, propaganda eleitoral irregular, produção, divulgação, produto audiovisual, deepfake, notícia falsa (fake news), desinformação, inteligência artificial, investigação criminal. _Alteração, Marco Civil da Internet (2014), responsabilidade civil, provedor de aplicações, obrigatoriedade, remoção de conteúdo, conteúdo digital, descumprimento, penalidade administrativa. _Alteração, Lei Geral de Proteção de Dados Pessoais (LGPDP) (2018), compartilhamento de dados, garantia, proteção, sigilo, dados pessoais.;Apresentação de Proposição;2026-02-03;Aguardando Despacho do Presidente da Câmara dos Deputados;0.5145;TOTAL (2 Termos);0.3931;
2351622;PL 1190/2023;Projeto de Lei;2023-03-16;Alberto Fraga;PL;Altera a Lei nº 11.776, de 17 de setembro de 2008, que dispõe sobre a estruturação do Plano de Carreiras e Cargos da Agência Brasileira de Inteligência - ABIN, cria as Carreiras de Oficial de Inteligência, Oficial Técnico de Inteligência, Agente de Inteligência e Agente Técnico de Inteligência, e dá outras providências.;https://www.camara.leg.br/proposicoesWeb/prop_mostrarintegra?codteor=2244566;https://www.camara.leg.br/proposicoesWeb/fichadetramitacao?idProposicao=2351622;Alteração, Lei Federal, regularização, garantias fundamentais, proibição, exercício de função pública, ocupante de cargo, Agência Brasileira de Inteligência (ABIN). _Definição, norma geral, procedimento, promoção, plano de cargos, carreiras e salários, Agência Brasileira de Inteligência (ABIN).;Publicação de Proposição;2023-05-12;Aguardando Encaminhamento;0.5135;PARCIAL (1 Termo);0.5168;
2490199;PL 1243/2025;Projeto de Lei;2025-03-26;Jonas Donizette;PSB;Altera as Leis n° 9.279, de 1996, e 9.610, de 1998, de modo a permitir o registro de pseudônimo ou apelido notoriamente conhecidos de menores de dezoito anos, representados ou assistidos pelos pais ou representante legal bem como a fim de regular direitos conexos relativos a conteúdo multimídia gerado por inteligência artificial;https://www.camara.leg.br/proposicoesWeb/prop_mostrarintegra?codteor=2873525;https://www.camara.leg.br/proposicoesWeb/fichadetramitacao?idProposicao=2490199;Alteração, Lei de Propriedade Industrial (1996), Lei dos Direitos Autorais (1998), autorização, registro, Pseudônimo, Imagem, Alcunha, Menor de idade, Representante legal, utilização, Inteligência artificial, Artista, Esportista, Atleta, Exploração comercial, Marca de comércio.;Saída de Relator(a) da Comissão - Sem Parecer Apresentado;2025-09-02;Aguardando Designação - Aguardando Devolução de Relator(a) que deixou de ser Membro;0.5106;TOTAL (2 Termos);0.3882;
2418795;PL 477/2024;Projeto de Lei;2024-02-28;Saullo Vianna;UNIÃO;Tipifica na lei penal a alteração de fotos, vídeos e som com o uso de sistema de Inteligência Artificial para praticar violência contra a mulher.;https://www.camara.leg.br/proposicoesWeb/prop_mostrarintegra?codteor=2390112;https://www.camara.leg.br/proposicoesWeb/fichadetramitacao?idProposicao=2418795;Alteração, Código Penal (1940), Exposição de intimidade sexual, tipicidade penal, Tratamento de imagem, manipulação, som, vídeo, Inteligência artificial, finalidade, Assédio moral, constrangimento, mulher, Violência doméstica, violência contra a mulher.;Notificacao para Publicação Intermediária;2025-10-15;;0.5079;TOTAL (2 Termos);0.3849;
2612847;PL 1530/2026;Projeto de Lei;2026-03-30;Rubens Pereira Júnior;PT;"Estabelece regras para o uso de tecnologias de geração sintética de voz, imagem e vídeo em atos públicos, comunicações políticas e campanhas eleitorais; exige identificação explícita de conteúdo gerado artificialmente, consentimento prévio e documentado da pessoa retratada (ou de seus herdeiros no caso de falecidos), declaração pública de autoria e financiamento, veda uso de imagens ou vozes sintéticas de terceiros em atos oficiais com caráter partidário no período pré-eleitoral; e prevê sanções administrativas e eleitorais para descumprimento.";https://www.camara.leg.br/proposicoesWeb/prop_mostrarintegra?codteor=3106979;https://www.camara.leg.br/proposicoesWeb/fichadetramitacao?idProposicao=2612847;Alteração, Código Civil (2002), Lei das Eleições (1997), Código Eleitoral (1965), Lei Geral do Processo Administrativo (1999), regulamentação, utilização, tecnologia, inteligência artificial generativa, voz sintetizada, imagem, vídeo, evento político, propaganda política, campanha eleitoral, penalidade administrativa, diretrizes.;Apresentação de Proposição;2026-03-30;;0.5076;TOTAL (2 Termos);0.3845;
2394357;PL 4869/2023;Projeto de Lei;2023-10-05;Marco Brasil;PP;Veda a demissão ou redução da jornada de trabalho dos profissionais da voz e dos intérpretes de Língua Brasileira de Sinais - Libras em razão da utilização de ferramentas de inteligência artificial para produção de conteúdos audiovisuais.;https://www.camara.leg.br/proposicoesWeb/prop_mostrarintegra?codteor=2341398;https://www.camara.leg.br/proposicoesWeb/fichadetramitacao?idProposicao=2394357;Proibição, demissão, redução, jornada de trabalho, profissional, voz humana, Intérprete de língua de sinais, decorrência, utilização, ferramenta tecnológica, inteligência artificial, produção, conteúdo audiovisual.;Encerramento de Prazo;2024-05-07;Aguardando Designação - Aguardando Devolução de Relator(a) que deixou de ser Membro;0.5068;TOTAL (2 Termos);0.3835;
2469586;PL 4400/2024;Projeto de Lei;2024-11-14;Julio Lopes;PP;Altera a Lei n° 9.610, de 1998, Lei de Direito Autoral, de modo a regular os direitos conexos relativos a conteúdo multimídia, gerado por algoritmo, altamente realista, da voz ou imagem de intérprete ou executante identificável e que simule sua participação em obra audiovisual ou fonograma.;https://www.camara.leg.br/proposicoesWeb/prop_mostrarintegra?codteor=2821713;https://www.camara.leg.br/proposicoesWeb/fichadetramitacao?idProposicao=2469586;Alteração, Lei dos Direitos Autorais (1998), réplica digital, Algoritmo, simulação, voz humana, imagem, falsificação, obra audiovisual, obra gerada por inteligência artificial, obrigatoriedade, autorização, titular, remuneração, direito à imagem, direito de propriedade intelectual, informação ao consumidor.;Rejeição de Requerimento;2025-11-26;Pronta para Pauta;0.5052;TOTAL (2 Termos);0.3815;
2629940;PL 2850/2026;Projeto de Lei;2026-06-03;Ribeiro Neto;PRD;Institui a Política Nacional de Transição Profissional Tecnológica – PNTPT, destinada à preparação, proteção e requalificação dos trabalhadores diante dos impactos da automação, da inteligência artificial e das novas tecnologias no mercado de trabalho.;https://www.camara.leg.br/proposicoesWeb/prop_mostrarintegra?codteor=3141817;https://www.camara.leg.br/proposicoesWeb/fichadetramitacao?idProposicao=2629940;Criação, âmbito nacional, Transição, profissional, tecnologia, ambiente de trabalho, trabalhador, capacitação, Inovação tecnológica, inteligência artificial, Automação de processo, Digitalização, diretrizes.;Apresentação de Proposição;2026-06-03;Aguardando Chancela e Publicação do Despacho;0.4993;TOTAL (2 Termos);0.3741;
2401304;PL 5359/2023;Projeto de Lei;2023-11-06;Erika Kokay;PT;Altera a Lei nº 8.069, de 13 de julho de 1990 - Estatuto da Criança e do Adolescente, para criminalizar a adulteração, montagem ou modificação de fotografia, vídeo ou qualquer outra forma de representação visual por meio de Inteligência Artificial, a aquisição e a posse de tal material e outras condutas relacionadas à pedofilia na internet.;https://www.camara.leg.br/proposicoesWeb/prop_mostrarintegra?codteor=2355132;https://www.camara.leg.br/proposicoesWeb/fichadetramitacao?idProposicao=2401304;Alteração, Estatuto da Criança e do Adolescente (ECA) (1990), criminalização, adulteração, montagem, Fotografia, Fotografia retocada, Vídeo, Produto audiovisual, utilização, Inteligência artificial, Ciberpedofilia, Pedofilia, Rede social digital, Crime cibernético.;Arquivamento;2023-12-06;Aguardando Encaminhamento;0.4906;TOTAL (2 Termos);0.3633;
2467209;PL 4272/2024;Projeto de Lei;2024-11-05;Rubens Pereira Júnior;PT;Altera o Estatuto da Criança e do Adolescente e a Lei de Crimes Hediondos para tipificar e tornar hedionda a produção, disseminação e posse de conteúdos gerados por inteligência artificial ou deepfakes que simulem pornografia infantil.;https://www.camara.leg.br/proposicoesWeb/prop_mostrarintegra?codteor=2816628;https://www.camara.leg.br/proposicoesWeb/fichadetramitacao?idProposicao=2467209;Alteração, Estatuto da Criança e do Adolescente (ECA) (1990), Lei dos Crimes Hediondos (1990), Tipificação de conduta, produção, propagação, Deepfake, Conteúdo impróprio, Inteligência artificial, simulação, Pornografia infantil, Abuso sexual, Criança.;Recebimento;2025-03-19;Tramitando em Conjunto;0.4858;TOTAL (2 Termos);0.3572;
2595747;PL 6336/2025;Projeto de Lei;2025-12-10;Marcos Tavares;PDT;Dispõe sobre a proteção jurídica do consumidor contra o uso de conteúdos sintéticos e deepfakes em comunicações comerciais, publicidade e fraudes, estabelece deveres de transparência e segurança para fornecedores e plataformas digitais, cria tipos penais e prioridade de persecução para crimes praticados com uso de inteligência artificial e dá outras providências.;https://www.camara.leg.br/proposicoesWeb/prop_mostrarintegra?codteor=3065734;https://www.camara.leg.br/proposicoesWeb/fichadetramitacao?idProposicao=2595747;Diretrizes, Proteção legal, consumidor, Ordem econômica, conteúdo sintético, Deepfake, Sistema de inteligência artificial, Campanha publicitária, golpe financeiro, Fraude eletrônica, obrigatoriedade, plataforma digital, rotulagem, conteúdo digital, Inteligência artificial generativa, descumprimento, responsabilidade civil, responsabilidade penal.;Apresentação de Proposição;2025-12-10;Aguardando Despacho do Presidente da Câmara dos Deputados (Chancela);0.4851;TOTAL (2 Termos);0.3563;
2192901;PL 1072/2019;Projeto de Lei;2019-02-22;José Medeiros;PL;Dispõe sobre a profissão de vigia autônomo.;https://www.camara.leg.br/proposicoesWeb/prop_mostrarintegra?codteor=1714074;https://www.camara.leg.br/proposicoesWeb/fichadetramitacao?idProposicao=2192901;Regulamentação, profissão, vigia autônomo.;Recebimento;2023-11-17;Aguardando Designação de Relator(a);0.4731;NAO;0.5913;
2391592;PL 4730/2023;Projeto de Lei;2023-09-27;Delegado Palumbo;MDB;"Incluir a alínea ""m"" no inciso II do artigo 61 do Decreto Lei n° 2.848, de 7 de dezembro de 1940, Código penal, para prever o uso da inteligência artificial como circunstância agravante, e dá outras providências.";https://www.camara.leg.br/proposicoesWeb/prop_mostrarintegra?codteor=2335571;https://www.camara.leg.br/proposicoesWeb/fichadetramitacao?idProposicao=2391592;Alteração, Código Penal (1940), Inteligência artifical, Crime, Estelionato, Rede social digital, Aumento da pena.;Saída de Relator(a) da Comissão - Sem Parecer Apresentado;2025-03-19;Aguardando Designação - Aguardando Devolução de Relator(a) que deixou de ser Membro;0.4696;PARCIAL (1 Termo);0.4621;
2374358;PL 3614/2023;Projeto de Lei;2023-07-24;Benedita da Silva;PT;Dispõe sobre a proteção à imagem e à voz, reconstruídas digitalmente, de pessoa já falecida.;https://www.camara.leg.br/proposicoesWeb/prop_mostrarintegra?codteor=2302205;https://www.camara.leg.br/proposicoesWeb/fichadetramitacao?idProposicao=2374358;Proteção, imagem, voz humana, reconstrução, pessoa falecida, autorização, testamento, vontade, alteração, Código Civil (2002), direito da personalidade, tecnologia, inteligência artificial, deepfake.;Publicação de Proposição;2023-08-09;Tramitando em Conjunto;0.4686;TOTAL (2 Termos);0.3358;
2487245;PL 1030/2025;Projeto de Lei;2025-03-17;Alberto Fraga;PL;Institui a Medalha do Mérito da Inteligência Nacional, e dá outras providências.;https://www.camara.leg.br/proposicoesWeb/prop_mostrarintegra?codteor=2868103;https://www.camara.leg.br/proposicoesWeb/fichadetramitacao?idProposicao=2487245;Criação, Medalha do Mérito da Inteligência Nacional, condecoração, atividade de inteligência, inteligência de segurança pública, homenagem, cerimônia, dezembro, conselho consultivo, Sistema Brasileiro de Inteligência (SISBIN).;Recebimento;2025-04-25;Aguardando Designação de Relator(a);0.4676;PARCIAL (1 Termo);0.4595;
2555663;PL 4358/2025;Projeto de Lei;2025-09-02;Romero Rodrigues;PODE;Institui princípios, objetivos, diretrizes, direitos, deveres, instrumentos de gestão de risco e de transparência, bem como mecanismos de fomento, fiscalização e governança para o desenvolvimento e o uso ético e responsável de sistemas de Inteligência Artificial no Brasil, e dá outras providências.;https://www.camara.leg.br/proposicoesWeb/prop_mostrarintegra?codteor=2990583;https://www.camara.leg.br/proposicoesWeb/fichadetramitacao?idProposicao=2555663;Diretrizes, Gerenciamento de risco, governança, transparência, uso responsável, Sistema de inteligência artificial.;Recebimento;2025-09-23;Tramitando em Conjunto;0.4644;PARCIAL (1 Termo);0.4555;
2490092;PL 1239/2025;Projeto de Lei;2025-03-26;Alberto Fraga;PL;Altera a Lei no 8.069, de 13 de julho de 1990 - Estatuto da Criança e do Adolescente, para prever que as imagens geradas artificialmente, por técnica computacional ou qualquer outro meio, ainda que não vinculadas a situação ou a pessoa real, com finalidades sexuais de criança ou adolescentes, enquadram-se para aplicação do art. 241-E, e dá outras providências.;https://www.camara.leg.br/proposicoesWeb/prop_mostrarintegra?codteor=2873391;https://www.camara.leg.br/proposicoesWeb/fichadetramitacao?idProposicao=2490092;Alteração, Estatuto da Criança e do Adolescente (ECA) (1990), enquadramento, pornografia infantil, geração, imagem sexual, artificial, criança, adolescente.;Apensação;2025-05-14;Tramitando em Conjunto;0.4602;PARCIAL (1 Termo);0.4503;
2477182;PL 4768/2024;Projeto de Lei;2024-12-09;Juninho do Pneu;UNIÃO;Dispõe sobre a responsabilização do crime de manipulação de imagem de forma não autorizada.;https://www.camara.leg.br/proposicoesWeb/prop_mostrarintegra?codteor=2836557;https://www.camara.leg.br/proposicoesWeb/fichadetramitacao?idProposicao=2477182;Alteração, Código Penal (1940), Tipificação de conduta, Crime, Tratamento de imagem, Fotografia retocada, Inteligência artificial, utilização indevida, Deepfake.;Recebimento;2025-05-14;Tramitando em Conjunto;0.4559;TOTAL (2 Termos);0.3198;
2416950;PL 58/2024;Projeto de Lei;2024-02-05;Alberto Fraga;PL;Disciplina a utilização, para fins de atividades de inteligência estatal, de investigação criminal, de controle ou de fiscalização fazendária federais, de programas informáticos de intrusão virtual remota ou ferramentas de monitoramento sigiloso de aparelhos digitais de comunicação pessoal, define crimes, e dá outras providências.;https://www.camara.leg.br/proposicoesWeb/prop_mostrarintegra?codteor=2384244;https://www.camara.leg.br/proposicoesWeb/fichadetramitacao?idProposicao=2416950;Disciplinamento, utilização, atividade de inteligência, Estado (nação), Investigação criminal, controle, fiscalização, fazenda nacional, software, intrusão virtual, ferramenta tecnológica, monitoramento sigiloso, produto eletrônico, comunicação, uso pessoal, Comunicação institucional. _Utilização, software, intrusão virtual, monitoramento sigiloso, exclusividade, obtenção, dados, negação, cumprimento, operação, inteligência, necessidade, autorização judicial. _Solicitação, autorização judicial, utilização, Ferramenta tecnológica, acesso, equipamento eletrônico, interceptação, captação, coleta, dados, informação, comunicação, investigado, Smartphone, Tablet. _Procedimento, tramitação, segredo de justiça. _Órgão de inteligência, obrigatoriedade, elaboração, Instrução normativa, utilização, software, ferramenta tecnológica. _Fim, operação, diligência, elaboração, Relatório circunstanciado, utilização, Ferramenta tecnológica, software, intrusão virtual. _Consideração, crime, utilização, software, intrusão virtual, ferramenta tecnológica, monitoramento sigiloso, aparelho digital, comunicação pessoal, ausência, quebra, segredo de justiça, ausência, autorização judicial.;Notificacao para Publicação Intermediária;2025-08-07;Tramitando em Conjunto;0.4548;PARCIAL (1 Termo);0.4435;
2602201;PL 450/2026;Projeto de Lei;2026-02-10;Rubens Pereira Júnior;PT;Dispõe sobre obrigações de transparência, retenção de registros, rotulagem de conteúdo político gerado ou amplificado por algoritmos no período eleitoral e dá outras providências.;https://www.camara.leg.br/proposicoesWeb/prop_mostrarintegra?codteor=3081152;https://www.camara.leg.br/proposicoesWeb/fichadetramitacao?idProposicao=2602201;Alteração, Lei Geral de Proteção de Dados Pessoais (LGPDP) (2018), Marco Civil da Internet (2014), Código Eleitoral (1965), Lei das Eleições (1997), obrigatoriedade, provedor de conteúdo, plataforma digital, período eleitoral, campanha eleitoral, rotulagem, conteúdo digital, inteligência artificial generativa, manutenção, registro, metadados, combate, desinformação, notícia falsa (fake news), fiscalização, Justiça Eleitoral.;Apresentação de Proposição;2026-02-10;;0.4546;TOTAL (2 Termos);0.3183;
2442452;PL 2506/2024;Projeto de Lei;2024-06-20;Rogéria Santos;REPUBLICANOS;Altera o Decreto-Lei nº 2.848, de 7 de dezembro de 1940 – Código Penal, para estabelecer causa de aumento de pena no crime de favorecimento da prostituição ou de outra forma de exploração sexual de criança ou adolescente ou de vulnerável quando praticado com o uso de inteligência artificial.;https://www.camara.leg.br/proposicoesWeb/prop_mostrarintegra?codteor=2440567;https://www.camara.leg.br/proposicoesWeb/fichadetramitacao?idProposicao=2442452;Alteração, Código Penal (1940), Crime sexual contra vulnerável, aumento da pena, Favorecimento da prostituição ou outra forma de exploração sexual de criança ou adolescente ou vulnerável, utilização, tecnologia, inteligência artificial.;Designação de Relator(a);2025-12-18;Aguardando Parecer;0.4539;PARCIAL (1 Termo);0.4424;
2637297;PL 3485/2026;Projeto de Lei;2026-07-06;Eduardo da Fonte;PP;Dispõe sobre o Subsistema de Inteligência de Segurança Pública, no âmbito do Sistema Brasileiro de Inteligência e do Sistema Único de Segurança Pública.;https://www.camara.leg.br/proposicoesWeb/prop_mostrarintegra?codteor=3157406;https://www.camara.leg.br/proposicoesWeb/fichadetramitacao?idProposicao=2637297;Alteração, Lei da Agência Brasileira de Inteligência (1999), Lei federal, integração, Subsistema de Inteligência de Segurança Pública (SISP), Sistema Brasileiro de Inteligência (SISBIN), Sistema Único de Segurança Pública (Susp), regulamentação, compartilhamento de dados, acesso restrito, auditoria, rastreabilidade, diretrizes.;Apresentação de Proposição;2026-07-06;;0.4535;PARCIAL (1 Termo);0.4419;
2379020;PL 3902/2023;Projeto de Lei;2023-08-14;Nely Aquino;PODE;Altera a Lei nº 12.965, de 23 de abril de 2014, para coibir o uso, criação, distribuição e comercialização de aplicativos e programas destinados à criação de imagens ou vídeos pornográficos ou obscenos falsos.;https://www.camara.leg.br/proposicoesWeb/prop_mostrarintegra?codteor=2311770;https://www.camara.leg.br/proposicoesWeb/fichadetramitacao?idProposicao=2379020;Alteração, Marco Civil da Internet, proibição, utilização, criação, comercialização, Software aplicativo, Inteligência artificial, imagem, vídeo, pornografia, Ato obsceno, Deep nude, Responsabilidade subsidiária, provedor de aplicações.;Publicação de Proposição;2025-06-23;Aguardando Designação de Relator(a);0.4534;TOTAL (2 Termos);0.3168;
2636431;PLP 193/2026;Projeto de Lei Complementar;2026-07-01;Josenildo;PDT;Altera a Lei Complementar nº 182, de 1º de junho de 2021, para ampliar o marco legal das startups e do empreendedorismo inovador de modo a abranger a economia digital, a inteligência artificial, a bioeconomia e as compras públicas inovadoras, nos termos que especifica.;https://www.camara.leg.br/proposicoesWeb/prop_mostrarintegra?codteor=3155354;https://www.camara.leg.br/proposicoesWeb/fichadetramitacao?idProposicao=2636431;Alteração, Marco Legal das Startups e do Empreendedorismo Inovador (2021), lei federal, eficiência, estímulo, inovação, tecnologia, inteligência artificial, Bioeconomia, sustentabilidade, Transformação digital, aumento, valor, Cadastro Nacional de Pessoa Jurídica (CNPJ), inscrição, enquadramento, Empresa startup, empresário individual, categoria, Economia digital, Segurança jurídica, Segregação patrimonial, Investidor-anjo, validade, Negócio jurídico, Opções de ações, tributação, benefício fiscal, Dedução tributária, investimento, financiamento, Administração pública, licitação, contrato, Solução tecnológica, Sandbox regulatório, responsabilização, agente público, Tribunal de contas, Federalismo, município, incentivo, Educação tecnológica.;Apresentação de Proposição;2026-07-01;Aguardando Despacho do Presidente da Câmara dos Deputados;0.4436;TOTAL (2 Termos);0.3045;
2398699;PL 5139/2023;Projeto de Lei;2023-10-24;Carlos Zarattini;PT;Acrescenta § 3º ao artigo 6º da LEI nº 9.883, DE 7 DE DEZEMBRO DE 1999, que  Institui o Sistema Brasileiro de Inteligência, cria a Agência Brasileira de Inteligência-ABIN, e dá outras providências.;https://www.camara.leg.br/proposicoesWeb/prop_mostrarintegra?codteor=2349245;https://www.camara.leg.br/proposicoesWeb/fichadetramitacao?idProposicao=2398699;Alteração, Lei da Agência Brasileira de Inteligência (1999), obrigatoriedade, Agência Brasileira de Inteligência (ABIN), relatório, Órgão de Controle Externo da Atividade de Inteligência, detalhamento, informação, atividade, operação, utilização, produtos, bens, serviços.;Notificações;2024-07-19;Tramitando em Conjunto;0.4429;PARCIAL (1 Termo);0.4287;
2334114;PL 2310/2022;Projeto de Lei;2022-08-16;Capitão Derrite;PP;Dispõe sobre as ações de Inteligência exercidas pelas instituições previstas nos incisos II, V e VI, do caput do art. 144 da Constituição Federal, destinadas à busca, produção e tratamento de informações necessárias à prevenção da criminalidade e violência, a preservação da ordem pública e a incolumidade das pessoas e do patrimônio.;https://www.camara.leg.br/proposicoesWeb/prop_mostrarintegra?codteor=2203324;https://www.camara.leg.br/proposicoesWeb/fichadetramitacao?idProposicao=2334114;Disciplinamento, atuação, Inteligência de segurança pública, Polícia rodoviária federal, Polícia militar, Corpo de bombeiros militar, Polícia penal federal, Polícia penal estadual, Polícia penal distrital, pesquisa, produção, tratamento da informação, necessidade, prevenção, criminalidade, violência, preservação, ordem pública, incolumidade pública, pessoa, patrimônio público.;Parecer do(a) Relator(a);2025-04-02;Pronta para Pauta;0.4403;PARCIAL (1 Termo);0.4254;
2542857;PL 3917/2025;Projeto de Lei;2025-08-12;Marcos Tavares;PDT;Dispõe sobre a obrigatoriedade da integração nativa, imutável e inteligente de sistema nacional de proteção e rastreamento de dispositivos móveis, denominado “Sentinela Digital”, com persistência total no hardware, autenticação multifatorial via Gov.br, inteligência artificial para monitoramento de tentativas de fraude e integração com blockchain para registro imutável de bloqueios e desbloqueios, e dá outras providências.;https://www.camara.leg.br/proposicoesWeb/prop_mostrarintegra?codteor=2971182;https://www.camara.leg.br/proposicoesWeb/fichadetramitacao?idProposicao=2542857;Criação, Sentina Digital, solução tecnológica, instalação, Dispositivo móvel, celular, segurança cibernética, proteção, dados pessoais, prevenção, Crime cibernético, diretrizes.;Encerramento de Prazo;2025-10-01;Aguardando Parecer;0.4363;NAO;0.5454;
2531985;PL 3253/2025;Projeto de Lei;2025-07-03;Juninho do Pneu;UNIÃO;Dispõe da profissão de Esteticista Especializado em Bronzeamento Artificial e estabelece normas para a produção, comercialização e fiscalização dos equipamentos e produtos utilizados nessa atividade e dá outras providências.;https://www.camara.leg.br/proposicoesWeb/prop_mostrarintegra?codteor=2949142;https://www.camara.leg.br/proposicoesWeb/fichadetramitacao?idProposicao=2531985;Regulamentação, exercício profissional, esteticista, bronzeamento artificial, diretrizes.;Publicação de Proposição;2025-12-15;Aguardando Designação de Relator(a);0.4263;PARCIAL (1 Termo);0.4079;
2268942;PL 199/2021;Projeto de Lei;2021-02-04;Kim Kataguiri;UNIÃO;Altera a Lei n° 9.883, de 07 de dezembro de 1999, que instituiu o Sistema Brasileiro de Inteligência, estabelecendo normas procedimentais para coleta, tratamento, compartilhamento e disseminação de informações, de forma a assegurar a estrita observância aos direitos, liberdades e garantias individuais e coletivas.;https://www.camara.leg.br/proposicoesWeb/prop_mostrarintegra?codteor=1960249;https://www.camara.leg.br/proposicoesWeb/fichadetramitacao?idProposicao=2268942;Alteração, Lei da Agência Brasileira de Inteligência, órgão público, agente público, composição, Sistema Brasileiro de Inteligência (SISBIN), norma geral, coleta, tratamento da informação, compartilhamento, disseminação da informação, cumprimento, direito à liberdade, garantias individuais, direitos coletivos. _ Gestor, Sistema Brasileiro de Inteligência (SISBIN), encaminhamento, anual, Congresso Nacional, atividade de inteligência.;Notificacao para Publicação Intermediária;2025-08-07;Tramitando em Conjunto;0.4226;PARCIAL (1 Termo);0.4032;
2189880;PL 11215/2018;Projeto de Lei;2018-12-17;Supremo Tribunal Federal;N/A;Institui o Laboratório de Inovação, Inteligência e Objetivo de Desenvolvimento Sustentável - LIODS no Conselho Nacional de Justiça - CNJ.;https://www.camara.leg.br/proposicoesWeb/prop_mostrarintegra?codteor=1701795;https://www.camara.leg.br/proposicoesWeb/fichadetramitacao?idProposicao=2189880;Criação, Laboratório de Inovação, Inteligência e Objetivo de Desenvolvimento Sustentável (LIODS),   Conselho Nacional de Justiça (CNJ), cargo em comissão, função comissionada, transparência pública, Poder Judiciário.;Encerramento de Prazo;2025-04-15;Aguardando Parecer;0.4217;PARCIAL (1 Termo);0.4021;
2196777;PL 2030/2019;Projeto de Lei;2019-04-03;Lucio Mosquini;MDB;Acrescenta dispositivo à Lei nº 8.935, de 18 de novembro de 1994;https://www.camara.leg.br/proposicoesWeb/prop_mostrarintegra?codteor=1728239;https://www.camara.leg.br/proposicoesWeb/fichadetramitacao?idProposicao=2196777;Alteração, Lei de Diretrizes e Bases da Educação Nacional (1996), inclusão, disciplina, estudo, Constituição Federal, currículo escolar, ensino médio, rede pública de ensino.;Notificações;2024-11-25;Tramitando em Conjunto;0.4191;NAO;0.5239;
2198463;PL 2348/2019;Projeto de Lei;2019-04-16;Da Vitoria;PP;Acrescenta dispositivo à Lei nº 8.078, de 11 de setembro de 1990, para dispor sobre o atendimento ao público por meio de dispositivos robotizados ou automatizados;https://www.camara.leg.br/proposicoesWeb/prop_mostrarintegra?codteor=1733953;https://www.camara.leg.br/proposicoesWeb/fichadetramitacao?idProposicao=2198463;Alteração, Código de Defesa do Consumidor, prática abusiva, atendimento robotizado, Serviço de Atendimento ao Consumidor (SAC).;Publicação de Proposição;2019-05-07;Tramitando em Conjunto;0.4190;NAO;0.5238;
2448348;PL 2820/2024;Projeto de Lei;2024-07-10;Erika Kokay;PT;Dispõe sobre a transparência a ser adotada pelos Órgãos de Inteligência das Forças Armadas e Forças Auxiliares.;https://www.camara.leg.br/proposicoesWeb/prop_mostrarintegra?codteor=2452984;https://www.camara.leg.br/proposicoesWeb/fichadetramitacao?idProposicao=2448348;Critério, Órgão de inteligência, Forças Armadas, Força auxiliar, investigação, cidadão, obrigatoriedade, autorização judicial, diretrizes, transparência pública.;Recebimento - Relator(a) (Sem Manifestação);2026-02-10;Aguardando Designação de Relator(a);0.4182;PARCIAL (1 Termo);0.3977;
2458566;PL 3604/2024;Projeto de Lei;2024-09-17;Fred Linhares;REPUBLICANOS;Altera a Lei nº 12.114, de 9 de dezembro de 2009, que Cria o Fundo Nacional sobre Mudança do Clima, para permitir o investimento de recursos no desenvolvimento de tecnologia da informação (TI) e da inteligência artificial (IA) na prevenção e contenção de incêndio em ambientes naturais, e dá outras providências.;https://www.camara.leg.br/proposicoesWeb/prop_mostrarintegra?codteor=2477699;https://www.camara.leg.br/proposicoesWeb/fichadetramitacao?idProposicao=2458566;Alteração, lei federal, utilização, recursos, Fundo Nacional sobre Mudança do Clima (FNMC), prevenção, contenção, incêndio, queimada, incêndio florestal, tecnologia da informação, inteligência artificial.;Encerramento de Prazo;2025-04-29;Aguardando Parecer;0.4177;PARCIAL (1 Termo);0.3971;
2400916;PL 5302/2023;Projeto de Lei;2023-11-01;Alberto Fraga;PL;Altera a Lei nº 9.883, de 07 de dezembro de 1999, para estabelecer regras para o Plano Nacional de Inteligência, diretivas anuais para a Agência Brasileira de Inteligência (ABIN) e aprimorar o controle externo do Poder Legislativo, e dá outras providências.;https://www.camara.leg.br/proposicoesWeb/prop_mostrarintegra?codteor=2354382;https://www.camara.leg.br/proposicoesWeb/fichadetramitacao?idProposicao=2400916;"Alteração, Lei da Agência Brasileira de Inteligência (1999), criação, Plano Nacional de Inteligência (PLANINT),
Indicador de resultado, Indicador de gestão, Atividade de inteligência, Agência Brasileira de Inteligência (ABIN), avaliação, Poder Legislativo.";Notificações;2024-07-19;Tramitando em Conjunto;0.4170;PARCIAL (1 Termo);0.3963;
2246545;PL 1723/2020;Projeto de Lei;2020-04-08;Nivaldo Albuquerque;REPUBLICANOS;Altera a Lei nº 13.340, de 28 de setembro de 2016 e dá outras providências;https://www.camara.leg.br/proposicoesWeb/prop_mostrarintegra?codteor=1878605;https://www.camara.leg.br/proposicoesWeb/fichadetramitacao?idProposicao=2246545;Alteração, Lei Federal, prorrogação, prazo, adesão, produtor rural, benefício, reparcelamento, renegociação, dívida agrária, suspensão provisória, liquidação, penhora, bens, decorrência, emergência de saúde pública, pandemia, coronavírus.;Recebimento;2023-09-26;Tramitando em Conjunto;0.4143;NAO;0.5179;
2484344;PL 516/2025;Projeto de Lei;2025-02-18;Maurício Carvalho;UNIÃO;Altera a Lei nº 9.394, de 20 de dezembro de 1996, para incluir a inteligência emocional e a programação neurolinguística no currículo do Ensino Fundamental e Médio e dá outras providências.;https://www.camara.leg.br/proposicoesWeb/prop_mostrarintegra?codteor=2856842;https://www.camara.leg.br/proposicoesWeb/fichadetramitacao?idProposicao=2484344;Alteração, Lei de Diretrizes e Bases da Educação Nacional (1996), inclusão, currículo escolar, Ensino Fundamental, Ensino médio, conteúdo educativo, inteligência emocional, programação neurolinguística, diretrizes.;Pedido de Vista;2025-12-17;Aguardando Vistas;0.4115;PARCIAL (1 Termo);0.3894;
2204068;PL 3005/2019;Projeto de Lei;2019-05-21;Renata Abreu;PODE;Altera a Lei nº 9.394, de 20 de dezembro de 1996, que estabelece as diretrizes e bases da educação nacional, para incluir, entre os conteúdos obrigatórios a serem desenvolvidos nos currículos da educação básica, a inteligência emocional.;https://www.camara.leg.br/proposicoesWeb/prop_mostrarintegra?codteor=1750331;https://www.camara.leg.br/proposicoesWeb/fichadetramitacao?idProposicao=2204068;Alteração, Lei de Diretrizes e Bases da Educação Nacional (1996), inclusão, inteligência emocional, currículo escolar, educação básica.;Publicação de Proposição;2019-05-28;Tramitando em Conjunto;0.4076;PARCIAL (1 Termo);0.3845;
2503275;PL 2037/2025;Projeto de Lei;2025-04-30;João Daniel;PT;Tipifica o crime de atribuição fraudulenta de autoria a terceiro, por meio da criação, manipulação ou disseminação de conteúdos falsos com potencial de causar dano à honra, imagem, segurança ou à ordem pública, inclusive quando realizados com uso de inteligência artificial.;https://www.camara.leg.br/proposicoesWeb/prop_mostrarintegra?codteor=2896780;https://www.camara.leg.br/proposicoesWeb/fichadetramitacao?idProposicao=2503275;Alteração, Código Penal (1940), Crime contra a fé pública, tipificação de conduta, fraude, atribuição, Autoria (direito penal), conteúdo digital, utilização, inteligência artificial.;Recebimento;2025-06-02;Aguardando Designação de Relator(a);0.4061;PARCIAL (1 Termo);0.3826;
2353932;PL 1477/2023;Projeto de Lei;2023-03-28;Alberto Fraga;PL;Institui, no âmbito do Sistema Brasileiro de Inteligência (SISBIN), o Subsistema de Monitoramento e Alerta Contra Atos Extremistas Violentos, e dá outras providências.;https://www.camara.leg.br/proposicoesWeb/prop_mostrarintegra?codteor=2251339;https://www.camara.leg.br/proposicoesWeb/fichadetramitacao?idProposicao=2353932;Criação, Subsistema de Monitoramento e Alerta Contra Atos Extremistas Violentos, âmbito, Sistema Brasileiro de Inteligência (SISBIN), integração, órgão público, prevenção, enfrentamento, ataque violento, diretrizes.;Saída de Relator(a) da Comissão - Sem Parecer Apresentado;2025-03-19;Aguardando Designação - Aguardando Devolução de Relator(a) que deixou de ser Membro;0.4057;PARCIAL (1 Termo);0.3821;
2419152;PL 537/2024;Projeto de Lei;2024-03-04;Rodrigo Gambale;PODE;Dispõe sobre o fortalecimento da atividade de inteligência policial para a prevenção, investigação e repressão aos crimes cujo aliciamento de pessoas ocorre pela Internet e as ações de violência extrema e mórbida se manifestam fora dela.;https://www.camara.leg.br/proposicoesWeb/prop_mostrarintegra?codteor=2391187;https://www.camara.leg.br/proposicoesWeb/fichadetramitacao?idProposicao=2419152;Alteração, Lei Federal, fortalecimento, inteligência policial, prevenção, investigação, repressão, crime, aliciamento, internet, atuação, violência extrema. _Investigação, prevenção, repressão, crime cibernético, repercussão social, violência. _Critério, aplicação, recursos, Fundo Nacional de Segurança Pública (FNSP), inclusão, meta, resultado, relação, prevenção, investigação, repressão, crime cibernético. _Alteração, Lei Federal, recursos, Fundo Nacional de Segurança Pública (FNSP), destinação, atuação, inteligência policial, prevenção, investigação, repressão, crime cibernético, repercussão social, violência.;Parecer do(a) Relator(a);2025-06-23;Pronta para Pauta;0.4041;PARCIAL (1 Termo);0.3801;
2123738;PL 6908/2017;Projeto de Lei;2017-02-15;Carlos Bezerra;MDB;Acrescenta dispositivo na Lei no 13.105, de 15 de março de 2015 - Código de Processo Civil;https://www.camara.leg.br/proposicoesWeb/prop_mostrarintegra?codteor=1525644;https://www.camara.leg.br/proposicoesWeb/fichadetramitacao?idProposicao=2123738;Alteração, Código de Processo Civil (2015), permissão, utilização, ausência, ruído, notebook, tablet, telefone celular, advogado, membro, Ministério público, Defensoria pública, audiência de instrução e julgamento, exceção, inquirição, testemunha.;Saída de Relator(a) da Comissão - Com Parecer Apresentado;2025-03-19;Aguardando Designação de Relator(a);0.4037;NAO;0.5046;
2226827;PL 5667/2019;Projeto de Lei;2019-10-23;Bosco Costa;PL;Acrescenta dispositivo na Lei nº 10.406, de 10 de janeiro de 2002;https://www.camara.leg.br/proposicoesWeb/prop_mostrarintegra?codteor=1825481;https://www.camara.leg.br/proposicoesWeb/fichadetramitacao?idProposicao=2226827;Alteração, Código Civil (2002), retorno, nome, solteiro, independência, homologação, divórcio, união estável.;Encerramento de Prazo;2023-08-09;Aguardando Designação - Aguardando Devolução de Relator(a) que deixou de ser Membro;0.4036;NAO;0.5045;
2433969;PL 1835/2024;Projeto de Lei;2024-05-15;Pinheirinho;PP;Altera o art. 8º da Lei nº 6.446, de 5 de outubro de 1977.;https://www.camara.leg.br/proposicoesWeb/prop_mostrarintegra?codteor=2424018;https://www.camara.leg.br/proposicoesWeb/fichadetramitacao?idProposicao=2433969;Alteração, lei federal, diretrizes, regulamento, reprodução animal, inseminação artificial, animal doméstico, material genético.;Encerramento de Prazo;2024-09-12;Aguardando Parecer;0.4035;PARCIAL (1 Termo);0.3794;
2229902;PL 6059/2019;Projeto de Lei;2019-11-19;Eduardo Costa;PSD;Acrescenta dispositivo à Lei nº 9.434, de 4 de fevereiro de 1997.;https://www.camara.leg.br/proposicoesWeb/prop_mostrarintegra?codteor=1835211;https://www.camara.leg.br/proposicoesWeb/fichadetramitacao?idProposicao=2229902;Alteração, Lei de Transplantes, procedimento, Doador de órgão e tecido, declaração, assinatura, testemunha, registro, cartório, encaminhamento, Sistema Único de Saúde (SUS).;Aprovação de Urgência (154, 155 ou 64 CF);2024-11-13;Tramitando em Conjunto;0.3929;NAO;0.4912;
2209952;PL 3784/2019;Projeto de Lei;2019-06-28;Caroline de Toni;PL;Acrescenta dispositivo à Lei nº 8.501, de 30 de novembro de 1992.;https://www.camara.leg.br/proposicoesWeb/prop_mostrarintegra?codteor=1771584;https://www.camara.leg.br/proposicoesWeb/fichadetramitacao?idProposicao=2209952;Alteração, Lei Federal, critério, Doação de órgão ou tecido, cadáver, cão farejador, Corpo de bombeiros militar.;Notificações;2024-03-21;;0.3929;NAO;0.4912;
2227042;PL 5687/2019;Projeto de Lei;2019-10-24;Junio Amaral;PL;Acrescenta dispositivo à Lei no 10.048, de 8 de novembro de 2000.;https://www.camara.leg.br/proposicoesWeb/prop_mostrarintegra?codteor=1825977;https://www.camara.leg.br/proposicoesWeb/fichadetramitacao?idProposicao=2227042;Alteração, Lei do Atendimento Prioritário, condicionamento, concessão, renovação, alvará de funcionamento, empresa, certificação, acessibilidade, legislação, Associação Brasileira de Normas Técnicas (ABNT), exclusão, microempresa, pequena empresa, enquadramento, Regime Especial Unificado de Arrecadação de Tributos e Contribuições devidos pelas Microempresas e Empresas de Pequeno Porte (SIMPLES NACIONAL).;Parecer do(a) Relator(a);2024-03-27;Aguardando Designação de Relator(a);0.3929;NAO;0.4912;
2082639;PL 5101/2016;Projeto de Lei;2016-04-27;Alfredo Nascimento;PR;Dispõe sobre a regulamentação do exercício da profissão de Analista de Sistemas e suas correlatas.;https://www.camara.leg.br/proposicoesWeb/prop_mostrarintegra?codteor=1452917;https://www.camara.leg.br/proposicoesWeb/fichadetramitacao?idProposicao=2082639;Regulamentação, profissão, Analista de sistemas, ciência da computação, processamento de dados, técnico de informática.;Desarquivamento a Pedido;2019-02-19;Tramitando em Conjunto;0.3923;NAO;0.4904;
2353001;PL 1359/2023;Projeto de Lei;2023-03-23;Alberto Fraga;PL;Altera a Lei nº 9.883, de 07 de dezembro de 1999, para incluir o Art. 3º-A, e dá outras providências.;https://www.camara.leg.br/proposicoesWeb/prop_mostrarintegra?codteor=2248289;https://www.camara.leg.br/proposicoesWeb/fichadetramitacao?idProposicao=2353001;Alteração, Lei da Agência Brasileira de Inteligência, garantia, Agente de inteligência, preservação, nome, qualificação, imagem, dados pessoais. _Proibição, divulgação, identidade, mídia, exposição de imagem, fotografia. Filmagem, ausência, autorização, decisão judicial, decisão administrativa.;Designação de Relator(a);2024-12-17;Tramitando em Conjunto;0.3922;PARCIAL (1 Termo);0.3653;
2189879;PL 11214/2018;Projeto de Lei;2018-12-17;Procuradoria-Geral da República;N/A;Institui o Laboratório de Inovação, Inteligência e Objetivo de Desenvolvimento Sustentável (LIODS) no Conselho Nacional do Ministério Público (CNMP).;https://www.camara.leg.br/proposicoesWeb/prop_mostrarintegra?codteor=1701792;https://www.camara.leg.br/proposicoesWeb/fichadetramitacao?idProposicao=2189879;Criação, Laboratório de Inovação, Inteligência e Objetivo de Desenvolvimento Sustentável (LIODS),   Conselho Nacional do Ministério Público (CNMP), cargo em comissão, função comissionada, transparência pública.;Publicação de Proposição;2025-12-01;Aguardando Encaminhamento;0.3901;PARCIAL (1 Termo);0.3626;
2543045;PL 3931/2025;Projeto de Lei;2025-08-12;Marcos Pollon;PL;Revoga a Lei nº 10.826, de 22 de dezembro de 2003 e dá outras providências.;https://www.camara.leg.br/proposicoesWeb/prop_mostrarintegra?codteor=2971471;https://www.camara.leg.br/proposicoesWeb/fichadetramitacao?idProposicao=2543045;Regulamentação, porte de arma, arma de fogo, munição, insumo, legítima defesa, proteção, patrimônio, coleção, diretrizes. _Revogação, Estatuto do Desarmamento (2003).;Abertura de Prazo;2026-02-12;Aguardando Parecer;0.3880;NAO;0.4850;
2183919;PL 10839/2018;Projeto de Lei;2018-09-20;Professor Pacco;PODE;Altera a Lei nº 9.394, de 20 de dezembro de 1996 (Lei de Diretrizes e Bases da Educação Nacional), para incluir a disciplina de Inteligência Emocional no currículo do ensino médio.;https://www.camara.leg.br/proposicoesWeb/prop_mostrarintegra?codteor=1685463;https://www.camara.leg.br/proposicoesWeb/fichadetramitacao?idProposicao=2183919;Alteração, Lei de Diretrizes e Bases da Educação Nacional (1996), inclusão, disciplina (educação), inteligência emocional, currículo escolar, educação infantil, ensino fundamental, ensino médio, educação emocional.;Notificação de Apensação;2019-05-24;Tramitando em Conjunto;0.3864;PARCIAL (1 Termo);0.3580;
2258516;PL 3908/2020;Projeto de Lei;2020-07-22;Geninho Zuliani;UNIÃO;Altera a Lei nº 13.979, de 6 de fevereiro de 2020 e dá outras providências .;https://www.camara.leg.br/proposicoesWeb/prop_mostrarintegra?codteor=1915662;https://www.camara.leg.br/proposicoesWeb/fichadetramitacao?idProposicao=2258516;Alteração, Lei Federal, sanção, pessoa jurídica, Contrato público, aquisição, bens, insumo, saúde, enfrentamento, Emergência de Saúde Pública de Importância Internacional (ESPII), pandemia Coronavírus, Inexecução do contrato, suspensão, caráter temporário, impedimento, licitação, contrato, Administração Pública, declaração de idoneidade, Multa de mora.;Recebimento;2021-03-10;Tramitando em Conjunto;0.3860;NAO;0.4825;
2260656;PL 4268/2020;Projeto de Lei;2020-08-19;Fábio Mitidieri;PSD;Altera a Lei nº 7.102, de 20 de junho de 1983 e dá outras providências.;https://www.camara.leg.br/proposicoesWeb/prop_mostrarintegra?codteor=1923808;https://www.camara.leg.br/proposicoesWeb/fichadetramitacao?idProposicao=2260656;Alteração, Lei de Segurança Bancária, dispensa, Curso de formação, vigilante, banco, jovem, Serviço militar obrigatório, Certificado de reservista.;Notificações;2025-04-03;Tramitando em Conjunto;0.3860;NAO;0.4825;
2288543;PL 2357/2021;Projeto de Lei;2021-06-29;Julio Cesar Ribeiro;REPUBLICANOS;Altera a Lei n° 6.019 de 3 de janeiro de 1974 e dá outras providências.;https://www.camara.leg.br/proposicoesWeb/prop_mostrarintegra?codteor=2035325;https://www.camara.leg.br/proposicoesWeb/fichadetramitacao?idProposicao=2288543;Alteração, Lei do Trabalho Temporário, contrato, empresa, trabalho temporário, empresa tomadora de serviços, disposição, autoridade fiscal, informação, valor, prestação de serviços, colocação, trabalhador temporário, taxa de agenciamento. _Obrigatoriedade, empresa, trabalho voluntário, emissão, nota fiscal, prestação de serviços, taxa de agenciamento. _Tributação, base decálculo, imposto, taxa de agenciamento, exclusão, valor, obrigação trabalhista, obrigação tributária,;Recebimento;2021-07-12;Tramitando em Conjunto;0.3860;NAO;0.4825;
2293674;PL 2766/2021;Projeto de Lei;2021-08-10;Marco Bertaiolli;PSD;Altera a Lei nº 8.078, de 11 de setembro de 1990 e dá outras providências.;https://www.camara.leg.br/proposicoesWeb/prop_mostrarintegra?codteor=2054650;https://www.camara.leg.br/proposicoesWeb/fichadetramitacao?idProposicao=2293674;Alteração, Código de Defesa do Consumidor, critério, aplicação, sanção administrativa, fornecedor, bens, serviços, infração, Relações de consumo. _ Coordenação, fiscalização, defesa do consumidor, União, Estado (ente federado), Município.;Recebimento - Relator(a);2025-12-16;Pronta para Pauta;0.3860;NAO;0.4825;
2197083;PL 2094/2019;Projeto de Lei;2019-04-05;Carlos Jordy;PL;Altera a Lei nº 7.210, de 11 de julho de 1994 e dá outras providências.;https://www.camara.leg.br/proposicoesWeb/prop_mostrarintegra?codteor=1729198;https://www.camara.leg.br/proposicoesWeb/fichadetramitacao?idProposicao=2197083;Alteração, Lei de Execução Penal, Trabalho do preso, Preso condenado, remuneração, salário mínimo,  aplicação, condicionamento, Progressão de regime prisional.;Recebimento;2019-04-29;Tramitando em Conjunto;0.3860;NAO;0.4825;
2345104;PL 3059/2022;Projeto de Lei;2022-12-21;Stefano Aguiar;PSD;Altera a Lei nº 9.818, de 23 de agosto de 1999 e dá outras providências.;https://www.camara.leg.br/proposicoesWeb/prop_mostrarintegra?codteor=2227784;https://www.camara.leg.br/proposicoesWeb/fichadetramitacao?idProposicao=2345104;Alteração, Lei Federal, regulamentação, concessão, garantia, âmbito, Fundo de Garantia à Exportação (FGE), operação de crédito, realização, Instituição financeira oficial federal, país estrangeiro.;Recebimento;2023-03-28;Tramitando em Conjunto;0.3860;NAO;0.4825;
2223921;PL 5378/2019;Projeto de Lei;2019-10-03;Alexis Fonteyne;NOVO;Altera a Lei nº 8.934, de 18 de novembro de 1994 e dá outras providências.;https://www.camara.leg.br/proposicoesWeb/prop_mostrarintegra?codteor=1816161;https://www.camara.leg.br/proposicoesWeb/fichadetramitacao?idProposicao=2223921;Alteração, Lei de Registro Público de Empresas Mercantis, presidência, junta comercial, competência, julgamento, Interposição de recurso, Decisão monocrática, extinção, cargo, Vogal da Junta, desburocratização, registro, empresa.;Publicação de Proposição;2019-10-18;Tramitando em Conjunto;0.3860;NAO;0.4825;
2470922;PL 4482/2024;Projeto de Lei;2024-11-21;Marcos Pollon;PL;Altera a Lei nº 12.527, de 18 de novembro de 2011 e dá outras providências.;https://www.camara.leg.br/proposicoesWeb/prop_mostrarintegra?codteor=2824634;https://www.camara.leg.br/proposicoesWeb/fichadetramitacao?idProposicao=2470922;Alteração, Lei de Acesso à Informação (2011), critério, reprodução, documento, tipificação de conduta, impedimento, acesso à informação, Câmara dos Deputados, desclassificação, informação secreta, informação ultrassecreta, redução, prazo máximo, sigilo, informação, diretrizes, revogação, dispositivo legal.;Recebimento;2025-03-06;Aguardando Designação de Relator(a);0.3860;NAO;0.4825;
2348935;PL 572/2023;Projeto de Lei;2023-02-16;Sargento Portugal;PODE;Altera a Lei nº 11.530, de 24 de outubro de 2007 e dá outras providências.;https://www.camara.leg.br/proposicoesWeb/prop_mostrarintegra?codteor=2235857;https://www.camara.leg.br/proposicoesWeb/fichadetramitacao?idProposicao=2348935;Alteração, Lei do Programa Nacional de Segurança Pública com Cidadania, inclusão, Agente socioeducativo, Guarda municipal, Policial federal, Policial rodoviário federal, Programa Nacional de Segurança Pública com Cidadania (Pronasci), Bolsa-Formação, Educação e formação profissional, diretrizes.;Publicação de Proposição;2023-04-28;Aguardando Designação de Relator(a);0.3860;NAO;0.4825;
2356217;PL 1870/2023;Projeto de Lei;2023-04-13;Sargento Portugal;PODE;Altera a Lei nº 13.954, de 16 de dezembro de 2019 e dá outras providências.;https://www.camara.leg.br/proposicoesWeb/prop_mostrarintegra?codteor=2258537;https://www.camara.leg.br/proposicoesWeb/fichadetramitacao?idProposicao=2356217;Alteração, Lei Federal, regulamentação, Adicional de qualificação, militar, ente federado, incorporação, Provento (remuneração), inatividade, diretrizes.;Publicação de Proposição;2023-06-02;Aguardando Encaminhamento;0.3860;NAO;0.4825;
2210171;PL 3823/2019;Projeto de Lei;2019-07-02;Rubens Otoni;PT;Acrescenta dispositivo Lei nº 10.257, de 10 de julho de 2001, para inserir hipótese de imóvel subutilizado.;https://www.camara.leg.br/proposicoesWeb/prop_mostrarintegra?codteor=1772471;https://www.camara.leg.br/proposicoesWeb/fichadetramitacao?idProposicao=2210171;Alteração, Estatuto da Cidade, subutilização, imóvel residencial, ausência, locação, Função social da propriedade urbana.;Saída de Relator(a) da Comissão - Com Parecer Apresentado;2026-02-04;Aguardando Designação de Relator(a);0.3852;NAO;0.4815;
2540796;PL 3751/2025;Projeto de Lei;2025-08-06;Duda Ramos;MDB;Estabelece a prioridade na destinação de recursos para ações de informação e inteligência no combate aos crimes financeiros virtuais, com ênfase no estelionato digital, phishing, roubo de identidade, fraudes financeiras online e outros crimes cibernéticos, além de implementar a capacitação de profissionais, a utilização de tecnologias avançadas e a criação de um ambiente mais seguro no espaço digital.;https://www.camara.leg.br/proposicoesWeb/prop_mostrarintegra?codteor=2967452;https://www.camara.leg.br/proposicoesWeb/fichadetramitacao?idProposicao=2540796;Prioridade, União, destinação, recursos públicos, Atividade de inteligência, Educação e formação profissional, Segurança cibernética, combate, Crime cibernético, Estelionato virtual, Fraude eletrônica, diretrizes.;Saída de Relator(a) da Comissão - Sem Parecer Apresentado;2026-02-03;Aguardando Designação - Aguardando Devolução de Relator(a) que deixou de ser Membro;0.3851;PARCIAL (1 Termo);0.3564;
2173244;PL 10111/2018;Projeto de Lei;2018-04-25;Celso Russomanno;REPUBLICANOS;Acrescenta dispositivo à Lei nº 8.078, de 11 de setembro de 1990, para tornar obrigatória a informação acerca de imagens alteradas.;https://www.camara.leg.br/proposicoesWeb/prop_mostrarintegra?codteor=1654930;https://www.camara.leg.br/proposicoesWeb/fichadetramitacao?idProposicao=2173244;Alteração, Código de Defesa do Consumidor, obrigatoriedade, informação, tratamento de imagem, publicação, publicidade mercadológica, Photoshop, descumprimento, penalidade administrativa.;Recebimento;2024-03-21;Tramitando em Conjunto;0.3850;NAO;0.4812;
2611720;PL 1386/2026;Projeto de Lei;2026-03-25;Ricardo Galvão;REDE;Altera a Lei n° 10.973, de 2 de dezembro de 2004, a Lei n° 8.958, de 20 de dezembro de 1994, e a Lei nº 8.032, de 12 de abril de 1990, para aprimorar a definição e a atuação das ICTs nas atividades de ciência, tecnologia e inovação, e dá outras providências.;https://www.camara.leg.br/proposicoesWeb/prop_mostrarintegra?codteor=3104112;https://www.camara.leg.br/proposicoesWeb/fichadetramitacao?idProposicao=2611720;Alteração, Lei de Inovação Tecnológica (2004), definição, atuação, Instituição Científica, Tecnológica e de Inovação (ICT), inovação tecnológica, colaboração, instituição, pesquisa científica, desenvolvimento tecnológico.;Apresentação de Proposição;2026-03-25;;0.3831;NAO;0.4789;
2141752;PL 7891/2017;Projeto de Lei;2017-06-20;Carlos Bezerra;MDB;Acrescenta dispositivo na Lei no 7.347, de 24 de julho de 1985.;https://www.camara.leg.br/proposicoesWeb/prop_mostrarintegra?codteor=1570247;https://www.camara.leg.br/proposicoesWeb/fichadetramitacao?idProposicao=2141752;Alteração, Lei da Ação Civil Pública (Defesa de Interesses Difusos), depósito judicial, multa, medida liminar, ação civil pública.;Desarquivamento a Pedido;2019-03-12;Aguardando Designação de Relator(a);0.3821;NAO;0.4777;
2023979;PL 3352/2015;Projeto de Lei;2015-10-21;Valtenir Pereira;MDB;Acrescenta dispositivo na Lei nº 6.015, de 31 de dezembro de 1973.;https://www.camara.leg.br/proposicoesWeb/prop_mostrarintegra?codteor=1410529;https://www.camara.leg.br/proposicoesWeb/fichadetramitacao?idProposicao=2023979;Alteração, Lei dos Registros Públicos, reconhecimento, autenticidade, documento digital.;Desarquivamento a Pedido;2019-03-25;Aguardando Designação de Relator(a);0.3821;NAO;0.4777;
2184274;PL 10876/2018;Projeto de Lei;2018-10-16;Lincoln Portela;PL;Acrescenta dispositivo na Lei nº 11.340, de 7 de agosto de 2006.;https://www.camara.leg.br/proposicoesWeb/prop_mostrarintegra?codteor=1686865;https://www.camara.leg.br/proposicoesWeb/fichadetramitacao?idProposicao=2184274;Alteração, Lei Maria da Penha, medida protetiva de urgência, interrupção, poder familiar, agressor, violência contra a mulher.;Notificações;2025-03-21;;0.3821;NAO;0.4777;
2083825;PL 5223/2016;Projeto de Lei;2016-05-10;Rômulo Gouveia;PSD;Acrescenta dispositivo na Lei nº 8.069, de 13 de julho de 1990.;https://www.camara.leg.br/proposicoesWeb/prop_mostrarintegra?codteor=1456292;https://www.camara.leg.br/proposicoesWeb/fichadetramitacao?idProposicao=2083825;Alteração, Estatuto da Criança e do Adolescente(ECA), exigência, comunicação, Ministério Público, Defensoria Pública, desistência, adoção (direito civil) .;Publicação de Proposição;2016-05-20;Tramitando em Conjunto;0.3821;NAO;0.4777;
2229482;PL 5975/2019;Projeto de Lei;2019-11-12;Lincoln Portela;PL;Acrescenta dispositivo na Lei nº 8.245, de 18 de outubro de 1991.;https://www.camara.leg.br/proposicoesWeb/prop_mostrarintegra?codteor=1833805;https://www.camara.leg.br/proposicoesWeb/fichadetramitacao?idProposicao=2229482;Alteração, Lei do Inquilinato (1991), ocorrência, renovação, contrato de locação, prorrogação, prazo indeterminado, notificação, manifestação, anuência.;Despacho de Apensação;2023-01-31;Tramitando em Conjunto;0.3821;NAO;0.4777;
2239474;PL 702/2020;Projeto de Lei;2020-03-18;Alexandre Padilha;PT;Acrescenta dispositivo na Lei nº 605, de 5 de janeiro de 1949.;https://www.camara.leg.br/proposicoesWeb/prop_mostrarintegra?codteor=1867289;https://www.camara.leg.br/proposicoesWeb/fichadetramitacao?idProposicao=2239474;Alteração, Lei do Repouso Semanal Remunerado, repouso remunerado, período, dispensa, empregado, comprovação, doença, quarentena (saúde), emergência de saúde pública, epidemia, pandemia, coronavírus. _Atestado médico, trabalhador, quarentena (saúde), emergência social.;Publicação de Proposição;2020-09-04;Vetado totalmente;0.3821;NAO;0.4777;
2250435;PL 2126/2020;Projeto de Lei;2020-04-23;Alencar Santana Braga;PT;Acrescenta dispositivo na Lei nº 605, de 5 de janeiro de 1949.;https://www.camara.leg.br/proposicoesWeb/prop_mostrarintegra?codteor=1885406;https://www.camara.leg.br/proposicoesWeb/fichadetramitacao?idProposicao=2250435;Alteração, Lei do Repouso Semanal Remunerado, dispensa, comprovação, doença, falta ao trabalho, prazo determinado, Emergência de saúde pública, pandemia, coronavírus.;Recebimento;2020-11-20;Tramitando em Conjunto;0.3821;NAO;0.4777;
2270010;PL 404/2021;Projeto de Lei;2021-02-10;Carlos Bezerra;MDB;Acrescenta dispositivo na Lei nº 10.406, de 10 de janeiro de 2002.;https://www.camara.leg.br/proposicoesWeb/prop_mostrarintegra?codteor=1962849;https://www.camara.leg.br/proposicoesWeb/fichadetramitacao?idProposicao=2270010;Alteração, Código Civil (2002), desnecessidade, autorização, pais, casamento, união estável, menor de idade, emancipação civil.;Saída de Relator(a) da Comissão - Com Parecer Apresentado;2026-02-10;Aguardando Designação de Relator(a);0.3821;NAO;0.4777;
2282507;PL 1785/2021;Projeto de Lei;2021-05-12;Tabata Amaral;PSB;Insere dispositivo na Lei nº 5.537, de 21 de novembro de 1968.;https://www.camara.leg.br/proposicoesWeb/prop_mostrarintegra?codteor=2009555;https://www.camara.leg.br/proposicoesWeb/fichadetramitacao?idProposicao=2282507;Alteração, Lei Federal, valor, bolsa de permanência, estudante, educação superior, fixação, reajuste, resolução, Fundo Nacional de Desenvolvimento da Educação (FNDE).;Arquivamento;2023-10-31;Aguardando Encaminhamento;0.3821;NAO;0.4777;
2190625;PL 150/2019;Projeto de Lei;2019-02-04;José Nelto;UNIÃO;Acrescenta dispositivo na Lei nº 6.015, de 31 de dezembro de 1973.;https://www.camara.leg.br/proposicoesWeb/prop_mostrarintegra?codteor=1708197;https://www.camara.leg.br/proposicoesWeb/fichadetramitacao?idProposicao=2190625;Alteração, Lei dos Registros Públicos, nome, solteiro, viúva, viúvo, cônjuge sobrevivente.;Saída de Relator(a) da Comissão - Com Parecer Apresentado;2024-05-06;Aguardando Designação de Relator(a);0.3821;NAO;0.4777;
2213286;PL 4207/2019;Projeto de Lei;2019-08-05;Julio Cesar Ribeiro;REPUBLICANOS;Acrescenta dispositivo na Lei nº 8.069, de 13 de julho de 1990.;https://www.camara.leg.br/proposicoesWeb/prop_mostrarintegra?codteor=1784637;https://www.camara.leg.br/proposicoesWeb/fichadetramitacao?idProposicao=2213286;Alteração, Estatuto da Criança e do Adolescente (ECA), Matrícula escolar, criança, adolescente, identificação, pais, responsável legal, Poder familiar.;Encerramento de Prazo;2023-06-01;Aguardando Designação - Aguardando Devolução de Relator(a) que deixou de ser Membro;0.3821;NAO;0.4777;
2604036;PL 687/2026;Projeto de Lei;2026-02-24;Gilberto Abramo;REPUBLICANOS;Altera a Lei nº 15.211, de 2025 (ECA Digital), para instituir mecanismos de integridade algorítmica, limites ao design persuasivo e sistema de alerta parental em ambientes de mensageria.;https://www.camara.leg.br/proposicoesWeb/prop_mostrarintegra?codteor=3086780;https://www.camara.leg.br/proposicoesWeb/fichadetramitacao?idProposicao=2604036;;Apresentação de Proposição;2026-02-24;;0.3805;NAO;0.4756;
2153107;PL 8705/2017;Projeto de Lei;2017-09-27;Wilson Filho;PTB;Altera a Lei nº 7.410, de 27 de novembro de 1985, para dispor sobre a profissão de Tecnólogo de Segurança do Trabalho.;https://www.camara.leg.br/proposicoesWeb/prop_mostrarintegra?codteor=1602170;https://www.camara.leg.br/proposicoesWeb/fichadetramitacao?idProposicao=2153107;Alteração, lei federal, regulamentação profissional, profissão, Tecnólogo em Segurança do Trabalho.;Desarquivamento a Pedido;2019-02-19;Tramitando em Conjunto;0.3788;NAO;0.4735;
2604146;PL 704/2026;Projeto de Lei;2026-02-24;Duda Ramos;MDB;Estabelece as prioridades estruturantes para o desenvolvimento, a implementação e o uso da inteligência artificial no Brasil, define o combate à corrupção e a redução das desigualdades sociais como núcleo orientador da tecnologia, e dá outras providências.;https://www.camara.leg.br/proposicoesWeb/prop_mostrarintegra?codteor=3086962;https://www.camara.leg.br/proposicoesWeb/fichadetramitacao?idProposicao=2604146;;Apresentação de Proposição;2026-02-24;;0.3753;NAO;0.4691;
2210916;PL 3890/2019;Projeto de Lei;2019-07-04;Célio Studart;PSD;Institui o Programa “Redação Exemplar”;https://www.camara.leg.br/proposicoesWeb/prop_mostrarintegra?codteor=1774222;https://www.camara.leg.br/proposicoesWeb/fichadetramitacao?idProposicao=2210916;Criação, Programa Redação Exemplar, incentivo, leitura, escrita, escola pública, escola privada, diretrizes.;Publicação de Proposição;2019-08-06;Devolvida ao(à) Autor(a);0.3748;NAO;0.4684;
2345261;PL 3069/2022;Projeto de Lei;2022-12-22;Subtenente Gonzaga;PSD;Dispõe sobre o uso de tecnologia de reconhecimento facial automatizado no âmbito das forças de segurança pública e dá outras providências.;https://www.camara.leg.br/proposicoesWeb/prop_mostrarintegra?codteor=2228103;https://www.camara.leg.br/proposicoesWeb/fichadetramitacao?idProposicao=2345261;Disciplinamento, tecnologia, Reconhecimento facial, Investigação criminal, Processo administrativo, âmbito, Segurança Pública, diretrizes.;Recebimento - Relator(a) (Sem Manifestação);2025-09-12;Aguardando Designação de Relator(a);0.3740;NAO;0.4675;
2615419;PL 1778/2026;Projeto de Lei;2026-04-13;Helio Lopes;PL;Altera a Lei nº 9.610, de 19 de fevereiro de 1998, para instituir o dever de transparência nas explorações digitais, estabelecer a nulidade de cláusulas impeditivas de regravação, criar o direito de reversão de direitos patrimoniais e proteger atributos da personalidade contra o uso por sistemas de inteligência artificial;https://www.camara.leg.br/proposicoesWeb/prop_mostrarintegra?codteor=3112081;https://www.camara.leg.br/proposicoesWeb/fichadetramitacao?idProposicao=2615419;Alteração, Lei dos Direitos Autorais (1998), obrigatoriedade, transparência, plataforma de streaming de música, direito autoral, compositor de música, nulidade, cláusula abusiva, impedimento, restituição, direito patrimonial, diretrizes.;Encerramento de Prazo;2026-07-08;Aguardando Parecer;0.3735;NAO;0.4669;
2234260;PL 6461/2019;Projeto de Lei;2019-12-16;André de Paula;PSD;Institui o Estatuto do Aprendiz e dá outras providências.;https://www.camara.leg.br/proposicoesWeb/prop_mostrarintegra?codteor=1847157;https://www.camara.leg.br/proposicoesWeb/fichadetramitacao?idProposicao=2234260;"Criação, Estatuto do Aprendiz, jovem aprendiz, Direito à profissionalização, Aprendizagem (direito do trabalho), Contrato de aprendizagem, contrato de trabalho, cota, Formação técnico-profissional metódica, jornada de trabalho, Fundo de Garantia do Tempo de Serviço (FGTS), férias, Vale-transporte, estabilidade provisória, gestante, Programa de aprendizagem, Certificado de qualificação profissional. 
_Alteração, Consolidação das Leis Trabalhistas (CLT), revogação, dispositivo legal, proteção, trabalho, menor de idade, jovem aprendiz. _Revogação, Lei da Aprendizagem.";Encerramentos;2025-11-05;Pronta para Pauta;0.3715;NAO;0.4643;
2227422;PL 5729/2019;Projeto de Lei;2019-10-29;Marco Bertaiolli;PSD;Institui o Estatuto do Aprendiz e dá outras providências.;https://www.camara.leg.br/proposicoesWeb/prop_mostrarintegra?codteor=1827361;https://www.camara.leg.br/proposicoesWeb/fichadetramitacao?idProposicao=2227422;"Criação, Estatuto do Aprendiz, jovem aprendiz, Direito à profissionalização, Aprendizagem (direito do trabalho), Contrato de aprendizagem, contrato de trabalho, cota, Formação técnico-profissional metódica, jornada de trabalho, Fundo de Garantia do Tempo de Serviço (FGTS), férias, Vale-transporte, estabilidade provisória, gestante, Programa de aprendizagem, Certificado de qualificação profissional. 
_Alteração, Consolidação das Leis Trabalhistas (CLT), revogação, dispositivo legal, proteção, trabalho, menor de idade, jovem aprendiz.
_Revogação, Lei da Aprendizagem.";Retirada pelo(a) Autor(a);2019-11-27;Retirado pelo(a) Autor(a);0.3715;NAO;0.4643;
2292060;PL 2664/2021;Projeto de Lei;2021-08-03;Carlos Henrique Gaguim;UNIÃO;Acrescenta o art. 1857-A à Lei n° 10406, de 2002, Código Civil, de modo a dispor sobre a herança digital.;https://www.camara.leg.br/proposicoesWeb/prop_mostrarintegra?codteor=2049837;https://www.camara.leg.br/proposicoesWeb/fichadetramitacao?idProposicao=2292060;Alteração, Código Civil (2002), regulação, herança digital, possibilidade, herdeiro, acesso, dados, viabilização, Direito de herança.;Notificações;2026-02-12;Tramitando em Conjunto;0.3711;NAO;0.4639;
2342100;PL 2963/2022;Projeto de Lei;2022-12-13;Carla Dickson;UNIÃO;Projeto de Lei que altera a Lei nº 9.504, de 30 de setembro de 1997;https://www.camara.leg.br/proposicoesWeb/prop_mostrarintegra?codteor=2223058;https://www.camara.leg.br/proposicoesWeb/fichadetramitacao?idProposicao=2342100;Alteração, Lei das Eleições (1997), decisão, decisão interlocutória, dispositivo legal, sentença judicial, ementa (texto legislativo), acórdão, intimação, atos, Justiça eleitoral, publicação, Diário da Justiça Eletrônico (DJE).;Publicação de Proposição;2023-02-02;Aguardando Designação de Relator(a);0.3702;NAO;0.4628;
2291100;PLP 109/2021;Projeto de Lei Complementar;2021-07-14;Neucimar Fraga;PP;Altera a Lei Complementar nº 123, de 14 de dezembro de 2006, para possibilitar a opção dos Agentes Autônomos de Investimento pela sistemática de recolhimento de tributos do Microempreendedor Individual - MEI.;https://www.camara.leg.br/proposicoesWeb/prop_mostrarintegra?codteor=2044769;https://www.camara.leg.br/proposicoesWeb/fichadetramitacao?idProposicao=2291100;Alteração, Estatuto Nacional da Microempresa e da Empresa de Pequeno Porte, inclusão, Agente Autônomo de Investimento, Regime Especial Unificado de Arrecadação de Tributos e Contribuições devidos pelas Microempresas e Empresas de Pequeno Porte (SIMPLES NACIONAL), tributação.;Recebimento;2021-08-05;Tramitando em Conjunto;0.3698;NAO;0.4623;
2207044;PL 3385/2019;Projeto de Lei;2019-06-06;José Medeiros;PL;Dispõe sobre o impedimento de divulgação em fontes abertas de informações de policiais e agentes de inteligência.;https://www.camara.leg.br/proposicoesWeb/prop_mostrarintegra?codteor=1761386;https://www.camara.leg.br/proposicoesWeb/fichadetramitacao?idProposicao=2207044;Impedimento, divulgação, dados pessoais, agente de polícia, agente de inteligência, classificação, informação, sigilosa.;Notificações;2024-12-17;Tramitando em Conjunto;0.3695;PARCIAL (1 Termo);0.3369;
2547251;PL 4041/2025;Projeto de Lei;2025-08-15;Leo Prates;PDT;Dispõe sobre a proteção da atividade de dublagem no Brasil, estabelece regras para contratação de profissionais e empresas nacionais, regulamenta o uso de inteligência artificial na dublagem e dá outras providências.;https://www.camara.leg.br/proposicoesWeb/prop_mostrarintegra?codteor=2976846;https://www.camara.leg.br/proposicoesWeb/fichadetramitacao?idProposicao=2547251;Proteção, atividade profissional, Dublagem brasileira, Direito da personalidade, Voz humana, diretrizes.  _ Dedução tributária, Imposto de Renda das Pessoas Jurídicas (IRPJ), contratação, Ator dublador, estúdio fonográfico, Brasil, benefício fiscal, tributação.  _ Alteração, Lei dos Direitos Autorais (1998), Lei Geral de Proteção de Dados Pessoais (LGPDP) (2018), Lei Federal, critério, direito autoral, contrato de trabalho, dublagem, Dados pessoais sensíveis, voz humana.;Saída de Relator(a) da Comissão - Sem Parecer Apresentado;2026-02-03;Aguardando Designação - Aguardando Devolução de Relator(a) que deixou de ser Membro;0.3674;NAO;0.4592;
2634566;PL 3236/2026;Projeto de Lei;2026-06-22;Romero Rodrigues;PODE;Institui o Sistema Nacional de Identificação e Monitoramento de Criminosos que Atentem contra Agentes de Segurança Pública – SINAM-SEG, e dá outras providências.;https://www.camara.leg.br/proposicoesWeb/prop_mostrarintegra?codteor=3151221;https://www.camara.leg.br/proposicoesWeb/fichadetramitacao?idProposicao=2634566;Criação, sistema de informação, âmbito nacional, identificação, monitoramento, criminoso, crime contra a pessoa, profissional da segurança pública, combate, organização criminosa, fortalecimento, inteligência policial, proteção, polícia, órgão de segurança pública, diretrizes.;Apresentação de Proposição;2026-06-22;;0.3659;PARCIAL (1 Termo);0.3324;
2500398;PL 1874/2025;Projeto de Lei;2025-04-25;Duarte Jr.;PSB;Altera a Lei nº 13.146, de 6 de julho de 2015 (Lei Brasileira de Inclusão da Pessoa com Deficiência), para estender a obrigatoriedade de recursos de acessibilidade às plataformas digitais de conteúdo audiovisual e veda a cobrança adicional e a substituição de intérpretes de Libras por inteligência artificial.;https://www.camara.leg.br/proposicoesWeb/prop_mostrarintegra?codteor=2891930;https://www.camara.leg.br/proposicoesWeb/fichadetramitacao?idProposicao=2500398;Alteração, Estatuto da Pessoa com Deficiência (2015), critério, obrigatoriedade, radiodifusão de sons e imagens, plataforma digital, conteúdo audiovisual, disponibilização, recurso de acessibilidade, legenda oculta, audiodescrição, janela, intérprete de língua de sinais, Língua Brasileira de Sinais (LIBRAS), diretrizes, direitos do deficiente.;Designação de Relator(a);2026-02-12;Aguardando Parecer;0.3658;NAO;0.4573;
2256202;PL 3501/2020;Projeto de Lei;2020-06-25;Felipe Carreras;PSB;Institui o Auxílio Internet.;https://www.camara.leg.br/proposicoesWeb/prop_mostrarintegra?codteor=1907668;https://www.camara.leg.br/proposicoesWeb/fichadetramitacao?idProposicao=2256202;Alteração, Lei do Fundo de Universalização dos Serviços de Telecomunicações, criação, Auxílio Internet, atendimento, Inclusão digital, população de baixa renda, família, cadastro, Cadastro Único para Programas Sociais do Governo Federal (CadÚnico), recursos, Fundo de Fiscalização das Telecomunicações (Fistel).;Devolução ao(à) Relator(a);2025-12-01;Aguardando Parecer;0.3656;NAO;0.4570;
2139618;PL 7747/2017;Projeto de Lei;2017-05-30;Mariana Carvalho;REPUBLICANOS;Institui o esporte virtual.;https://www.camara.leg.br/proposicoesWeb/prop_mostrarintegra?codteor=1564501;https://www.camara.leg.br/proposicoesWeb/fichadetramitacao?idProposicao=2139618;Alteração, Lei Pelé, inclusão, modalidade esportiva, esporte virtual, esporte.;Notificações;2024-10-31;Tramitando em Conjunto;0.3653;NAO;0.4566;
2266848;PL 5491/2020;Projeto de Lei;2020-12-11;Afonso Hamm;PP;Altera a Lei nº 5.197, de 3 de janeiro de 1967 e a Lei nº 9.605, de 12 de fevereiro de 1998, para dispor sobre o controle de javalis.;https://www.camara.leg.br/proposicoesWeb/prop_mostrarintegra?codteor=1950371;https://www.camara.leg.br/proposicoesWeb/fichadetramitacao?idProposicao=2266848;Alteração, Lei de Proteção à Fauna (1967), critério, controle, monitoramento, animal silvestre, javali, porco feral, espécie exótica invasora.  _Alteração, Lei dos Crimes Ambientais, crime contra a fauna, exceção, caça, utilização, cachorro, controle, animal silvestre, javali, porco feral.;Publicação de Proposição;2021-03-26;Retirado pelo(a) Autor(a);0.3637;NAO;0.4546;
2191473;PL 560/2019;Projeto de Lei;2019-02-07;Paulo Pimenta;PT;Altera o Art. 3º, da Lei nº 7.802 de 11 de julho de 1989, e dá outras providências.;https://www.camara.leg.br/proposicoesWeb/prop_mostrarintegra?codteor=1708601;https://www.camara.leg.br/proposicoesWeb/fichadetramitacao?idProposicao=2191473;Alteração, Lei dos Agrotóxicos, proibição, produção, importação, comercialização, utilização, agrotóxico, princípio ativo, ácido diclorofenoxiacético.;Arquivamento;2022-02-09;Aguardando Encaminhamento;0.3625;NAO;0.4531;
2637765;PL 3535/2026;Projeto de Lei;2026-07-07;Luizianne Lins;PT;Altera a Lei nº 13.675, de 2018, para determinar o uso de tecnologias de segurança pública no combate a crimes contra os animais.;https://www.camara.leg.br/proposicoesWeb/prop_mostrarintegra?codteor=3158213;https://www.camara.leg.br/proposicoesWeb/fichadetramitacao?idProposicao=2637765;Alteração, lei federal, Sistema Único de Segurança Pública (Susp), inclusão, sistema de informação, videomonitoramento, Inteligência policial, tecnologia, registro, crime contra o meio ambiente, crime contra a fauna, maus-tratos, abandono, animal, local público.;Apresentação de Proposição;2026-07-07;;0.3621;PARCIAL (1 Termo);0.3276;
2548924;PL 4062/2025;Projeto de Lei;2025-08-18;Renata Abreu;PODE;Institui o Estatuto da Proteção da Criança na Era Digital – EPCED e dá outras providências.;https://www.camara.leg.br/proposicoesWeb/prop_mostrarintegra?codteor=2978998;https://www.camara.leg.br/proposicoesWeb/fichadetramitacao?idProposicao=2548924;Criação, Estatuto da Proteção da Criança na Era Digital (EPCED), proteção, Direitos da criança e do adolescente, Ambiente virtual, princípios, diretrizes. _ Enfrentamento, pedofilia.;Apresentação de Proposição;2025-08-18;Aguardando análise do Presidente da Câmara - (Decisão);0.3614;NAO;0.4517;
2490661;PL 1291/2025;Projeto de Lei;2025-03-27;Bia Kicis;PL;Dispõe sobre a modernização do Sistema Único de Saúde (SUS) por meio da implementação da Fila Única Nacional, do Aplicativo Nacional da Fila do SUS, do estabelecimento de metas de tempo máximo de espera, da remuneração por desempenho, do atendimento prioritário baseado em inteligência artificial e da obrigatoriedade de transparência nos dados da fila, bem como estabelece sanções para inserção de informações fraudulentas, alterando a Lei nº 8.080, de 19 de setembro de 1990.;https://www.camara.leg.br/proposicoesWeb/prop_mostrarintegra?codteor=2874396;https://www.camara.leg.br/proposicoesWeb/fichadetramitacao?idProposicao=2490661;Alteração, Lei Orgânica da Saúde (1990), gestão, Serviços de saúde, Lista de espera, Sistema Único de Saúde (SUS), criação, Lista única de espera, âmbito nacional, Consulta médica, Exame médico, Cirurgia eletiva.;Saída de Relator(a) da Comissão - Sem Parecer Apresentado;2026-02-04;Aguardando Designação - Aguardando Devolução de Relator(a) que deixou de ser Membro;0.3612;NAO;0.4515;
2146774;PL 8184/2017;Projeto de Lei;2017-08-08;Carlos Bezerra;MDB;Altera a Lei nº 12.414, de 9 de junho de 2011, para permitir a adesão automática ao cadastro positivo.;https://www.camara.leg.br/proposicoesWeb/prop_mostrarintegra?codteor=1583953;https://www.camara.leg.br/proposicoesWeb/fichadetramitacao?idProposicao=2146774;Alteração, Lei do Cadastro Positivo, critério, adesão, consumidor, Cadastro Positivo.;Apresentação de Proposição;2025-11-06;Transformado em Norma Jurídica;0.3611;NAO;0.4514;
2349667;PL 757/2023;Projeto de Lei;2023-03-01;Sargento Gonçalves;PL;Altera a Lei nº 9.394, de 20 de dezembro de 1996 e a Lei nº 13.869, de 5 de setembro de 2019 e dá outras providências.;https://www.camara.leg.br/proposicoesWeb/prop_mostrarintegra?codteor=2238570;https://www.camara.leg.br/proposicoesWeb/fichadetramitacao?idProposicao=2349667;Alteração, Lei de Diretrizes e Bases da Educação Nacional (1996), utilização, Língua portuguesa, norma culta, vocabulário Ortográfico da Língua Portuguesa (Volp), Acordo Ortográfico da Língua Portuguesa (1990), proibição, Linguagem inclusiva de gênero. _ Alteração, Lei de Abuso de Autoridade (2019), Abuso de autoridade, agente público, professor, empregado, utilização, Linguagem inclusiva de gênero. _ Critério, proibição, Linguagem inclusiva de gênero, Administração Pública.;Publicação de Proposição;2023-04-24;Retirado pelo(a) Autor(a);0.3608;NAO;0.4510;
2258896;PL 3992/2020;Projeto de Lei;2020-07-29;Geninho Zuliani;UNIÃO;Altera a Lei nº 9.610, de 19 de fevereiro de 1998, a Lei nº 11.771, de 17 de setembro de 2008 e dá outras providências.;https://www.camara.leg.br/proposicoesWeb/prop_mostrarintegra?codteor=1917441;https://www.camara.leg.br/proposicoesWeb/fichadetramitacao?idProposicao=2258896;Alteração, Lei dos Direitos Autorais (1998), ausência, cobrança, direito autoral, execução, Obra musical, Obra literomusical, Obra audiovisual, Fonograma, Culto religioso, cerimônia, Entidade sem fins lucrativos, hotel, motel, Transporte marítimo, transporte fluvial, local, uso restrito, hóspede. _Alteração,  Lei Geral do Turismo, proibição, cobrança, direito autoral, execução, Obra musical, Obra literomusical, Obra audiovisual, Fonograma, hotel, motel, local, uso restrito, hóspede.;Publicação de Proposição;2020-08-06;Tramitando em Conjunto;0.3585;NAO;0.4481;
2349738;PL 771/2023;Projeto de Lei;2023-03-01;Sargento Gonçalves;PL;Altera a Lei nº 9.394, de 20 de dezembro de 1996, a Lei nº 13.869, de 5 de setembro de 2019 e dá outras providências.;https://www.camara.leg.br/proposicoesWeb/prop_mostrarintegra?codteor=2238734;https://www.camara.leg.br/proposicoesWeb/fichadetramitacao?idProposicao=2349738;Alteração, Lei de Diretrizes e Bases da Educação Nacional (1996), utilização, Língua portuguesa, norma culta, vocabulário Ortográfico da Língua Portuguesa (Volp), Acordo Ortográfico da Língua Portuguesa (1990), proibição, Linguagem inclusiva de gênero. _ Alteração, Lei de Abuso de Autoridade (2019), Abuso de autoridade, agente público, professor, empregado, utilização, Linguagem inclusiva de gênero. _ Critério, proibição, Linguagem inclusiva de gênero, Administração Pública.;Notificacao para Publicação Intermediária;2025-11-26;Tramitando em Conjunto;0.3585;NAO;0.4481;
2606919;PLP 44/2026;Projeto de Lei Complementar;2026-03-04;Rubens Pereira Júnior;PT;Cria o regime dos ativos virtuais.;https://www.camara.leg.br/proposicoesWeb/prop_mostrarintegra?codteor=3092567;https://www.camara.leg.br/proposicoesWeb/fichadetramitacao?idProposicao=2606919;Alteração, Lei da Reforma Bancária (1964), Lei da CVM (1976), Lei da Super Receita (2007), Lei de Lavagem de Dinheiro (1998), Competência privativa, Banco Central do Brasil (Bacen), pagamento, custódia, Criptoativos, tecnologia digital, normatização, supervisão, Comissão de Valores Mobiliários (CVM), token, classificação, requisito, Secretaria Especial da Receita Federal do Brasil, Informação fiscal, Conselho de Controle de Atividades Financeiras (COAF), operação, valor, meio eletrônico, economia digital, Sistema financeiro, autorização, registro, Pessoa jurídica, separação, contabilidade, Segurança cibernética, proteção, dados, continuidade, consumidor, pessoa física investidora, transparência, obrigações, monitoramento, Sandbox regulatório, inovação, responsabilização, diretrizes.;Apresentação de Proposição;2026-03-04;Aguardando Autorização do Despacho;0.3576;NAO;0.4470;
2631297;PL 3017/2026;Projeto de Lei;2026-06-10;José Medeiros;PL;Institui o Programa Nacional de Humanização do Atendimento ao Consumidor, cria o direito à transferência imediata para atendimento humano em serviços prestados por inteligência artificial, chatbots ou sistemas automatizados, estabelece o Selo Humano de Atendimento e dá outras providências.;https://www.camara.leg.br/proposicoesWeb/prop_mostrarintegra?codteor=3144363;https://www.camara.leg.br/proposicoesWeb/fichadetramitacao?idProposicao=2631297;Direito do consumidor, garantia, atendimento ao consumidor, atendimento com interação humana, inclusão digital, idoso, pessoa com deficiência.;Apresentação de Proposição;2026-06-10;Aguardando Autorização do Despacho;0.3572;NAO;0.4465;
2233771;PL 6411/2019;Projeto de Lei;2019-12-11;Aroldo Martins;REPUBLICANOS;Altera e acrescenta dispositivo na Lei nº 8.069, de 13 de julho de 1990.;https://www.camara.leg.br/proposicoesWeb/prop_mostrarintegra?codteor=1845352;https://www.camara.leg.br/proposicoesWeb/fichadetramitacao?idProposicao=2233771;Alteração, Estatuto da Criança e do Adolescente (ECA), requisito, candidatura, membro, Conselho Tutelar.;Notificações;2023-12-20;Tramitando em Conjunto;0.3567;NAO;0.4459;
2612588;PL 1460/2026;Projeto de Lei;2026-03-27;Camila Jara;PT;Dispõe sobre a proteção da identidade pessoal contra a criação e a difusão não autorizadas de réplicas digitais.;https://www.camara.leg.br/proposicoesWeb/prop_mostrarintegra?codteor=3106342;https://www.camara.leg.br/proposicoesWeb/fichadetramitacao?idProposicao=2612588;Rregulamentação, proteção, Identidade digital, identificação, Pessoa humana, combate, produção, Réplica digital, Conteúdo digital, Inteligência artificial.;Apresentação de Proposição;2026-03-27;;0.3557;PARCIAL (1 Termo);0.3196;
2174509;PL 10198/2018;Projeto de Lei;2018-05-09;Marx Beltrão;PP;Altera o art. 14 da Lei nº 11.947, de 16 de junho de 2009;https://www.camara.leg.br/proposicoesWeb/prop_mostrarintegra?codteor=1658086;https://www.camara.leg.br/proposicoesWeb/fichadetramitacao?idProposicao=2174509;Alteração, Lei da Alimentação Escolar, aumento, percentual,    recursos financeiros, repasse, Fundo Nacional de Desenvolvimento da Educação (FNDE), Programa Nacional de Alimentação Escolar (Pnae), aquisição, alimentação escolar, agricultura familiar, comunidade tradicional, quilombo, grupo indígena, assentamento rural, reforma agrária.;Notificação de Apensação;2023-06-30;Tramitando em Conjunto;0.3552;NAO;0.4440;
2057911;PL 3841/2015;Projeto de Lei;2015-12-03;Jerônimo Goergen;PP;Altera o art. 8º da Lei nº 9.250, de 26 de dezembro de 1995;https://www.camara.leg.br/proposicoesWeb/prop_mostrarintegra?codteor=1420539;https://www.camara.leg.br/proposicoesWeb/fichadetramitacao?idProposicao=2057911;Alteração, Legislação Tributária Federal, dedução, Imposto sobre a Renda da Pessoa Física (IRPF), despesa, deslocamento, hospedagem, contribuinte, dependente, Tratamento Fora de Domicílio (TFD), tributação, benefício fiscal.;Saída de Relator(a) da Comissão - Com Parecer Apresentado;2023-01-31;Aguardando Designação de Relator(a);0.3552;NAO;0.4440;
2078458;PL 4589/2016;Projeto de Lei;2016-03-01;Arthur Virgílio Bisneto;PSDB;Altera o art. 42 da Lei nº 8.078, de 11 de setembro de 1990;https://www.camara.leg.br/proposicoesWeb/prop_mostrarintegra?codteor=1438124;https://www.camara.leg.br/proposicoesWeb/fichadetramitacao?idProposicao=2078458;Alteração, Código de Defesa do Consumidor, explicitação, procedimento, cobrança, consumidor, inadimplente.;Notificação de Apensação;2019-05-16;Tramitando em Conjunto;0.3552;NAO;0.4440;
2289658;PL 2455/2021;Projeto de Lei;2021-07-06;Altineu Côrtes;PL;Acrescenta dispositivos à Lei nº 10.406, de 10 de janeiro de 2002 – Código Civil;https://www.camara.leg.br/proposicoesWeb/prop_mostrarintegra?codteor=2039389;https://www.camara.leg.br/proposicoesWeb/fichadetramitacao?idProposicao=2289658;Alteração, Código Civil (2002), Direito real de laje, garantia, titular, permissão de uso, gozo, disposição, recuperação, requisito.,;Recebimento - Relator(a) (Sem Manifestação);2026-02-05;Aguardando Designação de Relator(a);0.3545;NAO;0.4432;
2129426;PL 7411/2017;Projeto de Lei;2017-04-12;Amaro Neto;REPUBLICANOS;Altera a Lei nº 13.146, de 6 de julho de 2015, e dá outras providências.;https://www.camara.leg.br/proposicoesWeb/prop_mostrarintegra?codteor=1545259;https://www.camara.leg.br/proposicoesWeb/fichadetramitacao?idProposicao=2129426;Alteração, Estatuto da Pessoa com Deficiência, garantia, pessoa com deficiência, solicitação, recebimento, conta de consumo, recibo de pagamento, cobrança, tributo, acessibilidade, documento, inobservância, multa.;Notificações;2019-03-12;Tramitando em Conjunto;0.3542;NAO;0.4428;
2188826;PL 11165/2018;Projeto de Lei;2018-12-11;Carlos Henrique Gaguim;UNIÃO;Altera a Lei nº 4.324, de 14 de abril de 1964, e dá outras providências.;https://www.camara.leg.br/proposicoesWeb/prop_mostrarintegra?codteor=1699295;https://www.camara.leg.br/proposicoesWeb/fichadetramitacao?idProposicao=2188826;Alteração, lei federal, atualização, atuação,  Conselho Federal de Odontologia (CFO), Conselho Regional de Odontologia (CRO).;Apresentação de Requerimento;2025-11-14;Aguardando Parecer;0.3542;NAO;0.4428;
1278746;PL 1531/2015;Projeto de Lei;2015-05-13;Chico D'Angelo;PDT;Altera a Lei nº 9.029, de 13 de Abril de 1995, e dá outras providências.;https://www.camara.leg.br/proposicoesWeb/prop_mostrarintegra?codteor=1333964;https://www.camara.leg.br/proposicoesWeb/fichadetramitacao?idProposicao=1278746;Alteração, Lei da Discriminação no Emprego, proibição, discriminação, convicção religiosa, doença crônica, Aids, orientação sexual. _Crime, exigência, teste, exame, Aids, doença crônica, admissão, permanência, emprego, violação, direito à intimidade.;Aprovação de Urgência (154, 155 ou 64 CF);2020-12-22;Tramitando em Conjunto;0.3542;NAO;0.4428;
2236499;PL 102/2020;Projeto de Lei;2020-02-04;Lucio Mosquini;MDB;Altera a Lei nº 11.952, de 25 de junho de 2009, e dá outras providências.;https://www.camara.leg.br/proposicoesWeb/prop_mostrarintegra?codteor=1854555;https://www.camara.leg.br/proposicoesWeb/fichadetramitacao?idProposicao=2236499;Alteração, lei federal, agilização, regularização fundiária, lote, terras públicas, União, Assentamento rural, Instituto Nacional de Colonização e Reforma Agrária (INCRA), valor,  alienação.;Publicação de Proposição;2025-05-05;Aguardando Designação de Relator(a);0.3542;NAO;0.4428;
2252026;PL 2505/2020;Projeto de Lei;2020-05-08;Vicentinho Júnior;PP;"Altera a Lei nº 10.204, de 22 de fevereiro de 
2001, e da outras providências.";https://www.camara.leg.br/proposicoesWeb/prop_mostrarintegra?codteor=1891773;https://www.camara.leg.br/proposicoesWeb/fichadetramitacao?idProposicao=2252026;Alteração, Lei Federal, inclusão, Tocantins, área, atuação, Departamento Nacional de Obras Contra as Secas (DNOCS), desenvolvimento regional.;Encerramento de Prazo;2024-05-23;Aguardando Designação - Aguardando Devolução de Relator(a) que deixou de ser Membro;0.3542;NAO;0.4428;
2255261;PL 3349/2020;Projeto de Lei;2020-06-16;Geninho Zuliani;UNIÃO;Altera a Lei nº 10.406, de 10 de janeiro de 2002, e dá outras providências.;https://www.camara.leg.br/proposicoesWeb/prop_mostrarintegra?codteor=1904286;https://www.camara.leg.br/proposicoesWeb/fichadetramitacao?idProposicao=2255261;Alteração, Código Civil (2002), registro,  Pacto antenupcial, Contrato de convivência, Instrumento particular, Regime de separação de bens, desobrigação, comunicação, bens, vigência, casamento.;Recebimento;2023-12-04;Aguardando Designação de Relator(a);0.3542;NAO;0.4428;
2191138;PL 454/2019;Projeto de Lei;2019-02-05;Valmir Assunção;PT;Altera a Lei no 9.393, de 1996, e dá outras providências.;https://www.camara.leg.br/proposicoesWeb/prop_mostrarintegra?codteor=1707717;https://www.camara.leg.br/proposicoesWeb/fichadetramitacao?idProposicao=2191138;Alteração, Lei do ITR e Pagamento das Dívidas por Títulos da Dívida Agrária, Valor da Terra Nua (VTN), divulgação, Secretaria Especial da Receita Federal do Brasil, Instituto Nacional de Colonização e Reforma Agrária (INCRA), Cadastro Ambiental Rural, apuração, Imposto sobre a Propriedade Territorial Rural (ITR), tributação.;Publicação de Proposição;2024-12-03;Aguardando Designação de Relator(a);0.3542;NAO;0.4428;
2322790;PL 1223/2022;Projeto de Lei;2022-05-11;Vivi Reis;PSOL;Altera a Lei Nº 9.099, de 26 de setembro de 1995, e dá outras providências.;https://www.camara.leg.br/proposicoesWeb/prop_mostrarintegra?codteor=2168429;https://www.camara.leg.br/proposicoesWeb/fichadetramitacao?idProposicao=2322790;Alteração, Lei dos Juizados Especiais Cíveis e Criminais, recurso judicial, recurso adesivo, Juizado especial.;Apresentação de Proposição;2025-10-15;Aguardando Apreciação pelo Senado Federal;0.3542;NAO;0.4428;
2323117;PL 1250/2022;Projeto de Lei;2022-05-13;Bira do Pindaré;PSB;Altera a Lei nº 5.537, de 21 de novembro de 1968, e dá outras providências.;https://www.camara.leg.br/proposicoesWeb/prop_mostrarintegra?codteor=2169921;https://www.camara.leg.br/proposicoesWeb/fichadetramitacao?idProposicao=2323117;Alteração, Lei Federal, manutenção, serviços, Fundo Nacional de Desenvolvimento da Educação (FNDE), dotação orçamentária, União, execução, anuência prévia, Conselho deliberativo, política, contas públicas. _Implementação, ação educacional, regulamentação, Conselho deliberativo, composição, membro, escolha, mandato. _Competência, Conselho deliberativo, aprovação, política, compras públicas, regimento interno, Fundo Nacional de Desenvolvimento da Educação (FNDE), regulamento, norma educacional, decisão, precedência, análise de impacto. _Revogação, dispositivo legal, Lei federal, presidente, Conselho deliberativo, Instituto Nacional de Desenvolvimento da Educação e Pesquisa (INDEP), ministro, Ministério da Educação e Cultura (1953-1985), diária, membro, Conselho deliberativo.;Encerramento de Prazo;2023-05-09;Aguardando Designação - Aguardando Devolução de Relator(a) que deixou de ser Membro;0.3542;NAO;0.4428;
2192507;PL 940/2019;Projeto de Lei;2019-02-20;Elcione Barbalho;MDB;Altera a Lei nº 13.245, de 30 de março de 2017, e dá outras providências.;https://www.camara.leg.br/proposicoesWeb/prop_mostrarintegra?codteor=1712682;https://www.camara.leg.br/proposicoesWeb/fichadetramitacao?idProposicao=2192507;Alteração, Lei Federal, aumento, controle, incêndio, desastre, estabelecimento comercial, edificação, local, evento público, seguro, responsabilidade civil, dano ambiental, dano, Impacto socioeconômico. _ Código de Defesa do Consumidor, proibição, comanda, consumo, boate, danceteria, medida de segurança, incêndio. _ Código Civil (2002), Conselho Nacional de Metrologia, Normalização e Qualidade Industrial (Conmetro), Associação Brasileira de Normas Técnicas (ABNT), inspeção técnica, edifício, construção, critério, vistoria.;Publicação de Proposição;2019-03-26;Tramitando em Conjunto;0.3542;NAO;0.4428;
2193175;PL 1154/2019;Projeto de Lei;2019-02-26;Delegado Marcelo Freitas;UNIÃO;Altera a Lei nº 10.826, de 22 de dezembro de 2003, e dá outras providências.;https://www.camara.leg.br/proposicoesWeb/prop_mostrarintegra?codteor=1715030;https://www.camara.leg.br/proposicoesWeb/fichadetramitacao?idProposicao=2193175;Alteração, Estatuto do Desarmamento, Porte de arma, arma de fogo, vigilante, empresa, segurança privada, transporte de valores, segurança pública.;Publicação de Proposição;2019-04-04;Tramitando em Conjunto;0.3542;NAO;0.4428;
2197256;PL 2156/2019;Projeto de Lei;2019-04-09;Newton Cardoso Jr;MDB;Altera a Lei nº 13.259, de 16 de março de 2016, e dá outras providências.;https://www.camara.leg.br/proposicoesWeb/prop_mostrarintegra?codteor=1730131;https://www.camara.leg.br/proposicoesWeb/fichadetramitacao?idProposicao=2197256;Alteração, lei federal, requisito, quitação, débito tributário, Dação em pagamento, bens imóveis. _Alteração, lei federal, Programa Especial de Regularização Tributária (Pert), aperfeiçoamento, alienação, sujeito passivo, imóvel, penhora, execução fiscal.;Notificação de Apensação;2023-08-08;Tramitando em Conjunto;0.3542;NAO;0.4428;
2339523;PL 2853/2022;Projeto de Lei;2022-11-23;Júlio Cesar;PSD;Altera a Lei nº 14.166, de 10 de junho de 2021, e dá outras providências.;https://www.camara.leg.br/proposicoesWeb/prop_mostrarintegra?codteor=2217721;https://www.camara.leg.br/proposicoesWeb/fichadetramitacao?idProposicao=2339523;Alteração, Lei Federal, prorrogação, prazo, adesão, devedor, programa (administração), renegociação extraordinária, débito, âmbito, Fundo Constitucional de Financiamento do Norte (FNO), Fundo Constitucional de Financiamento do Nordeste (FNE), Fundo Constitucional de Financiamento do Centro-Oeste (FCO). _Autorização, banco, administração, Fundo constitucional, solicitação, beneficiário, substituição, encargo, operação, crédito rural. _Autorização, liquidação, repactuação, operação, crédito rural, destinação, atividade, cacau.;Retirada de Pauta;2025-12-03;Pronta para Pauta;0.3542;NAO;0.4428;
2221580;PL 5196/2019;Projeto de Lei;2019-09-24;Marcelo Ramos;PSD;Altera a Lei nº 8.387, de 30 de dezembro de 1991, e dá outras providências.;https://www.camara.leg.br/proposicoesWeb/prop_mostrarintegra?codteor=1811383;https://www.camara.leg.br/proposicoesWeb/fichadetramitacao?idProposicao=2221580;Alteração, lei federal, incentivo fiscal, benefício fiscal, benefício financeiro, bens, serviços, Tecnologia da informação e comunicação (TIC), industrialização, Zona Franca de Manaus (ZFM), obrigações, tributação.;Publicação de Proposição;2019-12-18;Aguardando Designação de Relator(a);0.3542;NAO;0.4428;
2225790;PL 5572/2019;Projeto de Lei;2019-10-17;Dr. Luiz Antonio Teixeira Jr.;PP;Altera a lei nº 10671, de 15 de maio de 2003, e dá outras providencias.;https://www.camara.leg.br/proposicoesWeb/prop_mostrarintegra?codteor=1822312;https://www.camara.leg.br/proposicoesWeb/fichadetramitacao?idProposicao=2225790;Alteração, Estatuto de Defesa do Torcedor (2003), Entidade de administração do desporto, publicidade, Sítio (internet), gravação, som, vídeo, arbitragem, Árbitro desportivo, evento desportivo, prazo determinado, Árbitro assistente de vídeo (VAR), escolha, sorteio,  transmissão, Internet.;Apresentação de Requerimento;2023-05-02;Aguardando Designação de Relator(a);0.3542;NAO;0.4428;
2403070;PL 5440/2023;Projeto de Lei;2023-11-09;Darci de Matos;PSD;Altera a Lei nº 9.424, de 24 de dezembro de 1996, e dá outras providências.;https://www.camara.leg.br/proposicoesWeb/prop_mostrarintegra?codteor=2357933;https://www.camara.leg.br/proposicoesWeb/fichadetramitacao?idProposicao=2403070;Alteração, Lei do Fundo de Manutenção e Desenvolvimento do Ensino Fundamental e de Valorização do Magistério. Criação, meios, transição, distribuição, recursos, Salário-educação. _Município, queda, arrecadação, recursos, Salário-educação, motivo, decisão judicial, Trânsito em julgado, garantia, compensação financeira, União. _Índice de inflação, cálculo, valor, Índice Nacional de Preços ao Consumidor Amplo (IPCA).;Encerramento de Prazo;2024-09-18;Aguardando Parecer;0.3542;NAO;0.4428;
2449119;PL 2881/2024;Projeto de Lei;2024-07-12;Célio Studart;PSD;Altera a Lei nº 8.171, de 17 de janeiro de 1991, e dá outras providências.;https://www.camara.leg.br/proposicoesWeb/prop_mostrarintegra?codteor=2454690;https://www.camara.leg.br/proposicoesWeb/fichadetramitacao?idProposicao=2449119;Alteração, lei federal, política agrícola, pesquisa agropecuária, saúde animal, sanidade agropecuária, boas práticas, bem-estar, animal, rebanho, produção animal.;Encerramento de Prazo;2025-12-11;Pronta para Pauta;0.3542;NAO;0.4428;
2593663;PL 6216/2025;Projeto de Lei;2025-12-08;Amom Mandel;CIDADANIA;Altera a Lei nº 14.790, de 29 de dezembro de 2023, e dá outras providências.;https://www.camara.leg.br/proposicoesWeb/prop_mostrarintegra?codteor=3062465;https://www.camara.leg.br/proposicoesWeb/fichadetramitacao?idProposicao=2593663;Alteração, lei federal, critério, proteção, apostador, prevenção, ludopatia, regulamentação, publicidade, apostas de quota fixa, diretrizes.;Apresentação de Proposição;2025-12-08;Aguardando Chancela e Publicação do Despacho;0.3542;NAO;0.4428;
2353760;PL 1455/2023;Projeto de Lei;2023-03-28;Paulo Alexandre Barbosa;PSDB;Altera a Lei nº 12.815, de 5 de junho de 2013, e dá outras providências.;https://www.camara.leg.br/proposicoesWeb/prop_mostrarintegra?codteor=2250642;https://www.camara.leg.br/proposicoesWeb/fichadetramitacao?idProposicao=2353760;Alteração, Lei dos Portos (2013), criação, porto organizado, Conselho de Autoridade Portuária (CAP), Órgão deliberativo, Órgão consultivo, administração, porto. _Regulamento, disposição, atribuição, funcionamento, composição, Conselho de Autoridade Portuária (CAP), garantia, participação, representante, empresariado, trabalhador, portuário, poder público, poder executivo municipal.;Notificacao para Publicação Intermediária;2025-08-22;;0.3542;NAO;0.4428;
2270404;PL 487/2021;Projeto de Lei;2021-02-18;Joice Hasselmann;PSDB;Dispõe sobre o sistema de informação em saúde no âmbito do SUS.;https://www.camara.leg.br/proposicoesWeb/prop_mostrarintegra?codteor=1964311;https://www.camara.leg.br/proposicoesWeb/fichadetramitacao?idProposicao=2270404;Diretrizes, Sistemas de Informação em Saúde (SIS ) , Sistema Único de Saúde (SUS), informatização, dados, usuário, Interoperabilidade, Prontuário médico, documento médico.;Notificações;2024-02-09;;0.3533;NAO;0.4416;
2323549;PL 1282/2022;Projeto de Lei;2022-05-17;Mário Negromonte Jr.;PP;Dispõe sobre a regulamentação da profissão de influenciador digital.;https://www.camara.leg.br/proposicoesWeb/prop_mostrarintegra?codteor=2171582;https://www.camara.leg.br/proposicoesWeb/fichadetramitacao?idProposicao=2323549;Regulamentação profissional, Influenciador digital, criação, geração, Conteúdo digital, Rede social, Mídia social, atribuição, deveres.;Apensação;2025-12-22;Tramitando em Conjunto;0.3529;NAO;0.4412;
2335191;PL 2523/2022;Projeto de Lei;2022-09-26;Hildo Rocha;MDB;Acrescenta o art. 733-A a Lei nº 13.105 de 16 de março de 2015 – Código de Processo.;https://www.camara.leg.br/proposicoesWeb/prop_mostrarintegra?codteor=2207550;https://www.camara.leg.br/proposicoesWeb/fichadetramitacao?idProposicao=2335191;Alteração, Código de Processo Civil (2015), critério, lavratura, escritura pública, divórcio impositivo, casamento.;Desapensação;2024-07-02;Tramitando em Conjunto;0.3529;NAO;0.4411;
2303608;PL 3689/2021;Projeto de Lei;2021-10-20;Subtenente Gonzaga;PSD;Dispõe sobre as ações contraterroristas.;https://www.camara.leg.br/proposicoesWeb/prop_mostrarintegra?codteor=2092286;https://www.camara.leg.br/proposicoesWeb/fichadetramitacao?idProposicao=2303608;"Diretrizes, Poder Público, prevenção, combate ao terrorismo,  Contraterrorismo. _ Criação, Sistema Nacional Contraterrorista, Política Nacional Contraterrorista (PNC), Medalha do Mérito Contraterrorista. 
_Alteração, Estatuto da Cidade, política urbana, prevenção, controle, terrorismo.
 _Alteração, Lei da Proteção a Vítimas e Testemunhas, inclusão, militar,  polícia, agente de inteligência, Programa Federal de Assistência a Vitimas e a Testemunhas Ameaçadas, ameaça, organização terrorista.
_ Alteração, Lei de Acesso à Informação, autoridade, combate, contraterrorismo, acesso irrestrito, Informação sigilosa.";Publicação de Proposição;2021-12-14;Tramitando em Conjunto;0.3516;PARCIAL (1 Termo);0.3144;
2167700;PL 9481/2018;Projeto de Lei;2018-02-06;João Daniel;PT;Altera o Art. 19, da Lei nº 10.696, de 2003, e dá outras providências.;https://www.camara.leg.br/proposicoesWeb/prop_mostrarintegra?codteor=1639318;https://www.camara.leg.br/proposicoesWeb/fichadetramitacao?idProposicao=2167700;Alteração, lei federal, obrigatoriedade, meta, Programa de Aquisição de Alimentos (PAA), Lei de Diretrizes Orçamentárias (LDO), descumprimento, penalidade, Grupo Gestor do Programa de Aquisição de Alimentos (GGPAA).;Encerramento de Prazo;2025-03-26;Aguardando Parecer;0.3512;NAO;0.4389;
2237026;PL 280/2020;Projeto de Lei;2020-02-12;Carlos Veras;PT;Altera o Art. 8º, da Lei nº 8.171, de 17 de janeiro de 1991, e dá outras providências.;https://www.camara.leg.br/proposicoesWeb/prop_mostrarintegra?codteor=1857553;https://www.camara.leg.br/proposicoesWeb/fichadetramitacao?idProposicao=2237026;Alteração, Lei da Política Agrícola, criação, Plano Safra, Agricultura Familiar, planejamento, incentivo, agricultura orgânica, Agroecologia.;Parecer do(a) Relator(a);2025-04-23;Pronta para Pauta;0.3512;NAO;0.4389;
2345137;PL 3060/2022;Projeto de Lei;2022-12-21;Benedita da Silva;PT;Institui o auto de busca pessoal.;https://www.camara.leg.br/proposicoesWeb/prop_mostrarintegra?codteor=2227813;https://www.camara.leg.br/proposicoesWeb/fichadetramitacao?idProposicao=2345137;Alteração, Código de Processo Penal, obrigatoriedade, autoridade policial, auto de busca pessoal, fundada suspeita, diretrizes. _ Respeito, direitos humanos,  prevenção, Discriminação social.;Notificação de Despacho;2023-12-20;Tramitando em Conjunto;0.3501;NAO;0.4376;
2082491;PL 5075/2016;Projeto de Lei;2016-04-26;Laerte Bessa;PL;Acrescenta dispositivo à Lei nº 12.965, de 23 de abril de 2014 - Marco Civil da Internet -, e dá outras providências.;https://www.camara.leg.br/proposicoesWeb/prop_mostrarintegra?codteor=1452573;https://www.camara.leg.br/proposicoesWeb/fichadetramitacao?idProposicao=2082491;Alteração, Marco Civil da Internet, proibição, operadora de telefonia fixa, redução, velocidade, conexão, suspensão, serviços, cobrança, excedente, consumidor, utilização, franquia, banda larga fixa.;Notificações;2024-03-14;Tramitando em Conjunto;0.3499;NAO;0.4374;
2459132;PL 3689/2024;Projeto de Lei;2024-09-25;Jorge Goetten;REPUBLICANOS;Dispõe sobre a atividade de influenciador digital.;https://www.camara.leg.br/proposicoesWeb/prop_mostrarintegra?codteor=2479342;https://www.camara.leg.br/proposicoesWeb/fichadetramitacao?idProposicao=2459132;Diretrizes, atividade profissional, influenciador digital, proibição, atividade privativa, médico, propaganda, procedimento estético, produto fumígeno, aposta, jogo de azar, descumprimento, penalidade.;Parecer do(a) Relator(a);2026-02-23;Pronta para Pauta;0.3496;NAO;0.4370;
2210678;PL 3864/2019;Projeto de Lei;2019-07-03;Jose Mario Schreiner;MDB;Revoga a Lei nº 9.956, de 12 de janeiro de 2000, e dá outras providências.;https://www.camara.leg.br/proposicoesWeb/prop_mostrarintegra?codteor=1773547;https://www.camara.leg.br/proposicoesWeb/fichadetramitacao?idProposicao=2210678;Revogação, lei federal, proibição, Bomba de abastecimento de combustível, Autosserviço.;Notificações;2025-04-07;Tramitando em Conjunto;0.3493;NAO;0.4367;
2301506;PL 3432/2021;Projeto de Lei;2021-10-05;Comissão de Legislação Participativa;N/A;Acrescenta dispositivos à Lei nº 13.432, de 11 de abril de 2017, que dispõe sobre o exercício da profissão de detetive particular.;https://www.camara.leg.br/proposicoesWeb/prop_mostrarintegra?codteor=2084417;https://www.camara.leg.br/proposicoesWeb/fichadetramitacao?idProposicao=2301506;Alteração, Lei Federal, garantia, livre exercício profissional, detetive profissional, requisito, definição, atribuição.;Notificações;2026-02-13;Tramitando em Conjunto;0.3481;NAO;0.4351;
2596421;PL 6393/2025;Projeto de Lei;2025-12-12;Amom Mandel;CIDADANIA;Altera a Lei nº 11.340, de 7 de agosto de 2006 (Lei Maria da Penha), para tornar o Monitoramento Eletrônico do Agressor obrigatório.;https://www.camara.leg.br/proposicoesWeb/prop_mostrarintegra?codteor=3067061;https://www.camara.leg.br/proposicoesWeb/fichadetramitacao?idProposicao=2596421;Alteração, Lei Maria da Penha (2006), obrigatoriedade, agressor, medida protetiva de urgência, utilização, tornozeleira eletrônica, proteção, mulher, feminicídio.;Apresentação de Proposição;2025-12-12;Aguardando Chancela e Publicação do Despacho;0.3480;NAO;0.4350;
2333956;PL 2259/2022;Projeto de Lei;2022-08-11;Joceval Rodrigues;CIDADANIA;Estabelece regras para o exercício da atividade de influenciador digital mirim.;https://www.camara.leg.br/proposicoesWeb/prop_mostrarintegra?codteor=2202873;https://www.camara.leg.br/proposicoesWeb/fichadetramitacao?idProposicao=2333956;Norma geral, exercício profissional, influenciador digital mirim, menor, seguidor (internet), rede social, sítio (internet), apresentação, conteúdo digital, requisito. _Receita, patrocínio, monetização, visualização, exercício profissional, depósito, conta bancária. _Alteração, Estatuto da Criança e do Adolescente (ECA), exercício profissional, influenciador digital mirim, ausência, ofensa, direito à imagem, criança, adolescente.;Apresentação de Requerimento;2025-10-09;Aguardando Parecer;0.3478;NAO;0.4348;
946480;PL 313/2015;Projeto de Lei;2015-02-10;Alice Portugal;PCdoB;Modifica a Lei Nº 12.485, de 12 de setembro de 2011.;https://www.camara.leg.br/proposicoesWeb/prop_mostrarintegra?codteor=1299838;https://www.camara.leg.br/proposicoesWeb/fichadetramitacao?idProposicao=946480;Alteração, lei federal,  revogação, dispositivo, prazo, produção, material audiovisual, exibição, acesso condicionado, televisão por assinatura.;Notificações;2019-08-13;Retirado pelo(a) Autor(a);0.3475;NAO;0.4344;
2249941;PL 2009/2020;Projeto de Lei;2020-04-17;Natália Bonavides;PT;Revoga a Lei nº 13.586, de 28 de maio de 2017.;https://www.camara.leg.br/proposicoesWeb/prop_mostrarintegra?codteor=1884141;https://www.camara.leg.br/proposicoesWeb/fichadetramitacao?idProposicao=2249941;Revogação. Lei Federal, tratamento diferenciado, atividade, exploração, petróleo, gás natural, regime especial de tributação.;Notificações;2023-12-15;Tramitando em Conjunto;0.3475;NAO;0.4344;
2186082;PL 10962/2018;Projeto de Lei;2018-11-07;Flávia Morais;PDT;Acrescenta dispositivos na Lei nº 9.069, de 13 de julho de 1990.;https://www.camara.leg.br/proposicoesWeb/prop_mostrarintegra?codteor=1691260;https://www.camara.leg.br/proposicoesWeb/fichadetramitacao?idProposicao=2186082;Alteração, Estatuto da Criança e do Adolescente (ECA), afastamento, Conselheiro Tutelar, Titular (administração pública), convocação, suplente.;Recebimento;2019-07-02;Tramitando em Conjunto;0.3475;NAO;0.4343;
2211950;PL 4045/2019;Projeto de Lei;2019-07-11;Ted Conti;PSB;Acrescenta dispositivos na Lei nº 8.069, de 13 de julho de 1990.;https://www.camara.leg.br/proposicoesWeb/prop_mostrarintegra?codteor=1778103;https://www.camara.leg.br/proposicoesWeb/fichadetramitacao?idProposicao=2211950;Alteração, Estatuto da Criança e do Adolescente (ECA), pedido, adotante, mandado judicial, cancelamento, Documento de identificação civil, anterioridade, Adoção (direito civil), Cadastro de Pessoas Físicas (CPF), Carteira de Identidade (CI).;Distribuição;2023-03-24;Aguardando Designação de Relator(a);0.3475;NAO;0.4343;
2622868;PL 2258/2026;Projeto de Lei;2026-05-07;Paulo Pimenta;PT;Veda a exploração, a oferta e a publicidade de jogos de azar baseados em resultado gerado por sistema eletrônico ou algoritmo, operados por meio digital ou pela internet no território nacional, revoga o art. 3º, inciso II, da Lei nº 14.790, de 29 de dezembro de 2023, e dá outras providências.;https://www.camara.leg.br/proposicoesWeb/prop_mostrarintegra?codteor=3125567;https://www.camara.leg.br/proposicoesWeb/fichadetramitacao?idProposicao=2622868;Proibição, exploração, oferta, publicidade, jogo de azar, jogo eletrônico, jogo online, plataforma digital, internet, direito do consumidor. _Revogação, Inciso (texto legislativo), Lei Federal, Apostas de Quota Fixa.;Apresentação de Proposição;2026-05-07;Aguardando Despacho do Presidente da Câmara dos Deputados (Chancela);0.3469;NAO;0.4336;
2354132;PL 1512/2023;Projeto de Lei;2023-03-29;Sargento Portugal;PODE;Altera o Decreto-Lei nº 667, de 02 de julho de 1969 e dá outras providências.;https://www.camara.leg.br/proposicoesWeb/prop_mostrarintegra?codteor=2252047;https://www.camara.leg.br/proposicoesWeb/fichadetramitacao?idProposicao=2354132;Alteração, Lei de Reorganização da Polícia Militar e do Corpo de Bombeiros Militar, provimento de cargo público, Comandante-Geral, Polícia militar, Corpo de bombeiros militar, estado (ente federado), Distrito Federal (Brasil). _Norma geral, remuneração, inatividade, contribuição, tempo mínimo, provento integral. _Revogação, dispositivo legal, nomeação, comandante, polícia militar.;Notificações;2024-04-19;;0.3464;NAO;0.4329;
2324211;PL 1335/2022;Projeto de Lei;2022-05-23;Alexandre Frota;PROS;Dispõe sobre a regulamentação da profissão de Influenciador Digital e dá outras providências.;https://www.camara.leg.br/proposicoesWeb/prop_mostrarintegra?codteor=2174196;https://www.camara.leg.br/proposicoesWeb/fichadetramitacao?idProposicao=2324211;Regulamentação profissional, Influenciador Digital, Plataforma digital, rede social.;Notificacao para Publicação Intermediária;2025-10-14;Tramitando em Conjunto;0.3463;NAO;0.4328;
2453197;PL 3178/2024;Projeto de Lei;2024-08-14;Mauro Benevides Filho;PDT;Altera a Lei nº 1.411, de 13 de agosto de 1951, para dispor sobre a profissão de Economistas e dá outras providências.;https://www.camara.leg.br/proposicoesWeb/prop_mostrarintegra?codteor=2464899;https://www.camara.leg.br/proposicoesWeb/fichadetramitacao?idProposicao=2453197;Alteração, Legislação, Profissão, atuação, Economista, Competência profissional, Regulamentação profissional.;Parecer do(a) Relator(a);2025-12-16;Pronta para Pauta;0.3453;NAO;0.4317;
2214653;PL 4404/2019;Projeto de Lei;2019-08-13;Tito;AVANTE;Altera a Lei nº. 10.028, de 2000, para instituir a punição administrativa de caráter pessoal do agente que descumprir o dever de deixar de liberar ao pleno conhecimento e acompanhamento da sociedade, em tempo real, de informações pormenorizadas sobre a execução orçamentária e financeira, em meios eletrônicos de acesso público.;https://www.camara.leg.br/proposicoesWeb/prop_mostrarintegra?codteor=1788623;https://www.camara.leg.br/proposicoesWeb/fichadetramitacao?idProposicao=2214653;Alteração, Lei dos Crimes Fiscais, infração administrativa, contra, lei, Finanças públicas, retenção, informação, execução orçamentária, execução financeira, meio eletrônico, acesso, povo.;Notificações;2024-08-13;;0.3446;NAO;0.4307;
2494112;PL 1434/2025;Projeto de Lei;2025-04-02;Paulo Alexandre Barbosa;PSDB;Trata-se de projeto de lei que tem por objetivo dispor  sobre o exercício da atividade de Analista do Comportamento e Técnico em Análise do Comportamento.;https://www.camara.leg.br/proposicoesWeb/prop_mostrarintegra?codteor=2879487;https://www.camara.leg.br/proposicoesWeb/fichadetramitacao?idProposicao=2494112;Regulamentação profissional, analista, técnico, Análise do Comportamento Aplicada (ABA), pessoa neuroatípica, transtorno comportamental, Transtorno do Espectro Autista (TEA), saúde, educação, estudo, envelhecimento, diretrizes, graduação.;Apresentação de Requerimento;2025-06-02;Aguardando Designação de Relator(a);0.3444;NAO;0.4305;
2057561;PL 3818/2015;Projeto de Lei;2015-12-02;Miguel Lombardi;PL;Dá nova redação ao inciso II, do § 1º, do art. 215, do Código Civil - Lei nº 10.406, de 10 de janeiro de 2002, para determinar que o reconhecimento da identidade seja feito através de biometria a ser confrontada com o banco de dados do Instituto Nacional de Identificação.;https://www.camara.leg.br/proposicoesWeb/prop_mostrarintegra?codteor=1419712;https://www.camara.leg.br/proposicoesWeb/fichadetramitacao?idProposicao=2057561;Alteração, Código Civil (2002), reconhecimento, identificação, parte (processo civil), testemunha, lavratura, escritura pública, identificação biométrica, comparação, banco de dados, Instituto Nacional de Identificação (INI).;Desarquivamento a Pedido;2019-02-21;Aguardando Designação de Relator(a);0.3435;NAO;0.4294;
2565712;PL 4849/2025;Projeto de Lei;2025-09-30;Jonas Donizette;PSB;Revoga o parágrafo único do art. 400 da Lei nº 13.105, de 16 de março de 2015 – Código de Processo Civil;https://www.camara.leg.br/proposicoesWeb/prop_mostrarintegra?codteor=3009941;https://www.camara.leg.br/proposicoesWeb/fichadetramitacao?idProposicao=2565712;Alteração, Código de Processo Civil (2015), revogação, dispositivo legal, prova (direito civil), exibição, documento, coisa (direito civil), juiz, medida indutiva, medida coercitiva, medida sub-rogatória, medida executiva.;Recebimento;2025-10-29;Aguardando Designação de Relator(a);0.3427;NAO;0.4283;
2351249;PL 1106/2023;Projeto de Lei;2023-03-14;Luiz Carlos Motta;PL;Reconhece a Robótica como esporte de competição e de relevância educacional, na forma que especifica.;https://www.camara.leg.br/proposicoesWeb/prop_mostrarintegra?codteor=2243096;https://www.camara.leg.br/proposicoesWeb/fichadetramitacao?idProposicao=2351249;Reconhecimento, robótica, esporte de competição, interesse, educação. _Inclusão, robótica, matéria (educação), atividade extracurricular, disciplina optativa, rede pública de ensino, rede particular de ensino. _Finalidade, ensino, estímulo, raciocínio lógico, melhoria, rendimento escolar, fomento, criatividade.;Recebimento;2025-10-03;Aguardando Designação de Relator(a);0.3415;NAO;0.4269;
2621569;PL 2182/2026;Projeto de Lei;2026-05-05;Adilson Barroso;PL;Dispõe sobre a criação do Sistema Integrado de Alerta de Proximidade (SIAP), mediante aplicativo de dispositivos móveis, para o monitoramento em tempo real de agressores sob medida protetiva com uso de tornozeleira eletrônica, e dá outras providências;https://www.camara.leg.br/proposicoesWeb/prop_mostrarintegra?codteor=3123428;https://www.camara.leg.br/proposicoesWeb/fichadetramitacao?idProposicao=2621569;Criação, Sistema Integrado de Alerta de Proximidade (SIAP), monitoração eletrônica, tempo real, agressor, medida protetiva, violência doméstica, violência contra a mulher.;Apresentação de Proposição;2026-05-05;Aguardando Despacho do Presidente da Câmara dos Deputados (Chancela);0.3408;NAO;0.4260;
2348594;PL 465/2023;Projeto de Lei;2023-02-13;Alberto Fraga;PL;Altera a Lei nº 9.883, de 07 de dezembro de 1999.;https://www.camara.leg.br/proposicoesWeb/prop_mostrarintegra?codteor=2234810;https://www.camara.leg.br/proposicoesWeb/fichadetramitacao?idProposicao=2348594;Alteração, Lei da Agência Brasileira de Inteligência, Sistema Brasileiro de Inteligência (SISBIN), regulamentação, acesso, Dados pessoais, Dados pessoais sensíveis, Agência Brasileira de Inteligência (ABIN), autorização judicial, sigilo,  Controle judicial, fiscalização. _ Transparência, Atividade de inteligência.;Notificacao para Publicação Intermediária;2025-08-07;Tramitando em Conjunto;0.3408;PARCIAL (1 Termo);0.3010;
2139957;PL 7771/2017;Projeto de Lei;2017-06-01;Carlos Bezerra;MDB;Altera dispositivo da Lei nº 13.105, de 16 de março de 2015 - Código de Processo Civil.;https://www.camara.leg.br/proposicoesWeb/prop_mostrarintegra?codteor=1565211;https://www.camara.leg.br/proposicoesWeb/fichadetramitacao?idProposicao=2139957;Alteração, Código de Processo Civil (2015), garantia ao contraditório, produção antecipada de provas, prova (direito civil).;Saída de Relator(a) da Comissão - Com Parecer Apresentado;2023-01-31;Aguardando Designação de Relator(a);0.3405;NAO;0.4256;
2153966;PL 8774/2017;Projeto de Lei;2017-10-04;Nilto Tatto;PT;Altera dispositivo da Lei no 13.105, de 16 de março de 2015 - Código de Processo Civil.;https://www.camara.leg.br/proposicoesWeb/prop_mostrarintegra?codteor=1604767;https://www.camara.leg.br/proposicoesWeb/fichadetramitacao?idProposicao=2153966;Alteração, Código de Processo Civil (2015), custas, taxa, parte (processo civil),    pagamento, trânsito em julgado, decisão definitiva.;Saída de Relator(a) da Comissão - Sem Parecer Apresentado;2025-03-19;Aguardando Designação - Aguardando Devolução de Relator(a) que deixou de ser Membro;0.3405;NAO;0.4256;
2537647;PL 3534/2025;Projeto de Lei;2025-07-16;Amom Mandel;CIDADANIA;Dispõe sobre a individualização eletrônica de contas em estabelecimentos de alimentação e dá outras providências.;https://www.camara.leg.br/proposicoesWeb/prop_mostrarintegra?codteor=2959196;https://www.camara.leg.br/proposicoesWeb/fichadetramitacao?idProposicao=2537647;Garantia, individualização, conta de consumo, meio eletrônico, comanda, bar, restaurante, lanchonete, direito do consumidor, diretrizes.;Saída de Relator(a) da Comissão - Sem Parecer Apresentado;2026-02-04;Aguardando Designação - Aguardando Devolução de Relator(a) que deixou de ser Membro;0.3401;NAO;0.4252;
2393677;PL 4831/2023;Projeto de Lei;2023-10-04;João Carlos Bacelar;PL;Altera a Lei no 9.074, de 7 de julho de 1995 e a Lei no 10.848, de 15 de março de 2004, e dá outras providências.;https://www.camara.leg.br/proposicoesWeb/prop_mostrarintegra?codteor=2340090;https://www.camara.leg.br/proposicoesWeb/fichadetramitacao?idProposicao=2393677;Alteração, Lei federal, critério, prorrogação, concessão de serviços públicos, energia elétrica. _Alteração, Lei de Comercialização de Energia Elétrica (2004), distribuidora de energia elétrica, geração distribuída, setor elétrico.;Designação de Relator(a);2024-10-09;Aguardando Parecer;0.3399;NAO;0.4249;
2423491;PL 970/2024;Projeto de Lei;2024-03-26;Lafayette de Andrada;REPUBLICANOS;Altera a Lei n° 9.074, de 07 de julho de 1995 e a Lei n° 14.300, de 6 de janeiro de 2022, e dá outras providências.;https://www.camara.leg.br/proposicoesWeb/prop_mostrarintegra?codteor=2400196;https://www.camara.leg.br/proposicoesWeb/fichadetramitacao?idProposicao=2423491;Alteração, Lei Federal, garantia, segurança jurídica, transparência, prorrogação, renovação, Contrato de concessão, energia elétrica. _Prorrogação, submissão, consulta pública, Agência Nacional de Energia Elétrica (ANEEL). _Limite, inserção, geração distribuída, área de concessão. _Alteração, Marco Legal da Microgeração e Minigeração Distribuída (2022), restrição, limitação, conexão, energia injetada, procedência, Microgeração distribuída, minigeração distribuída. _Custo, melhoria, reforço, Sistema de distribuição de energia elétrica, decorrência, conexão, Microgeração distribuída, atribuição, Concessionária de serviço de energia elétrica.;Notificações;2024-10-09;Tramitando em Conjunto;0.3399;NAO;0.4249;
1302319;PL 1811/2015;Projeto de Lei;2015-06-09;Laerte Bessa;PL;Dispõe sobre o inquérito policial eletrônico, e dá outras providências.;https://www.camara.leg.br/proposicoesWeb/prop_mostrarintegra?codteor=1345552;https://www.camara.leg.br/proposicoesWeb/fichadetramitacao?idProposicao=1302319;Alteração, Código de Processo Penal, disciplinamento, inquérito policial eletrônico.;Recebimento;2019-07-09;Tramitando em Conjunto;0.3398;NAO;0.4247;
2394856;PL 4919/2023;Projeto de Lei;2023-10-10;Romero Rodrigues;PODE;Acrescenta art. 49-A, à Lei nº 8.078, de 11 de setembro de 1990 (Código de Proteção e Defesa do Consumidor), com o objetivo de vedar a realização de cobrança automática após o período de teste ou de experimentação de produto ou serviço.;https://www.camara.leg.br/proposicoesWeb/prop_mostrarintegra?codteor=2342725;https://www.camara.leg.br/proposicoesWeb/fichadetramitacao?idProposicao=2394856;Alteração, Código de Defesa do Consumidor, proibição, realização, cobrança automática, posterioridade, período de teste, experimentação, produtos, serviços.;Devolução à CCP;2024-04-29;Aguardando Encaminhamento;0.3395;NAO;0.4244;
2395881;PL 4993/2023;Projeto de Lei;2023-10-16;Romero Rodrigues;PODE;Acrescenta art. 49-A, à Lei nº 8.078, de 11 de setembro de 1990 (Código de Proteção e Defesa do Consumidor), com o objetivo de vedar a realização de cobrança automática após o período de teste ou de experimentação de produto ou serviço.;https://www.camara.leg.br/proposicoesWeb/prop_mostrarintegra?codteor=2344824;https://www.camara.leg.br/proposicoesWeb/fichadetramitacao?idProposicao=2395881;Alteração, Código de Defesa do Consumidor (1990), proibição, fornecedor, cobrança automática, consumidor, período de teste ou de experimentação, produtos, serviços.;Apresentação de Requerimento;2023-10-30;Retirado pelo(a) Autor(a);0.3395;NAO;0.4244;
2368363;PL 2987/2023;Projeto de Lei;2023-06-12;Caio Vianna;PSD;Altera a Lei nº 12.527, de 18 de Novembro de 2011, para garantir a imutabilidade, auditabilidade e segurança das informações.;https://www.camara.leg.br/proposicoesWeb/prop_mostrarintegra?codteor=2286029;https://www.camara.leg.br/proposicoesWeb/fichadetramitacao?idProposicao=2368363;Alteração, Lei de Acesso à Informação, órgão público, entidade pública, responsabilização, proteção, informação, garantia, disponibilidade, imutabilidade, auditoria de sistemas, integridade, imutabilidade, permanência. _Adoção, medida de segurança, proteção, dados, contra, acesso, ausência, autorização, utilização, Blockchain. _Definição, Blockchain, arquivo, banco de dados descentralizado. _Dados registrados, Blockchain.;Publicação de Proposição;2025-04-25;Aguardando Designação de Relator(a);0.3393;NAO;0.4242;
2224651;PL 5463/2019;Projeto de Lei;2019-10-09;Comissão de Legislação Participativa;N/A;Acresce dispositivo à Lei no 13.105, de 16 de março de 2015 - Código de Processo Civil.;https://www.camara.leg.br/proposicoesWeb/prop_mostrarintegra?codteor=1818874;https://www.camara.leg.br/proposicoesWeb/fichadetramitacao?idProposicao=2224651;Alteração, Código de Processo Civil, efeito retroativo, sentença judicial, divórcio, separação judicial, restabelecimento, sociedade conjugal, reconhecimento, filiação.;Saída de Relator(a) da Comissão - Sem Parecer Apresentado;2024-03-06;Aguardando Designação - Aguardando Devolução de Relator(a) que deixou de ser Membro;0.3393;NAO;0.4241;
2317567;PL 530/2022;Projeto de Lei;2022-03-10;Professor Alcides;PL;Altera a Lei nº 9.394, de 20 de dezembro de 1996, para incluir o ensino da robótica nos currículos do ensino fundamental e médio.;https://www.camara.leg.br/proposicoesWeb/prop_mostrarintegra?codteor=2146636;https://www.camara.leg.br/proposicoesWeb/fichadetramitacao?idProposicao=2317567;Alteração, Lei de Diretrizes e Bases da Educação Nacional (1996), inclusão, robótica, Base Nacional Comum Curricular (BNCC), Ensino fundamental, Ensino médio.;Publicação de Proposição;2022-03-23;Aguardando Encaminhamento;0.3384;NAO;0.4230;
1724602;PL 2977/2015;Projeto de Lei;2015-09-15;Leandre;PSD;Acrescenta inciso IV ao art. 25 da Lei nº 8.666, de 21 de junho de 1993, para adicionar ao dispositivo a hipótese de inexigibilidade de licitação que especifica, e dá outras providências.;https://www.camara.leg.br/proposicoesWeb/prop_mostrarintegra?codteor=1385850;https://www.camara.leg.br/proposicoesWeb/fichadetramitacao?idProposicao=1724602;Alteração, Lei das Licitações, inexigibilidade de licitação, credenciamento, Instituição de saúde, profissional de saúde.;Publicação de Proposição;2019-12-05;Aguardando Designação de Relator(a);0.3381;NAO;0.4227;
949034;PL 458/2015;Projeto de Lei;2015-02-25;Andre Moura;PSC;Acrescenta dispositivos à Lei nº 6.615, de 16 de dezembro de 1978, para dispor sobre a identidade profissional de Radialistas.;https://www.camara.leg.br/proposicoesWeb/prop_mostrarintegra?codteor=1303370;https://www.camara.leg.br/proposicoesWeb/fichadetramitacao?idProposicao=949034;Alteração, lei federal,  validade, território nacional,  carteira de identidade profissional, radialista, emissão, sindicato, federação.;Recebimento;2022-12-21;Aguardando Apreciação do Veto;0.3378;NAO;0.4223;
1805128;PL 3129/2015;Projeto de Lei;2015-09-24;Clarissa Garotinho;UNIÃO;Altera a Lei de Diretrizes e Bases da Educação Nacional.;https://www.camara.leg.br/proposicoesWeb/prop_mostrarintegra?codteor=1390978;https://www.camara.leg.br/proposicoesWeb/fichadetramitacao?idProposicao=1805128;Alteração, Lei de Diretrizes e Bases da Educação Nacional (1996), capacitação, professor, apoio, aluno com deficiência, deficiência sensorial, deficiência intelectual, deficiência motora.;Publicação de Proposição;2023-09-20;Aguardando Designação de Relator(a);0.3367;NAO;0.4209;
2127662;PL 7258/2017;Projeto de Lei;2017-03-29;Fábio Sousa;PSDB;Dispõe sobre o custeio do monitoramento eletrônico do apenado.;https://www.camara.leg.br/proposicoesWeb/prop_mostrarintegra?codteor=1540285;https://www.camara.leg.br/proposicoesWeb/fichadetramitacao?idProposicao=2127662;Critério, cobrança, ressarcimento, custo, monitoração eletrônica, preso condenado.;Notificacao para Publicação Intermediária;2025-11-11;;0.3366;NAO;0.4208;
2371026;PL 3205/2023;Projeto de Lei;2023-06-21;José Medeiros;PL;Altera a Lei no 13.869, de 5 de setembro de 2019 – Lei de Abuso de Autoridade, visando legitimar o uso de algemas nas hipóteses em que especifica.;https://www.camara.leg.br/proposicoesWeb/prop_mostrarintegra?codteor=2292198;https://www.camara.leg.br/proposicoesWeb/fichadetramitacao?idProposicao=2371026;Alteração, Lei de Abuso de Autoridade (2019), ausência, crime, abuso de autoridade, utilização, Algema, cumprimento, Mandado de prisão, Prisão em flagrante, condução, preso, estabelecimento penal, diligência, Audiência (processo penal).;Publicação de Proposição;2023-08-04;Tramitando em Conjunto;0.3358;NAO;0.4198;
944254;PL 12/2015;Projeto de Lei;2015-02-02;Lucas Vergilio;SOLIDARIEDADE;Dispõe sobre a utilização de sistemas de verificação biométrica e dá outras providências.;https://www.camara.leg.br/proposicoesWeb/prop_mostrarintegra?codteor=1296692;https://www.camara.leg.br/proposicoesWeb/fichadetramitacao?idProposicao=944254;Dados biométricos, verificação, armazenamento, consentimento, titular, proibição, troca, venda, interconexão, meio eletrônico, proteção, privacidade, infraestrutura de chaves públicas brasileira, assinatura digital, infração administrativa, tipicidade, crime, alteração, sistema de informação, pena de reclusão.;Recebimento;2025-06-23;Aguardando Designação de Relator(a);0.3358;NAO;0.4198;
2219026;PL 4901/2019;Projeto de Lei;2019-09-05;Bibo Nunes;PL;Dispõe sobre a utilização de sistemas de verificação biométrica e dá outras providências.;https://www.camara.leg.br/proposicoesWeb/prop_mostrarintegra?codteor=1803357;https://www.camara.leg.br/proposicoesWeb/fichadetramitacao?idProposicao=2219026;"Diretrizes, Armazenamento de dados, dados biométricos, identificação biométrica, direitos, titular, adequação, Infraestrutura de Chaves Públicas Brasileiras (ICP-Brasil), utilização, biometria, infração administrativa, violação, dados, penalidade. 
_Alteração, Código Penal, Crime contra a inviolabilidade de segredos, tipicidade penal, Modificação não autorizada de sistema de informações, dados biométricos, reclusão, multa.";Notificações;2024-05-16;;0.3358;NAO;0.4198;
2300519;PL 3333/2021;Projeto de Lei;2021-09-28;Shéridan;PSDB;Acrescenta dispositivo à Lei nº 11.340, de 7 de agosto de 2006, para dispor sobre a utilização de dispositivo eletrônico para verificação do cumprimento de medida protetiva.;https://www.camara.leg.br/proposicoesWeb/prop_mostrarintegra?codteor=2080683;https://www.camara.leg.br/proposicoesWeb/fichadetramitacao?idProposicao=2300519;Alteração, Lei Maria da Penha, Poder público, utilização equipamento eletrônico, verificação, cumprimento, medida protetiva, distância, agressor, vítima, mulher.;Recebimento;2021-11-10;Tramitando em Conjunto;0.3354;NAO;0.4192;
2219809;PL 4993/2019;Projeto de Lei;2019-09-11;Miguel Lombardi;PL;Altera a Lei nº 9.514, de 20 de novembro de 1997 e a Lei nº 8.935, de 18 de novembro de 1994.;https://www.camara.leg.br/proposicoesWeb/prop_mostrarintegra?codteor=1805788;https://www.camara.leg.br/proposicoesWeb/fichadetramitacao?idProposicao=2219809;"Alteração, Lei do Sistema de Financiamento Imobiliário, proibição, Sistema Financeiro Imobiliário (SFI), retenção, liberação, pagamento, financiamento, escritura pública, meio eletrônico, Tabelião de notas, cidade, localização,  imóvel,  desnecessidade, comprovação, registro de imóvel,  desburocratização. 
_Alteração, Lei dos Cartórios, facultatividade, Serviço notarial e de registro, Meio eletrônico.";Recebimento;2025-10-08;Aguardando Designação de Relator(a);0.3350;NAO;0.4188;
2256710;PL 3627/2020;Projeto de Lei;2020-07-03;Nereu Crispim;PSD;Altera a Lei nº 12.965, de 23 de abril de 2014, para criar mecanismos de verificação de identidade dos perfis ativos em aplicações de internet que atuem como redes sociais e plataforma de registro de ocorrência policial na hipótese de crimes contra a honra cometidos ou divulgados em quaisquer modalidades das redes sociais da rede mundial de computadores e dá outras providências.;https://www.camara.leg.br/proposicoesWeb/prop_mostrarintegra?codteor=1909907;https://www.camara.leg.br/proposicoesWeb/fichadetramitacao?idProposicao=2256710;Alteração, Marco Civil da Internet, provedor de aplicações, internet, rede social, identificação, perfil de usuário, combate, perfil falso, notícia falsa (fake news). _Plataforma digital, registro, boletim de ocorrência policial, crime contra a honra, ameaça virtual, rede social digital. _Alteração, Código Penal, circunstância agravante, agravação penal, crime contra a honra, ameaça virtual, rede social, internet.;Despacho de Apensação;2021-05-05;Tramitando em Conjunto;0.3348;NAO;0.4185;
2380910;PL 4020/2023;Projeto de Lei;2023-08-21;Capitão Alberto Neto;PL;Dispõe sobre o colecionamento de Produto Controlado pelo Comando do Exército – PCE.;https://www.camara.leg.br/proposicoesWeb/prop_mostrarintegra?codteor=2315253;https://www.camara.leg.br/proposicoesWeb/fichadetramitacao?idProposicao=2380910;Regulamentação, colecionamento, Produto controlado, Exército, Arma de fogo, Arma de fogo obsoleta, Armamento, Munição, Acervo histórico, CAC (Caçador, Atirador e Colecionador).;Publicação de Proposição;2023-09-01;Tramitando em Conjunto;0.3347;NAO;0.4184;
2110184;PL 6062/2016;Projeto de Lei;2016-08-30;Angela Albino;PCdoB;Altera a Lei nº 9.503, de 23 de setembro de 1997, para tornar o dispositivo para acionamento automático de faróis baixos equipamento obrigatório.;https://www.camara.leg.br/proposicoesWeb/prop_mostrarintegra?codteor=1487862;https://www.camara.leg.br/proposicoesWeb/fichadetramitacao?idProposicao=2110184;Alteração, Código de Trânsito Brasileiro, obrigatoriedade, Dispositivo automático de acendimento de faróis, farol de luz baixa, veículo terrestre.;Desarquivamento a Pedido;2019-02-26;Tramitando em Conjunto;0.3346;NAO;0.4183;
2165897;PL 9308/2017;Projeto de Lei;2017-12-12;Jorginho Mello;PR;Altera dispositivo da Lei nº 4.024, de 20 de dezembro de 1961 e a lei Nº 9.394, de 20 de dezembro de 1996 e dá outras providências.;https://www.camara.leg.br/proposicoesWeb/prop_mostrarintegra?codteor=1643813;https://www.camara.leg.br/proposicoesWeb/fichadetramitacao?idProposicao=2165897;Alteração, Lei de Diretrizes e Bases da Educação Nacional (1961), inclusão, Instituição Comunitária de Educação Superior (ICES), escolha, membro, Câmara de Educação Superior. _Alteração, Lei de Diretrizes e Bases da Educação Nacional (1996), inclusão, Instituição Comunitária de Educação Superior (ICES), Instituição de ensino privada.;Recebimento;2019-09-05;Transformado em Norma Jurídica;0.3345;NAO;0.4181;
2542392;PL 3890/2025;Projeto de Lei;2025-08-11;Ruy Carneiro;PODE;Dispõe sobre a proibição da monetização e inclusão em algoritmos de conteúdos produzidos por crianças e adolescentes em plataformas digitais, regulamenta as hipóteses autorizadas de atuação artística profissional de menores em ambiente digital, altera a Lei nº 12.965, de 23 de abril de 2014 (Marco Civil da Internet), e a Lei nº 8.069, de 13 de julho de 1990 (Estatuto da Criança e do dolescente), e dá outras providências.;https://www.camara.leg.br/proposicoesWeb/prop_mostrarintegra?codteor=2970422;https://www.camara.leg.br/proposicoesWeb/fichadetramitacao?idProposicao=2542392;Alteração, Marco Civil da Internet (2014), Estatuto da Criança e do Adolescente (ECA) (1990), obrigatoriedade, plataforma digital, restrição, monetização, Algoritmo, conta digital, criança, adolescente, exigência, comunicação prévia, conselho tutelar, autorização judicial, Contrato especial, Atividade artística, menor de idade, Influenciador digital mirim. _ Proibição, sexualização precoce, Adultização de crianças e adolescentes,  Internet. _ Enfrentamento, pedofilia.;Apresentação de Proposição;2025-08-11;Aguardando análise do Presidente da Câmara - (Decisão);0.3338;NAO;0.4172;
2391398;PL 4710/2023;Projeto de Lei;2023-09-27;Rodrigo Valadares;UNIÃO;Altera a redação da Lei n° 13.796, de 3 de janeiro de 2019 e dá outras providências.;https://www.camara.leg.br/proposicoesWeb/prop_mostrarintegra?codteor=2335155;https://www.camara.leg.br/proposicoesWeb/fichadetramitacao?idProposicao=2391398;Alteração, Lei de Diretrizes e Bases da Educação Nacional (1996), aluno, Instituição de ensino pública, Instituição de ensino privada, garantia, exercício, Liberdade de consciência, Liberdade de crença, requerimento, pais, responsável  legal, diretor, escola, ausência, Prova (ensino), atividade, aula, contra, orientação, religião, crença, estudante.;Designação de Relator(a);2024-07-03;Aguardando Designação - Aguardando Devolução de Relator(a) que deixou de ser Membro;0.3330;NAO;0.4163;
2422021;PL 870/2024;Projeto de Lei;2024-03-19;Rodrigo Valadares;UNIÃO;Altera a redação da Lei n° 8.989, de 24 de fevereiro de 1995 e dá outras providências.;https://www.camara.leg.br/proposicoesWeb/prop_mostrarintegra?codteor=2397085;https://www.camara.leg.br/proposicoesWeb/fichadetramitacao?idProposicao=2422021;Alteração, Lei de Isenção do IPI para Compra de Automóveis, isenção, Imposto sobre Produtos Industrializados (IPI), aquisição, ciclomotor, triciclo motorizado, motoneta, motocicleta, quadriciclo.;Apresentação de Requerimento;2024-04-25;Tramitando em Conjunto;0.3330;NAO;0.4163;
2563287;PL 4705/2025;Projeto de Lei;2025-09-23;Rodrigo Valadares;UNIÃO;Altera a redação da Lei n° 11.326, de 24 de julho de 2006 e dá outras providências.;https://www.camara.leg.br/proposicoesWeb/prop_mostrarintegra?codteor=3004832;https://www.camara.leg.br/proposicoesWeb/fichadetramitacao?idProposicao=2563287;Alteração, Lei da Agricultura Familiar (2006)¸critério, enquadramento, agricultor familiar, empreendimento familiar rural, aquisição, alimento, Programa Nacional de Atividades Espaciais (PNAE), Programa de Aquisição de Alimentos (PAA), diretrizes.;Abertura de Prazo;2025-12-16;Pronta para Pauta;0.3330;NAO;0.4163;
2432893;PL 1756/2024;Projeto de Lei;2024-05-10;Rodrigo Valadares;UNIÃO;Altera a redação da Lei n° 4.917, de 17 de dezembro de 1965 e dá outras providências.;https://www.camara.leg.br/proposicoesWeb/prop_mostrarintegra?codteor=2421887;https://www.camara.leg.br/proposicoesWeb/fichadetramitacao?idProposicao=2432893;Alteração, Legislação, Isenção tributária, Imposto de importação, Imposto de consumo, Emolumento, Donativo, incentivo, Doação de alimentos, Medicamento, Calamidade pública, Situação de emergência, Inundação, Enchente, Desastre ambiental, Rio Grande do Sul.;Publicação de Proposição;2025-09-25;Aguardando Designação de Relator(a);0.3330;NAO;0.4163;
2290157;PL 2490/2021;Projeto de Lei;2021-07-08;Giovani Cherini;PL;Denomina “UCS – Vale do Grafeno e Nióbio” a Unidade de Inovação e Tecnológica da Universidade de Caxias do Sul, que promove a pesquisa e aplicação do grafeno e do nióbio.;https://www.camara.leg.br/proposicoesWeb/prop_mostrarintegra?codteor=2041566;https://www.camara.leg.br/proposicoesWeb/fichadetramitacao?idProposicao=2290157;Denominação, UCS - Vale do Grafeno e Nióbio, unidade, inovação, Universidade de Caxias do Sul (UCS), promoção, pesquisa, grafeno, nióbio.;Publicação de Proposição;2021-09-15;Devolvida ao(à) Autor(a);0.3325;NAO;0.4157;
2571335;PL 5127/2025;Projeto de Lei;2025-10-14;Rosângela Reis;PL;Dispõe sobre a autorização e o reconhecimento do uso de dispositivo mecânico de acionamento para liberação controlada de agentes químicos incapacitantes não letais, destinados exclusivamente à segurança privada, e dá outras providências;https://www.camara.leg.br/proposicoesWeb/prop_mostrarintegra?codteor=3021186;https://www.camara.leg.br/proposicoesWeb/fichadetramitacao?idProposicao=2571335;Autorização, spray de pimenta, gás lacrimogêneo, local fechado, arma não letal, exclusividade, empresa, segurança privada, controle, liberação, área de segurança, diretrizes.;Encerramento de Prazo;2026-02-09;Aguardando Parecer;0.3325;NAO;0.4157;
2557724;PL 4482/2025;Projeto de Lei;2025-09-08;Alberto Fraga;PL;Altera o § 4º do art. 27 da Lei nº 9.514, de 20 de novembro de 1997, para correção da referência ao Código Civil nesse dispositivo, e dá outras providências.;https://www.camara.leg.br/proposicoesWeb/prop_mostrarintegra?codteor=2994285;https://www.camara.leg.br/proposicoesWeb/fichadetramitacao?idProposicao=2557724;Alteração, Lei do Sistema de Financiamento Imobiliário (1997), correção, referência, dispositivo legal, Código Civil (2002), inaplicação, retenção, indenização, benfeitoria, venda, imóvel.;Recebimento;2025-10-29;Aguardando Designação de Relator(a);0.3321;NAO;0.4152;
2572479;PL 5208/2025;Projeto de Lei;2025-10-15;Alex Santana;REPUBLICANOS;Institui a Identificação Digital Segura de Agentes Públicos (ID-Agente), no âmbito da Estratégia Nacional de Governo Digital, de que trata a Lei nº 14.129, de 29 de março de 2021.;https://www.camara.leg.br/proposicoesWeb/prop_mostrarintegra?codteor=3022978;https://www.camara.leg.br/proposicoesWeb/fichadetramitacao?idProposicao=2572479;Alteração, Lei do Governo Digital (2021), Estratégia Nacional de Governo Digital, criação, Identificação Digital Segura de Agentes Públicos (ID-Agente), diretrizes, tecnologia, segurança, cidadão.;Publicação de Proposição;2025-11-17;Aguardando Designação de Relator(a);0.3321;NAO;0.4151;
2322728;PL 1216/2022;Projeto de Lei;2022-05-11;David Soares;UNIÃO;Altera a Lei nº 3.689 de 1941 para disciplinar o uso de tornozeleiras eletrônicas.;https://www.camara.leg.br/proposicoesWeb/prop_mostrarintegra?codteor=2168248;https://www.camara.leg.br/proposicoesWeb/fichadetramitacao?idProposicao=2322728;Alteração, Código de Processo Penal, Medida cautelar, Monitoração eletrônica, acusado, Crime hediondo.;Publicação de Proposição;2022-05-18;Aguardando Designação de Relator(a);0.3321;NAO;0.4151;
2299600;PL 3244/2021;Projeto de Lei;2021-09-21;Carla Zambelli;PL;"Altera a Lei nº 11.419, de 19 de 
dezembro de 2006, para dispor sobre 
o tratamento de dados processuais 
eletrônicos na rede mundial de 
computadores.";https://www.camara.leg.br/proposicoesWeb/prop_mostrarintegra?codteor=2076907;https://www.camara.leg.br/proposicoesWeb/fichadetramitacao?idProposicao=2299600;Alteração, Lei do Processo Judicial Eletrônico, tratamento de dados, dados processuais eletrônicos, sistema processual eletrônico, consulta, banco de dados, extração, cópia digital.;Encerramento de Prazo;2023-08-31;Aguardando Designação de Relator(a);0.3319;NAO;0.4149;
2634733;PL 3164/2025;Projeto de Lei;2026-06-22;Senado Federal - Zequinha Marinho;N/A;Dispõe sobre o exercício da profissão de manipulador artesanal de açaí.;https://www.camara.leg.br/proposicoesWeb/prop_mostrarintegra?codteor=3151508;https://www.camara.leg.br/proposicoesWeb/fichadetramitacao?idProposicao=2634733;Regulamentação profissional, manipulador artesanal de açaí, produção artesanal, comunidade tradicional, agricultura familiar, atividade econômica, incentivo, preservação, prática tradicional.;Apresentação de Proposição;2026-06-22;Aguardando Despacho do Presidente da Câmara dos Deputados (Chancela);0.3318;NAO;0.4147;
2525009;PL 2831/2025;Projeto de Lei;2025-06-11;Jilmar Tatto;PT;Altera a redação do art. 10 da Lei n° 8.029, de 12 de abril de 1990 e dá outras providências.;https://www.camara.leg.br/proposicoesWeb/prop_mostrarintegra?codteor=2934325;https://www.camara.leg.br/proposicoesWeb/fichadetramitacao?idProposicao=2525009;Alteração, lei federal, acréscimo, representante, transporte, Conselho deliberativo, Serviço Brasileiro de Apoio às Micro e Pequenas Empresas (Sebrae), Confederação Nacional do Transporte (CNT).;Pedido de Vista;2025-12-16;Aguardando Vistas;0.3313;NAO;0.4141;
2362562;PL 2606/2023;Projeto de Lei;2023-05-16;Sargento Gonçalves;PL;Institui a identificação biométrica e ou facial para ingresso nas escolas da rede pública ou privada da educação básica de ensino, a submissão dos ingressantes à verificação por equipamentos detectores de metais e sobre a obrigatoriedade de aquisição de equipamentos de detecção de metais, porta giratória com detecção de metais e outros equipamentos.;https://www.camara.leg.br/proposicoesWeb/prop_mostrarintegra?codteor=2273447;https://www.camara.leg.br/proposicoesWeb/fichadetramitacao?idProposicao=2362562;Implantação, Identificação biométrica, Reconhecimento facial, entrada, escola, rede pública de ensino, rede privada de ensino, educação básica, submissão, pessoa, detector de metal. _Aquisição, equipamento, detector de metal, contratação, vigilância armada. _Militar, Forças Armadas, Órgão de segurança pública, dispensa, submissão, detector de metal, cidadão, autorização, porte de arma, consentimento, entrada, escola.;Notificações;2024-12-09;Tramitando em Conjunto;0.3308;NAO;0.4135;
1806194;PL 3168/2015;Projeto de Lei;2015-09-30;Mariana Carvalho;REPUBLICANOS;Altera a Lei nº 8.248, de 1991, para dispor sobre estágio remunerado em atividades fabris ou intensivas em tecnologia da informação.;https://www.camara.leg.br/proposicoesWeb/prop_mostrarintegra?codteor=1394030;https://www.camara.leg.br/proposicoesWeb/fichadetramitacao?idProposicao=1806194;Alteração, Lei de Informática, aplicação, percentual, faturamento, estágio remunerado, atividade industrial, tecnologia da informação.;Saída de Relator(a) da Comissão - Sem Parecer Apresentado;2021-03-10;Aguardando Designação de Relator(a);0.3299;NAO;0.4124;
2169011;PL 9736/2018;Projeto de Lei;2018-03-07;Julio Lopes;PP;Acrescenta dispositivo à Lei nº 7.210, de 11 de julho de 1984, para incluir a previsão de identificação por reconhecimento facial.;https://www.camara.leg.br/proposicoesWeb/prop_mostrarintegra?codteor=1643053;https://www.camara.leg.br/proposicoesWeb/fichadetramitacao?idProposicao=2169011;Alteração, Lei de Execução Penal, obrigatoriedade, identificação biométrica, leitor facial, preso condenado, recolhimento, estabelecimento penal, pena privativa de liberdade.;Saída de Relator(a) da Comissão - Sem Parecer Apresentado;2022-04-27;Aguardando Designação - Aguardando Devolução de Relator(a) que deixou de ser Membro;0.3297;NAO;0.4121;
2609587;PL 1225/2026;Projeto de Lei;2026-03-17;Ana Paula Lima;PT;"Dispõe sobre o uso de sistemas de reconhecimento facial e outras tecnologias biométricas em instituições de ensino da educação básica; estabelece requisitos de consentimento, transparência algorítmica e proteção de dados de crianças e adolescentes; proíbe a vinculação automática de registros de frequência gerados por algoritmos a sistemas de benefícios socioassistenciais; e dá outras providências.";https://www.camara.leg.br/proposicoesWeb/prop_mostrarintegra?codteor=3099156;https://www.camara.leg.br/proposicoesWeb/fichadetramitacao?idProposicao=2609587;Regulamentação, utilização, Reconhecimento facial, Identificação biométrica, monitoramento, aluno, Instituição de ensino, escola, educação básica, cumprimento, Relatório de impacto à proteção de dados pessoais, Agência Nacional de Proteção de Dados (ANPD), Transparência algorítmica, proteção, criança, adolescente, diretrizes.;Apresentação de Proposição;2026-03-17;Aguardando Chancela e Publicação do Despacho;0.3294;NAO;0.4117;
2170606;PL 9917/2018;Projeto de Lei;2018-04-03;Rômulo Gouveia;PSD;Acrescenta o inciso XXII ao art. 15 da Lei nº 8.080 de 19 de setembro de 1990, para dispor sobre o sistema de identificação biométrica dos usuários dos serviços de saúde.;https://www.camara.leg.br/proposicoesWeb/prop_mostrarintegra?codteor=1648208;https://www.camara.leg.br/proposicoesWeb/fichadetramitacao?idProposicao=2170606;Alteração, Lei Orgânica da Saúde, implementação, sistema de informação, identificação biométrica, usuário de serviços, serviços de saúde.;Notificações;2024-02-09;;0.3290;NAO;0.4113;
2599048;PL 6671/2025;Projeto de Lei;2025-12-22;Amom Mandel;CIDADANIA;Institui o Programa Nacional de Laboratórios Escolares de Ciência Aplicada e Robótica (PNLER) no âmbito da educação básica, e dá outras providências.;https://www.camara.leg.br/proposicoesWeb/prop_mostrarintegra?codteor=3071698;https://www.camara.leg.br/proposicoesWeb/fichadetramitacao?idProposicao=2599048;Criação, Ação governamental, incentivo, Aprendizagem, Experimentação, Educação básica, Ensino médio, estudante, Laboratório de ciências, Laboratório de inovação, Robótica, Inovação tecnológica, tecnologia, diretrizes.;Recebimento;2026-02-13;Aguardando Designação de Relator(a);0.3289;NAO;0.4112;
949102;PL 471/2015;Projeto de Lei;2015-02-25;Laerte Rodrigues de Bessa;PL;Altera e acrescenta dispositivos à Lei nº 8.429, de 02 de junho de 1992, e dá outras providências.;https://www.camara.leg.br/proposicoesWeb/prop_mostrarintegra?codteor=1303514;https://www.camara.leg.br/proposicoesWeb/fichadetramitacao?idProposicao=949102;Alteração, Lei da Improbidade Administrativa,  punição, autor, denunciação caluniosa, litigância de má-fé, improbidade administrativa   agente público, reclusão, legitimidade, ação penal, vítima, queixa-crime, Ministério Público.;Publicação de Proposição;2015-03-12;Tramitando em Conjunto;0.3285;NAO;0.4106;
2113458;PL 6256/2016;Projeto de Lei;2016-10-07;Comissão de Legislação Participativa;N/A;Altera dispositivo da Lei nº 13.105, de 16 de março de 2015.;https://www.camara.leg.br/proposicoesWeb/prop_mostrarintegra?codteor=1497265;https://www.camara.leg.br/proposicoesWeb/fichadetramitacao?idProposicao=2113458;Alteração, Código de Processo Civil (2015), critério, contagem de prazo, prazo processual, competência, Juizado especial, Fazenda pública.;Saída de Relator(a) da Comissão - Com Parecer Apresentado;2023-01-31;Aguardando Designação de Relator(a);0.3280;NAO;0.4100;
1732946;PL 3006/2015;Projeto de Lei;2015-09-16;Veneziano Vital do Rêgo;PSB;Altera dispositivo da Lei nº 9.610, de 19 de fevereiro de 1998.;https://www.camara.leg.br/proposicoesWeb/prop_mostrarintegra?codteor=1386649;https://www.camara.leg.br/proposicoesWeb/fichadetramitacao?idProposicao=1732946;Alteração, Lei dos Direitos Autorais, redução, prazo, proteção, direito patrimonial, autor, obra, falecimento.;Devolução à CCP;2017-09-20;Retirado pelo(a) Autor(a);0.3280;NAO;0.4100;
2235879;PL 6583/2019;Projeto de Lei;2019-12-18;Fernando Rodolfo;PL;Altera dispositivo da Lei nº 6.015, de 31 de dezembro de 1973.;https://www.camara.leg.br/proposicoesWeb/prop_mostrarintegra?codteor=1850252;https://www.camara.leg.br/proposicoesWeb/fichadetramitacao?idProposicao=2235879;Alteração, Lei dos Registros Públicos, autorização, enteado, adoção, sobrenome, padrasto, madrasta.;Notificação de Despacho;2023-09-21;;0.3280;NAO;0.4100;
2198475;PL 2351/2019;Projeto de Lei;2019-04-16;Valtenir Pereira;MDB;Altera dispositivo da Lei no 8.437, de 30 de junho de 1992.;https://www.camara.leg.br/proposicoesWeb/prop_mostrarintegra?codteor=1733981;https://www.camara.leg.br/proposicoesWeb/fichadetramitacao?idProposicao=2198475;Alteração, lei federal, medida cautelar, atos, Poder Público, aumento, prazo determinado, agravo de instrumento, decisão judicial.;Publicação de Proposição;2019-05-07;Aguardando Designação de Relator(a);0.3280;NAO;0.4100;
2200794;PL 2750/2019;Projeto de Lei;2019-05-08;Edna Henrique;REPUBLICANOS;Altera dispositivo da Lei nº 6.015, de 31 de dezembro de 1973.;https://www.camara.leg.br/proposicoesWeb/prop_mostrarintegra?codteor=1743524;https://www.camara.leg.br/proposicoesWeb/fichadetramitacao?idProposicao=2200794;Alteração, Lei dos Registros Públicos, gratuidade, registro civil, Reconhecimento voluntário de paternidade.;Recebimento;2019-06-12;Tramitando em Conjunto;0.3280;NAO;0.4100;
2375550;PL 3721/2023;Projeto de Lei;2023-08-03;Delegado Paulo Bilynskyj;PL;Altera dispositivo da Lei nº 7.210, de 11 de julho de 1984.;https://www.camara.leg.br/proposicoesWeb/prop_mostrarintegra?codteor=2305630;https://www.camara.leg.br/proposicoesWeb/fichadetramitacao?idProposicao=2375550;Alteração, Lei de Execução Penal (1984), Transexual, Transgênero, Presídio, Local reservado.;Notificacao para Publicação Intermediária;2025-12-18;Tramitando em Conjunto;0.3280;NAO;0.4100;
2477353;PL 4781/2024;Projeto de Lei;2024-12-10;Bebeto;PP;Altera dispositivo da Lei nº 13.105, de 16 de março de 2015.;https://www.camara.leg.br/proposicoesWeb/prop_mostrarintegra?codteor=2837173;https://www.camara.leg.br/proposicoesWeb/fichadetramitacao?idProposicao=2477353;Alteração, Código de Processo Civil (2015), gratuidade, Processo judicial, Custas, Justiça gratuita, Honorários de sucumbência.;Recebimento;2025-03-10;Aguardando Designação de Relator(a);0.3280;NAO;0.4100;
2629613;PL 2795/2026;Projeto de Lei;2026-06-02;Arlindo Chinaglia;PT;Altera a Lei nº 8.213, de 24 de julho de 1991, para estabelecer o pagamento em dobro do benefício previdenciário quando houver negativa de direito na esfera administrativa por erro grosseiro, ausência de exame das provas apresentadas pelo segurado ou utilização de ferramentas digitais de inteligência artificial, com ou sem supervisão humana.;https://www.camara.leg.br/proposicoesWeb/prop_mostrarintegra?codteor=3140789;https://www.camara.leg.br/proposicoesWeb/fichadetramitacao?idProposicao=2629613;Alteração, Lei de Benefícios da Previdência Social (1991), critério, pagamento, multa, ausência, concessão, benefício previdenciário, dolo, erro grosseiro, Administração pública, direitos, segurado (previdência social).;Apresentação de Proposição;2026-06-02;Aguardando Despacho do Presidente da Câmara dos Deputados (Chancela);0.3277;NAO;0.4096;
2611230;PL 1324/2026;Projeto de Lei;2026-03-23;Eduardo da Fonte;PP;Altera a Lei Maria da Penha para estabelecer requisito de identificação visual dos dispositivos de monitoração eletrônica utilizados por agressores submetidos a medidas protetivas de urgência.;https://www.camara.leg.br/proposicoesWeb/prop_mostrarintegra?codteor=3102654;https://www.camara.leg.br/proposicoesWeb/fichadetramitacao?idProposicao=2611230;Alteração, Lei Maria da Penha (2006), identificação visual, vermelho, cores, alta definição, monitoração eletrônica, tornozeleira eletrônica, agressor, violência doméstica, violência contra a mulher, medida protetiva de urgência, prevenção, feminicídio.;Apresentação de Proposição;2026-03-23;Aguardando Autorização do Despacho;0.3276;NAO;0.4096;
2349538;PL 728/2023;Projeto de Lei;2023-02-28;Clarissa Tércio;PP;Altera o Código Civil, para incluir dispositivo que regula a união estável.;https://www.camara.leg.br/proposicoesWeb/prop_mostrarintegra?codteor=2238286;https://www.camara.leg.br/proposicoesWeb/fichadetramitacao?idProposicao=2349538;Alteração, Código Civil (2002), critério, união estável, menor de idade.;Recebimento;2023-09-13;Tramitando em Conjunto;0.3268;NAO;0.4085;
2218509;PL 4853/2019;Projeto de Lei;2019-09-03;João Roma;PL;Altera dispositivos do Decreto-lei número 1.002, de 21 de outubro de 1969, Código de Processo Penal Militar para determinar que o Inquérito Policial Militar será eletrônico, com peças assinadas digitalmente, além de armazenado em um sistema informatizado único de âmbito nacional e dá outras providências.;https://www.camara.leg.br/proposicoesWeb/prop_mostrarintegra?codteor=1806461;https://www.camara.leg.br/proposicoesWeb/fichadetramitacao?idProposicao=2218509;Alteração, Código de Processo Penal Militar, Inquérito policial militar, meio eletrônico, prazo, encerramento, penalidade, perito, interprete.;Publicação de Proposição;2021-12-17;Aguardando Designação de Relator(a);0.3262;NAO;0.4077;
2418033;PL 298/2024;Projeto de Lei;2024-02-19;Marx Beltrão;PP;Altera o art. 103 da Lei nº 9.503, de 23 de setembro de 1997, para dispor sobre segurança cibernética de veículos, e dá outras providências.;https://www.camara.leg.br/proposicoesWeb/prop_mostrarintegra?codteor=2387511;https://www.camara.leg.br/proposicoesWeb/fichadetramitacao?idProposicao=2418033;Alteração, Código de Trânsito Brasileiro, fabricante, empresa importadora, montadora de veículo, encarroçadora de veículo, comercialização, território nacional, desenvolvimento, emprego, prática, segurança cibernética, veículo,, destinação, proteção, manutenção, integridade, sistema operacional. _Conselho Nacional de Trânsito (Contran), criação, procedimento, avaliação técnica, vulnerabilidade, decorrência, invasão, ataque cibernético, sistema operacional, veículo. _Proibição, cobrança, consumidor, prestação de serviços, atualização, sistema operacional, veículo.;Designação de Relator(a);2025-04-02;Aguardando Parecer;0.3261;NAO;0.4077;
1199095;PL 1079/2015;Projeto de Lei;2015-04-08;Rômulo Gouveia;PSD;Acrescenta o art. 8º-A à Lei nº 12.318, de 26 de agosto de 2010.;https://www.camara.leg.br/proposicoesWeb/prop_mostrarintegra?codteor=1318750;https://www.camara.leg.br/proposicoesWeb/fichadetramitacao?idProposicao=1199095;Alteração, Lei da Alienação Parental, criação, campanha educativa, combate, alienação parental.;Arquivamento;2021-12-16;Aguardando Encaminhamento;0.3252;NAO;0.4066;
2437292;PL 2139/2024;Projeto de Lei;2024-05-29;Ulisses Guimarães;MDB;Acrescenta o art. 776-A à Lei nº 10.406, de 10 de janeiro de 2002.;https://www.camara.leg.br/proposicoesWeb/prop_mostrarintegra?codteor=2431226;https://www.camara.leg.br/proposicoesWeb/fichadetramitacao?idProposicao=2437292;Alteração, Código Civil (2002), obrigatoriedade, seguradora, interpelação, segurado, Inadimplente, condição, cancelamento, seguro. _ Proibição, seguradora, cancelamento, contrato, suspensão, serviços de saúde, segurado, renegociação, parcela vencida, Seguro-saúde.;Publicação de Proposição;2024-07-23;Aguardando Designação de Relator(a);0.3252;NAO;0.4066;
2603207;PL 584/2026;Projeto de Lei;2026-02-19;Duarte Jr.;PSB;Acrescenta o art. 13-A à Lei nº 9.656, de 3 de junho de 1998.;https://www.camara.leg.br/proposicoesWeb/prop_mostrarintegra?codteor=3084453;https://www.camara.leg.br/proposicoesWeb/fichadetramitacao?idProposicao=2603207;Alteração, Lei dos Planos de Saúde (1998), garantia, portabilidade, prestador de serviço, plano de saúde, saúde suplementar, período de carência, ausência, prazo mínimo, permanência, informação ao consumidor, defesa do consumidor.;Apresentação de Proposição;2026-02-19;;0.3252;NAO;0.4066;
2372330;PL 3356/2023;Projeto de Lei;2023-07-04;Alberto Fraga;PL;Altera o § 2º do art. 5º da Lei nº 12.086, de 6 de novembro de 2009, e dá outras providências.;https://www.camara.leg.br/proposicoesWeb/prop_mostrarintegra?codteor=2296064;https://www.camara.leg.br/proposicoesWeb/fichadetramitacao?idProposicao=2372330;Alteração, Legislação, Polícia militar, Distrito Federal (Brasil), Corpo de Bombeiros Militar do Distrito Federal (CBMDF), Promoção, Militar.;Publicação de Proposição;2024-05-08;Aguardando Designação de Relator(a);0.3252;NAO;0.4065;
2323273;PL 1264/2022;Projeto de Lei;2022-05-17;Camilo Capiberibe;PSB;Dispõe sobre a regulamentação da profissão de vigia;https://www.camara.leg.br/proposicoesWeb/prop_mostrarintegra?codteor=2170630;https://www.camara.leg.br/proposicoesWeb/fichadetramitacao?idProposicao=2323273;Regulamentação profissional, vigia, pessoa desarmada, responsabilidade, vigilância patrimonial, imóvel residencial, imóvel comercial, remuneração, pagamento, proprietário, habitante, área urbana, diligência. _Requisito, cadastramento, órgão competente, apresentação, comprovante, Contribuição previdenciária, renovação, cadastro.;Recebimento;2023-11-17;Tramitando em Conjunto;0.3250;NAO;0.4062;
2243132;PL 1595/2020;Projeto de Lei;2020-04-06;Senado Federal - Tasso Jereissati;N/A;Altera a Lei n° 13.105, de 16 de março de 2015 (Código de Processo Civil), para prever a intimação eletrônica por meio de aplicativo de mensagens multiplataforma.;https://www.camara.leg.br/proposicoesWeb/prop_mostrarintegra?codteor=1873525;https://www.camara.leg.br/proposicoesWeb/fichadetramitacao?idProposicao=2243132;Alteração, Código de Processo Civil (2015), intimação, meio eletrônico, aplicativo de mensagens multiplataforma, advogado, parte (processo civil), procedimento.;Encerramento de Prazo;2021-07-07;Aguardando Deliberação de Recurso;0.3240;NAO;0.4049;
945957;PL 210/2015;Projeto de Lei;2015-02-04;Mendonça Filho;UNIÃO;Altera a Lei nº 9.096, de 19 de setembro de 1995, e a Lei nº 9.504, de 30 de setembro de 1997.;https://www.camara.leg.br/proposicoesWeb/prop_mostrarintegra?codteor=1298018;https://www.camara.leg.br/proposicoesWeb/fichadetramitacao?idProposicao=945957;"Alteração, Lei Orgânica dos Partidos Políticos, Diretório Municipal, ausência, movimentação, recursos financeiros, desobrigação, prestação de contas, justiça eleitoral.
_Período, impedimento, suspensão, repasse, cota, fundo partidário, partido político, ausência, prestação de contas, desaprovação, justiça eleitoral. 
_Gasto, passagem aérea, partido político, comprovação, fatura, duplicata, agência de viagem. 
_Utilização, recursos, fundo partidário, ressarcimento, fazenda pública, pagamento, servidor, diretório, partido político. 
_Diretório Nacional, partido político, suspensão, fundo partidário, pagamento, despesa, funcionamento, Diretório Regional.
_Alteração, Lei das Eleições (1997), gasto, passagem aérea, partido político, campanha eleitoral, comprovação, fatura, duplicata, agência de viagem.";Desarquivamento a Pedido;2019-02-22;Tramitando em Conjunto;0.3236;NAO;0.4045;
2180742;PL 10511/2018;Projeto de Lei;2018-07-03;Capitão Augusto;PL;Altera a Lei nº 7.102, de 20 de junho de 1983, e a Lei nº 10.826, de 22 de dezembro de 2003.;https://www.camara.leg.br/proposicoesWeb/prop_mostrarintegra?codteor=1674049;https://www.camara.leg.br/proposicoesWeb/fichadetramitacao?idProposicao=2180742;"Alteração, Lei de Segurança Bancária, vigilante, banco, porte de arma, arma de fogo. 
_Alteração, Estatuto do Desarmamento, normatização, porte de arma, arma de fogo, vigilante, segurança privada, credenciamento, Departamento de Polícia Federal (DPF).";Apensação;2024-08-26;Tramitando em Conjunto;0.3236;NAO;0.4045;
2374949;PL 3673/2023;Projeto de Lei;2023-08-01;Léo Prates;PDT;Cria o Programa Ponto de Ônibus Guarnecido e dá outras providências.;https://www.camara.leg.br/proposicoesWeb/prop_mostrarintegra?codteor=2303744;https://www.camara.leg.br/proposicoesWeb/fichadetramitacao?idProposicao=2374949;Criação, Programa Ponto de Ônibus Guarnecido, Poder público, instalação, equipamento eletrônico, monitoramento, comunicação, Parada de ônibus, riscos (segurança), mulher, diretrizes.;Apresentação de Requerimento;2025-11-03;Aguardando Parecer;0.3235;NAO;0.4043;
2318667;PL 703/2022;Projeto de Lei;2022-03-24;Helio Lopes;PL;Acrescenta o art. 1857-A à Lei n° 10406, de 2002, Código Civil.;https://www.camara.leg.br/proposicoesWeb/prop_mostrarintegra?codteor=2152405;https://www.camara.leg.br/proposicoesWeb/fichadetramitacao?idProposicao=2318667;Alteração, Código Civil (2002), garantia, agente capaz, utilização, meios, manifestação, Declaração de vontade, tratamento, dados pessoais, posterioridade, falecimento. _Direitos, herdeiro, acesso, dados, pessoa falecida.;Notificações;2026-02-12;Tramitando em Conjunto;0.3230;NAO;0.4038;
2216612;PL 4627/2019;Projeto de Lei;2019-08-21;Carlos Henrique Gaguim;UNIÃO;Insere dispositivo na Lei nº 11.445, de 5 de janeiro de 2007, que estabelece diretrizes nacionais para o saneamento básico, criando procedimento de reconhecimento de inovações no desenho de equipamentos de saneamento básico, voltadas à eficiência no uso econômico da água.;https://www.camara.leg.br/proposicoesWeb/prop_mostrarintegra?codteor=1794422;https://www.camara.leg.br/proposicoesWeb/fichadetramitacao?idProposicao=2216612;Alteração, Lei de Saneamento Básico, estímulo, criação, meios, inovação, equipamento, saneamento básico, eficiência, utilização, água.;Recebimento;2025-05-09;Aguardando Designação de Relator(a);0.3227;NAO;0.4033;
2446617;PL 2738/2024;Projeto de Lei;2024-07-04;Kim Kataguiri;UNIÃO;Altera o Decreto-Lei nº 3689, de 03 de outubro de 1941 – Código Processo Penal, para dispor sobre a obtenção de provas produzidas por drones.;https://www.camara.leg.br/proposicoesWeb/prop_mostrarintegra?codteor=2448256;https://www.camara.leg.br/proposicoesWeb/fichadetramitacao?idProposicao=2446617;Alteração, Código de Processo Penal (1941), critério, Prova lícita, fotografia, Veículo Aéreo Não Tripulado (VANT).;Parecer do(a) Relator(a);2025-12-15;Pronta para Pauta;0.3225;NAO;0.4031;
2374399;PL 3625/2023;Projeto de Lei;2023-07-25;Renata Abreu;PODE;Revoga o § 2º do art. 229 da Lei nº 13.105, de 16 de março de 2015 – Código de Processo Civil.;https://www.camara.leg.br/proposicoesWeb/prop_mostrarintegra?codteor=2302398;https://www.camara.leg.br/proposicoesWeb/fichadetramitacao?idProposicao=2374399;Alteração, Código de Processo Civil (2015), revogação, dispositivo legal, inaplicação, prazo em dobro, manifestação, Litisconsorte, processo judicial, Autos eletrônicos.;Publicação de Proposição;2023-08-08;Aguardando Encaminhamento;0.3220;NAO;0.4025;
2146302;PL 8162/2017;Projeto de Lei;2017-08-03;Heuler Cruvinel;PP;Estabelece a cobrança da fiscalização por meio da monitoração eletrônica aos apenados.;https://www.camara.leg.br/proposicoesWeb/prop_mostrarintegra?codteor=1582411;https://www.camara.leg.br/proposicoesWeb/fichadetramitacao?idProposicao=2146302;Alteração, Lei de Execução Penal, Código de Processo Penal, cobrança, preso, fiscalização, monitoração eletrônica, tornozeleira eletrônica, parte, recursos, Fundo Penitenciário Nacional (FUNPEN).;Notificacao para Publicação Intermediária;2025-11-11;;0.3219;NAO;0.4023;
2440226;PL 2330/2024;Projeto de Lei;2024-06-12;Zé Silva;SOLIDARIEDADE;Altera o Decreto-Lei nº 227, de 28 de fevereiro de 1967 (Código de Minas), para simplificar e desburocratizar os procedimentos de outorga de autorização de pesquisa.;https://www.camara.leg.br/proposicoesWeb/prop_mostrarintegra?codteor=2436132;https://www.camara.leg.br/proposicoesWeb/fichadetramitacao?idProposicao=2440226;Alteração, Código de Mineração (1967), simplificação, Desburocratização, inexigibilidade, Relatório (documento administrativo), exequibilidade, outorga, autorização, Pesquisa mineral, Jazida, análise, viabilidade econômica, viabilidade financeira.;Encerramento de Prazo;2024-08-29;Aguardando Parecer;0.3214;NAO;0.4018;
1713431;PL 2932/2015;Projeto de Lei;2015-09-09;Paulo Abi-Ackel;PSDB;Dispõe acerca do Plano Nacional de Redes Elétricas Inteligentes, e altera a Lei nº 10.438, de 26 de abril de 2002.;https://www.camara.leg.br/proposicoesWeb/prop_mostrarintegra?codteor=1383255;https://www.camara.leg.br/proposicoesWeb/fichadetramitacao?idProposicao=1713431;Criação, Plano Nacional de Redes Elétricas Inteligentes, tecnologia da informação, sistema elétrico, substituição, medidor de energia elétrica, beneficiamento, concessionária de serviço de energia elétrica, consumidor, alteração, Lei do Setor Elétrico, recursos, Conta de Desenvolvimento Energético (CDE), financiamento, projeto.;Encerramento de Prazo;2023-06-20;Aguardando Deliberação de Recurso;0.3212;NAO;0.4015;
2304182;PL 3731/2021;Projeto de Lei;2021-10-26;Mário Heringer;PDT;Altera o art. 22 da Lei nº 11.340, de 7 de agosto de 2006 - Lei Maria da Penha, para determinar o uso de dispositivo eletrônico de monitoramento de localização como medida protetiva de urgência, e dá outras providências.;https://www.camara.leg.br/proposicoesWeb/prop_mostrarintegra?codteor=2094723;https://www.camara.leg.br/proposicoesWeb/fichadetramitacao?idProposicao=2304182;Alteração, Lei Maria da Penha, agressor, uso obrigatório, tornozeleira eletrônica, monitoração eletrônica , localização, Medida protetiva de urgência, garantia, ofendida, mulher, instantaneidade, acionamento, autoridade policial.;Publicação de Proposição;2021-12-03;Aguardando Encaminhamento;0.3212;NAO;0.4014;
2335232;PL 2541/2022;Projeto de Lei;2022-09-29;Eduardo Bismarck;PDT;Acrescenta dispositivos à Lei nº 13.695, de 12 de julho de 2018, para dispor sobre a profissão de corretor de moda.;https://www.camara.leg.br/proposicoesWeb/prop_mostrarintegra?codteor=2207822;https://www.camara.leg.br/proposicoesWeb/fichadetramitacao?idProposicao=2335232;Alteração, lei federal, profissão regulamentada, competência, corretor de moda, diretrizes, pagamento, comissão (remuneração), indústria da moda, indústria têxtil.;Publicação de Proposição;2025-12-17;Aguardando Designação de Relator(a);0.3211;NAO;0.4014;
2465540;PL 4139/2024;Projeto de Lei;2024-10-30;Marcos Tavares;PDT;Institui a inclusão de jogos eletrônicos como atividade extracurricular nas escolas da rede pública e privada de ensino básico no Brasil, com o objetivo de fomentar o desenvolvimento de habilidades cognitivas, sociais, motoras e digitais entre os alunos.;https://www.camara.leg.br/proposicoesWeb/prop_mostrarintegra?codteor=2646507;https://www.camara.leg.br/proposicoesWeb/fichadetramitacao?idProposicao=2465540;Jogo eletrônico, atividade extracurricular, Inclusão digital, Inclusão tecnológica, Alfabetização digital, diretrizes.;Retirada de Pauta;2025-09-24;Pronta para Pauta;0.3208;NAO;0.4010;
2615127;PL 1745/2026;Projeto de Lei;2026-04-09;Amom Mandel;CIDADANIA;Altera a Lei nº 13.146/2015 para explicitar parâmetros de acessibilidade cognitiva em processos seletivos e concursos públicos.;https://www.camara.leg.br/proposicoesWeb/prop_mostrarintegra?codteor=3111491;https://www.camara.leg.br/proposicoesWeb/fichadetramitacao?idProposicao=2615127;Alteração, Estatuto da Pessoa com Deficiência (2015), diretrizes, Acessibilidade cognitiva, Deficiência intelectual, Processo seletivo, Concurso público.;Publicação de Proposição;2026-06-09;Aguardando Encaminhamento;0.3207;NAO;0.4009;
2199545;PL 2567/2019;Projeto de Lei;2019-04-25;Carlos Chiodini;MDB;Altera a Lei nº 4.504, de 30 de novembro de 1964, e a Lei nº 5.868, de 12 de dezembro de 1972, e dá outras providências.;https://www.camara.leg.br/proposicoesWeb/prop_mostrarintegra?codteor=1738033;https://www.camara.leg.br/proposicoesWeb/fichadetramitacao?idProposicao=2199545;"Alteração, Estatuto da Terra, requisito, desmembramento, parcelamento, módulo rural, imóvel rural, Atividade agrícola, Agricultura familiar.
_Alteração, lei federal, Sistema Nacional de Cadastro Rural (SNCR), transmissão, Sucessão (direito civil),  desmembramento, parcelamento, módulo rural, imóvel rural, Atividade agrícola, Agricultura familiar.";Notificacao para Publicação Intermediária;2025-04-28;Tramitando em Conjunto;0.3201;NAO;0.4001;
2200464;PL 2671/2019;Projeto de Lei;2019-05-07;Nilto Tatto;PT;Altera a Lei nº 9.433, de 8 de janeiro de 1997, e a Lei nº 9.984, de 17 de julho de 2000, e dá outras providências.;https://www.camara.leg.br/proposicoesWeb/prop_mostrarintegra?codteor=1742486;https://www.camara.leg.br/proposicoesWeb/fichadetramitacao?idProposicao=2200464;"Alteração, Lei de Gestão de Recursos Hídricos, Política Nacional de Recursos Hídricos, diretrizes, Bacia hidrográfica, Outorga de direito de uso de recursos hídricos, aplicação, recursos, arrecadação, cobrança, utilização, recursos hídricos, capacitação, agente público, finalidade, controle social, gestão, sustentabilidade, composição, Conselho Nacional de Recursos Hídricos (CNRH), Comitê de Bacia Hidrográfica (CBH), área, atuação.
_Alteração, Lei da ANA, competência, Agência Nacional de Águas.";Notificacao para Publicação Intermediária;2026-02-11;;0.3201;NAO;0.4001;
2362170;PL 2558/2023;Projeto de Lei;2023-05-15;Capitão Alberto Neto;PL;Regulamenta o uso de armas eletrônicas não-letais por agentes de portaria escolar.;https://www.camara.leg.br/proposicoesWeb/prop_mostrarintegra?codteor=2272486;https://www.camara.leg.br/proposicoesWeb/fichadetramitacao?idProposicao=2362170;Regulamentação, utilização, Arma eletrônica, Arma não letal, Agente de Portaria, escola, diretrizes.;Notificações;2024-09-06;Tramitando em Conjunto;0.3201;NAO;0.4001;
2579217;PL 5547/2025;Projeto de Lei;2025-10-30;Mersinho Lucena;PP;Institui o Estatuto Nacional do Trabalhador de Aplicativos e da Economia Digital (ENTAED), estabelece direitos, deveres e garantias nas relações intermediadas por plataformas digitais, disciplina transparência algorítmica, segurança e proteção previdenciária do trabalhador contribuinte individual, e dá outras providências.;https://www.camara.leg.br/proposicoesWeb/prop_mostrarintegra?codteor=3035105;https://www.camara.leg.br/proposicoesWeb/fichadetramitacao?idProposicao=2579217;Criação, Estatuto (legislação), Trabalhador autônomo, Trabalho por aplicativo,  Regime de trabalho sob demanda, Plataforma digital, Transporte por aplicativo, Serviço de entrega por aplicativo, Direito do trabalho, recolhimento, Contribuição previdenciária, Apólice de seguro, Contribuinte individual, Regime Geral de Previdência Social (RGPS), Microempreendedor Individual (MEI).;Publicação de Proposição;2026-02-02;Aguardando Apensação;0.3200;NAO;0.4000;
2385615;PL 4304/2023;Projeto de Lei;2023-09-05;Marx Beltrão;PP;Altera dispositivo da Lei nº 9.394, de 20 de dezembro de 1996, que “Estabelece as diretrizes e bases da educação nacional”;https://www.camara.leg.br/proposicoesWeb/prop_mostrarintegra?codteor=2323744;https://www.camara.leg.br/proposicoesWeb/fichadetramitacao?idProposicao=2385615;Alteração, Lei de Diretrizes e Bases da Educação Nacional (1996), proibição, utilização, Aparelho eletrônico portátil, Educação, Sala de aula, Atividade educativa, Ensino fundamental, Ensino médio, Educação superior, exceção, Aluno com deficiência, Telemonitoramento.;Arquivamento;2025-04-03;Aguardando Encaminhamento;0.3199;NAO;0.3999;
2216455;PL 4612/2019;Projeto de Lei;2019-08-21;Bibo Nunes;PL;Dispõe sobre o desenvolvimento, aplicação e uso de tecnologias de reconhecimento facial e emocional, bem como outras tecnologias digitais voltadas à identificação de indivíduos e à predição ou análise de comportamentos.;https://www.camara.leg.br/proposicoesWeb/prop_mostrarintegra?codteor=1794019;https://www.camara.leg.br/proposicoesWeb/fichadetramitacao?idProposicao=2216455;Desenvolvimento, aplicação, tecnologia, leitor facial, tecnologia digital, identificação, pessoa, análise, comportamento, direitos, obrigações, agente de desenvolvimento, usuário, cidadão, compartilhadmento, dados, segurança, banco de dados.;Notificações;2024-05-16;;0.3199;NAO;0.3999;
2456633;PL 3456/2024;Projeto de Lei;2024-09-05;Rogéria Santos;REPUBLICANOS;Institui o Programa ILPIs - Acolher, Cuidar e Humanizar.;https://www.camara.leg.br/proposicoesWeb/prop_mostrarintegra?codteor=2472868;https://www.camara.leg.br/proposicoesWeb/fichadetramitacao?idProposicao=2456633;Criação, Programa ILPIs - Acolher, Cuidar e Humanizar, ampliação, serviços públicos, Acolhimento institucional, idoso, vulnerabilidade social, atendimento especializado, saúde, justiça, Atendimento socioassistencial, diretrizes.;Publicação de Proposição;2025-05-05;Aguardando Designação de Relator(a);0.3198;NAO;0.3998;
2437268;PL 2132/2024;Projeto de Lei;2024-05-29;Pedro Aihara;PRD;Dá nova redação ao art. 105 da Lei nº 13.105, de 16 de março de 2015 – Código de Processo Civil, para instituir a obrigatoriedade de especificação, na procuração, do objeto da ação, da identificação da parte contra quem ela será proposta, da quantidade de ações a serem distribuídas e do foro onde serão ajuizadas.;https://www.camara.leg.br/proposicoesWeb/prop_mostrarintegra?codteor=2431163;https://www.camara.leg.br/proposicoesWeb/fichadetramitacao?idProposicao=2437268;Alteração, Código de Processo Civil (2015), obrigatoriedade, procuração, advogado, especificação, Pretensão judicial, Parte requerida,  Distribuição de processo, Foro competente, prevenção, Assédio judicial.;Recebimento;2024-07-24;Aguardando Designação de Relator(a);0.3194;NAO;0.3993;
2276561;PL 1221/2021;Projeto de Lei;2021-04-06;Carlos Henrique Gaguim;UNIÃO;Modifica a Lei n° 13.709, de 14 de agosto de 2018 (Lei Geral de Proteção de Dados Pessoais), a fim de conceituar dado neural e regulamentar a sua proteção.;https://www.camara.leg.br/proposicoesWeb/prop_mostrarintegra?codteor=1985277;https://www.camara.leg.br/proposicoesWeb/fichadetramitacao?idProposicao=2276561;Alteração, Lei Geral de Proteção de Dados Pessoais (LGPDP), conceituação, dados neurais, regulamentação, proteção, tratamento de dados.;Publicação de Proposição;2021-04-30;Retirado pelo(a) Autor(a);0.3193;NAO;0.3991;
2276604;PL 1229/2021;Projeto de Lei;2021-04-06;Carlos Henrique Gaguim;UNIÃO;Modifica a Lei n° 13.709, de 14 de agosto de 2018 (Lei Geral de Proteção de Dados Pessoais), a fim de conceituar dado neural e regulamentar a sua proteção.;https://www.camara.leg.br/proposicoesWeb/prop_mostrarintegra?codteor=1985389;https://www.camara.leg.br/proposicoesWeb/fichadetramitacao?idProposicao=2276604;Alteração, Lei Geral de Proteção de Dados Pessoais (LGPDP), conceituação, dados neurais, regulamentação, proteção, tratamento de dados.;Devolução à CCP;2022-03-16;Aguardando Encaminhamento;0.3193;NAO;0.3991;
2317524;PL 522/2022;Projeto de Lei;2022-03-09;Carlos Henrique Gaguim;UNIÃO;Modifica a Lei n° 13.709, de 14 de agosto de 2018 (Lei Geral de Proteção de Dados Pessoais), a fim de conceituar dado neural e regulamentar a sua proteção.;https://www.camara.leg.br/proposicoesWeb/prop_mostrarintegra?codteor=2146384;https://www.camara.leg.br/proposicoesWeb/fichadetramitacao?idProposicao=2317524;Alteração, Lei Geral de Proteção de Dados Pessoais (LGPDP), conceituação, dados neurais, regulamentação, proteção, tratamento de dados.;Devolução ao(à) Relator(a);2024-12-12;Aguardando Parecer;0.3193;NAO;0.3991;
2419247;PL 562/2024;Projeto de Lei;2024-03-05;Capitão Alden;PL;Altera o inc. I do art. 1814 da Lei nº 10.406, de 10 de janeiro de 2002 – Código Civil, e dá outras providências.;https://www.camara.leg.br/proposicoesWeb/prop_mostrarintegra?codteor=2391437;https://www.camara.leg.br/proposicoesWeb/fichadetramitacao?idProposicao=2419247;Alteração, Código Civil (2002), exclusão, Sucessão hereditária, Sucessão testamentária, Herança, Herdeiro, Legatário, Autor (direito penal), Partícipe, Homicídio, Tentativa (crime), Cônjuge, Companheiro, Ascendente biológico, Descendente, Violência contra a mulher, Filho.;Encerramento de Prazo;2024-06-04;Aguardando Designação - Aguardando Devolução de Relator(a) que deixou de ser Membro;0.3185;NAO;0.3981;
2184218;PL 10868/2018;Projeto de Lei;2018-10-16;Zé Silva;SOLIDARIEDADE;Acrescenta dispositivo à Lei no 8.069, de 13 de julho de 1990 - Estatuto da Criança e do Adolescente, tornando obrigatório o cruzamento de dados cadastrais e dá outras providências;https://www.camara.leg.br/proposicoesWeb/prop_mostrarintegra?codteor=1686812;https://www.camara.leg.br/proposicoesWeb/fichadetramitacao?idProposicao=2184218;Alteração, Estatuto da Criança e do Adolescente, Investigação criminal, desaparecimento, criança, adolescente, cruzamento de dados, Cadastro Nacional de Crianças e Adolescentes Desaparecidos, cadastro, Estado (ente federado), adoção (direito civil).;Encerramento de Prazo;2023-06-01;Aguardando Designação - Aguardando Devolução de Relator(a) que deixou de ser Membro;0.3183;NAO;0.3979;
2317483;PL 511/2022;Projeto de Lei;2022-03-09;Carlos Chiodini;MDB;Insere dispositivo na Lei nº 9.503, de 23 de setembro de 1997, para dispor sobre a disponibilização de informações referentes aos veículos licenciados.;https://www.camara.leg.br/proposicoesWeb/prop_mostrarintegra?codteor=2146036;https://www.camara.leg.br/proposicoesWeb/fichadetramitacao?idProposicao=2317483;Alteração, Código de Trânsito Brasileiro, Órgão executivo de trânsito, local, veículo licenciado, disponibilização, consulta, Sítio oficial (internet), histórico, veículo.;Notificações;2024-06-20;Tramitando em Conjunto;0.3183;NAO;0.3979;
947848;PL 439/2015;Projeto de Lei;2015-02-25;Capitão Fábio Abreu;PSD;Altera a Lei nº 10.826 de 22 de dezembro de 2003, que dispõe sobre o Sistema Nacional de Armas - Sinarm, para tornar obrigatória a inclusão de circuito eletrônico integrado com dados de identificação nas armas de fogo e localizador GPS.;https://www.camara.leg.br/proposicoesWeb/prop_mostrarintegra?codteor=1303059;https://www.camara.leg.br/proposicoesWeb/fichadetramitacao?idProposicao=947848;Alteração, Estatuto do Desarmamento, obrigatoriedade, instalação, circuito eletrônico integrado, dados, identificação, arma de fogo, Sistema de Posicionamento Global (GPS).;Desarquivamento a Pedido;2019-02-22;Tramitando em Conjunto;0.3183;NAO;0.3979;
2190583;PL 122/2019;Projeto de Lei;2019-02-04;Renata Abreu;PODE;Regula o exercício da profissão de Agente de Segurança Socioeducativa - ASSE.;https://www.camara.leg.br/proposicoesWeb/prop_mostrarintegra?codteor=1706914;https://www.camara.leg.br/proposicoesWeb/fichadetramitacao?idProposicao=2190583;Regulamentação, profissão, Agente de Segurança Socioeducativa, atuação execução, medida socioeducativa, ato infracional, adolescente, jornada de trabalho, capacitação.;Parecer do(a) Relator(a);2024-06-20;Aguardando Designação de Relator(a);0.3180;NAO;0.3975;
2570613;PL 5094/2025;Projeto de Lei;2025-10-10;Amom Mandel;CIDADANIA;Dispõe sobre a integração e o cruzamento automatizado de dados entre os sistemas digitais nacionais, especialmente no âmbito da Previdência Social, com o objetivo de permitir a identificação do regime de contratação do segurado desde o início do vínculo laboral, e dá outras providências.;https://www.camara.leg.br/proposicoesWeb/prop_mostrarintegra?codteor=3019738;https://www.camara.leg.br/proposicoesWeb/fichadetramitacao?idProposicao=2570613;Critério, integração, Sistema digital, órgão público, Empresa de Tecnologia e Informações da Previdência Social (DATAPREV), cruzamento de dados, trabalhador, segurado, Previdência social, diretrizes.;Publicação de Proposição;2025-11-14;Aguardando Encaminhamento;0.3178;NAO;0.3972;
2594571;PL 6288/2025;Projeto de Lei;2025-12-09;Amom Mandel;CIDADANIA;Dispõe sobre a integração e o cruzamento automatizado de dados entre os sistemas digitais nacionais, especialmente no âmbito da Previdência Social, com o objetivo de permitir a identificação do regime de contratação do segurado desde o início do vínculo laboral, e dá outras providências.;https://www.camara.leg.br/proposicoesWeb/prop_mostrarintegra?codteor=3063994;https://www.camara.leg.br/proposicoesWeb/fichadetramitacao?idProposicao=2594571;Autorização, Poder Executivo, adoção, integração, cruzamento de dados, informação, regime previdenciário, segurado (previdência social), previdência social, diretrizes.;Apresentação de Proposição;2025-12-09;Aguardando Despacho do Presidente da Câmara dos Deputados (Autorização);0.3178;NAO;0.3972;
2148228;PL 8312/2017;Projeto de Lei;2017-08-16;Pedro Cunha Lima;PSDB;Altera o § 1° do art. 2° da Lei n° 10.520, de 2002, para priorizar a realização do pregão na forma eletrônica.;https://www.camara.leg.br/proposicoesWeb/prop_mostrarintegra?codteor=1587508;https://www.camara.leg.br/proposicoesWeb/fichadetramitacao?idProposicao=2148228;Alteração, Lei do Pregão, obrigatoriedade, licitação, pregão eletrônico.;Recebimento;2023-03-23;Tramitando em Conjunto;0.3176;NAO;0.3970;
2269806;PL 345/2021;Projeto de Lei;2021-02-09;David Soares;UNIÃO;Dispõe sobre a obrigatoriedade do uso de identificação eletrônica em animais criados exclusivamente por sistema de pastagem e dá outras providências.;https://www.camara.leg.br/proposicoesWeb/prop_mostrarintegra?codteor=1962085;https://www.camara.leg.br/proposicoesWeb/fichadetramitacao?idProposicao=2269806;Obrigatoriedade, utilização, identificação eletrônica, Sistema de Posicionamento Global (GPS), animal, criação, pastagem.;Retirada pelo(a) Autor(a);2021-08-17;Retirado pelo(a) Autor(a);0.3174;NAO;0.3968;
2549506;PL 4091/2025;Projeto de Lei;2025-08-19;Delegado Ramagem;PL;Altera a Lei nº 12.965, de 23 de Abril de 2014 (Marco Civil da Internet), e dá outras providências.;https://www.camara.leg.br/proposicoesWeb/prop_mostrarintegra?codteor=2979817;https://www.camara.leg.br/proposicoesWeb/fichadetramitacao?idProposicao=2549506;Alteração, Marco Civil da Internet (2014), regulação, direitos, usuário, rede social digital. _ Critério, exclusão, suspensão, conta de usuário, Remoção de conteúdo, perfil de usuário, Liberdade de expressão. _ Alteração, Estatuto da Criança e do Adolescente (ECA) (1990), crime, conteúdo digital, sexualização precoce, Adultização de crianças e adolescentes. _ Alteração, Código Civil (2002), inaplicação, responsabilidade civil, Reparação do dano, Aplicação de internet, Ato ilícito, conteúdo de usuário.;Recebimento;2025-09-23;Aguardando Designação de Relator(a);0.3173;NAO;0.3966;
2242767;PL 1446/2020;Projeto de Lei;2020-04-02;Neri Geller;PP;Dispõe sobre a transparência do histórico de violação de tornozeleiras eletrônicas utilizadas por presos submetidos a monitoramento eletrônico e cria a obrigatoriedade de disponibilização dos dados por meio de tecnologias da informação e comunicações virtuais.;https://www.camara.leg.br/proposicoesWeb/prop_mostrarintegra?codteor=1872660;https://www.camara.leg.br/proposicoesWeb/fichadetramitacao?idProposicao=2242767;Disponibilização, meio eletrônico, histórico, violação, tornozeleira eletrônica, utilização, preso, monitoração eletrônica.;Saída de Relator(a) da Comissão - Com Parecer Apresentado;2022-04-27;Aguardando Designação de Relator(a);0.3172;NAO;0.3965;
2609192;PL 1196/2026;Projeto de Lei;2026-03-17;Silvio Antonio;PL;"Institui a Política Nacional de Integração Tecnológica Estruturada na Educação Básica - Novo Saber; autoriza a criação de Núcleos de Produção Intelectual Aplicada à Educação Básica no âmbito das Instituições Científicas, Tecnológicas e de Inovação; incentiva a criação dos Centros de Vocações Tecnológicas Compartilhados; e estabelece mecanismos de indução federativa, em consonância com a Política Nacional de Educação Digital.";https://www.camara.leg.br/proposicoesWeb/prop_mostrarintegra?codteor=3098505;https://www.camara.leg.br/proposicoesWeb/fichadetramitacao?idProposicao=2609192;Criação, política pública, incentivo, educação tecnológica, educação científica, educação digital, currículo escolar, educação básica, colaboração, Instituição Científica, Tecnológica e de Inovação (ICT), autorização, concessão, bolsa de estudo, diretrizes.;Apresentação de Proposição;2026-03-17;Aguardando Chancela e Publicação do Despacho;0.3169;NAO;0.3961;
2631196;PL 2995/2026;Projeto de Lei;2026-06-10;José Medeiros;PL;Dispõe sobre a proteção dos consumidores idosos nas operações de crédito consignado e demais modalidades de empréstimo realizadas por instituições financeiras, vedando a contratação automatizada por sistemas de inteligência artificial e exigindo validação presencial para pessoas com idade igual ou superior a 60 (sessenta) anos.;https://www.camara.leg.br/proposicoesWeb/prop_mostrarintegra?codteor=3144216;https://www.camara.leg.br/proposicoesWeb/fichadetramitacao?idProposicao=2631196;Obrigatoriedade, instituição financeira, atendimento presencial, idoso, validação, operação de crédito, crédito consignado, proteção, direitos do idoso, diretrizes.;Apresentação de Proposição;2026-06-10;Aguardando Autorização do Despacho;0.3168;NAO;0.3959;
2357500;PL 2028/2023;Projeto de Lei;2023-04-19;Adriano do Baldy;PP;Dispõe sobre o endurecimento da fiscalização e o cumprimento da faixa etária para jogos eletrônicos.;https://www.camara.leg.br/proposicoesWeb/prop_mostrarintegra?codteor=2260900;https://www.camara.leg.br/proposicoesWeb/fichadetramitacao?idProposicao=2357500;Empresa, comercialização, Jogo eletrônico, adoção, medida de segurança, garantia, cumprimento, faixa etária. _Descumprimento, penalidade, multa, suspensão provisória, comercialização, produtos.;Publicação de Proposição;2023-05-31;Tramitando em Conjunto;0.3165;NAO;0.3956;
2526723;PL 2936/2025;Projeto de Lei;2025-06-17;Dr. Fernando Máximo;UNIÃO;"""Acrescenta dispositivo à Lei nº 8.069, de 13 de julho de 1990 (Estatuto da Criança e do Adolescente), para garantir prioridade no atendimento educacional às crianças e adolescentes com altas habilidades ou superdotação.""";https://www.camara.leg.br/proposicoesWeb/prop_mostrarintegra?codteor=2937872;https://www.camara.leg.br/proposicoesWeb/fichadetramitacao?idProposicao=2526723;Alteração, Estatuto da Criança e do Adolescente (ECA) (1990), Atendimento preferencial, Atendimento educacional especializado, Criança, Adolescente, Pessoa superdotada.;Encerramento de Prazo;2025-11-26;Pronta para Pauta;0.3164;NAO;0.3955;
2166835;PLP 462/2017;Projeto de Lei Complementar;2017-12-19;Otavio Leite;PSDB;Cria o INOVA SIMPLES, procedimento de apoio à inovação das empresas simples de inovação.;https://www.camara.leg.br/proposicoesWeb/prop_mostrarintegra?codteor=1634779;https://www.camara.leg.br/proposicoesWeb/fichadetramitacao?idProposicao=2166835;Criação, Regime Especial Simplificado Inova Simples, empresa startup, empresa de inovação, simplificação, abertura, fechamento de empresa, Microempreendedor Individual (MEI), modernização, Regime Especial Unificado de Arrecadação de Tributos e Contribuições devidos pelas Microempresas e Empresas de Pequeno Porte (SIMPLES NACIONAL), benefício fiscal, tributação.;Designação de Relator(a);2025-04-09;Aguardando Parecer;0.3164;NAO;0.3955;
2346759;PL 93/2023;Projeto de Lei;2023-02-02;Marangoni;UNIÃO;Acrescenta o § 2º ao art. 397 da Lei nº 10.406, de 10 de janeiro de 2002 (Código Civil), para admitir a interpelação extrajudicial por meios eletrônicos.;https://www.camara.leg.br/proposicoesWeb/prop_mostrarintegra?codteor=2232161;https://www.camara.leg.br/proposicoesWeb/fichadetramitacao?idProposicao=2346759;Alteração, Código Civil (2002), devedor, mora (direito civil), admissão, interpelação extrajudicial, meio eletrônico.;Apresentação de Proposição;2023-12-21;Aguardando Apreciação pelo Senado Federal;0.3163;NAO;0.3954;
2058263;PL 3865/2015;Projeto de Lei;2015-12-08;Luis Tibé;AVANTE;Acrescenta dispositivo à Consolidação das Leis do Trabalho para dispor sobre o fornecimento de identificação funcional com circuito integrado.;https://www.camara.leg.br/proposicoesWeb/prop_mostrarintegra?codteor=1421817;https://www.camara.leg.br/proposicoesWeb/fichadetramitacao?idProposicao=2058263;Alteração, Consolidação das Leis do Trabalho (CLT), medida de proteção, fornecimento, identificação funcional, circuito integrado, trabalhador, atividade profissional, área de risco, integridade física.;Saída de Relator(a) da Comissão - Sem Parecer Apresentado;2026-02-03;Aguardando Designação - Aguardando Devolução de Relator(a) que deixou de ser Membro;0.3160;NAO;0.3950;
2264628;PL 5011/2020;Projeto de Lei;2020-10-23;Poder Executivo;N/A;Dispõe sobre o Quadro de Oficiais Engenheiros do Corpo de Oficiais da Aeronáutica da Ativa e sobre a Formação Militar, Científica e Tecnológica Aeroespacial.;https://www.camara.leg.br/proposicoesWeb/prop_mostrarintegra?codteor=1938177;https://www.camara.leg.br/proposicoesWeb/fichadetramitacao?idProposicao=2264628;Quadro de Oficiais Engenheiros do Corpo de Oficiais da Aeronáutica (QOEng), Formação Militar, Científica e Tecnológica Aeroespacial, pesquisa e desenvolvimento, engenharia aeroespacial, aluno, Instituto Tecnológico da Aeronáutica (ITA), carreira militar.;Recebimento - Relator(a) (Sem Manifestação);2025-04-09;Aguardando Designação de Relator(a);0.3157;NAO;0.3946;
944353;PL 69/2015;Projeto de Lei;2015-02-02;Pompeo de Mattos;PDT;Acrescenta inciso IV ao art. 18 da Lei nº 9.656, de 3 de junho de 1998 e dá outras providências.;https://www.camara.leg.br/proposicoesWeb/prop_mostrarintegra?codteor=1296808;https://www.camara.leg.br/proposicoesWeb/fichadetramitacao?idProposicao=944353;Alteração, Lei dos Planos de Saúde, prazo, marcação, consulta médica, exame.;Notificacao para Publicação Intermediária;2025-10-03;Tramitando em Conjunto;0.3155;NAO;0.3943;
2376922;PL 3823/2023;Projeto de Lei;2023-08-09;Delegado Caveira;PL;Altera a Lei nº 7.102, de 20 de junho de 1983, para dispor sobre o exercício da profissão dos agentes de segurança privada.;https://www.camara.leg.br/proposicoesWeb/prop_mostrarintegra?codteor=2308532;https://www.camara.leg.br/proposicoesWeb/fichadetramitacao?idProposicao=2376922;Alteração, Lei de Segurança Bancária (1983), regulamentação, vigilante, exercício profissional, diretrizes.;Notificações;2023-10-31;Tramitando em Conjunto;0.3151;NAO;0.3939;
2418303;PL 345/2024;Projeto de Lei;2024-02-21;Fred Linhares;REPUBLICANOS;Altera a Lei nº 9.394, de 20 de dezembro de 1996, que estabelece as diretrizes e bases da educação nacional, para dispor sobre a inclusão do ensino de lógica de programação, robótica, educação financeira e primeiros socorros no currículo do ensino fundamental, a partir do sexto ano.;https://www.camara.leg.br/proposicoesWeb/prop_mostrarintegra?codteor=2388083;https://www.camara.leg.br/proposicoesWeb/fichadetramitacao?idProposicao=2418303;Alteração, Lei de Diretrizes e Bases da Educação Nacional (1996), inclusão, currículo escolar, ensino fundamental, Programação computacional, Robótica, Educação financeira, Primeiros socorros.;Publicação de Proposição;2024-02-27;Tramitando em Conjunto;0.3149;NAO;0.3936;
946768;PL 381/2015;Projeto de Lei;2015-02-12;Antonio Carlos Mendes Thame;PV;Altera dispositivos da Lei n° 8.429, de 2 de junho de 1992, que trata da Improbidade Administrativa.;https://www.camara.leg.br/proposicoesWeb/prop_mostrarintegra?codteor=1300927;https://www.camara.leg.br/proposicoesWeb/fichadetramitacao?idProposicao=946768;Alteração, Lei da Improbidade Administrativa, inclusão, agente político, procedimento, agilização, tramitação, ação judicial, combate, corrupção.;Desarquivamento a Pedido;2019-02-20;Tramitando em Conjunto;0.3148;NAO;0.3935;
2055554;PL 3649/2015;Projeto de Lei;2015-11-17;Luis Carlos Heinze;PP;Acrescenta dispositivos à Lei nº 7.802, de 11 de julho de 1989, para introduzir conceitos relativos a produto novo, produto equivalente e avaliação de risco, e estabelecer procedimentos relativos à avaliação de risco, classificação e registro de produtos.;https://www.camara.leg.br/proposicoesWeb/prop_mostrarintegra?codteor=1414524;https://www.camara.leg.br/proposicoesWeb/fichadetramitacao?idProposicao=2055554;Alteração, Lei dos Agrotóxicos, critério, controle, inspeção, fiscalização, agrotóxico, produto, avaliação, riscos(segurança).;Arquivamento;2022-02-09;Aguardando Encaminhamento;0.3147;NAO;0.3934;
2354446;PL 1547/2023;Projeto de Lei;2023-03-30;Rafael Prudente;MDB;Regulamenta a profissão de criador de conteúdo digital e dá outras providências.;https://www.camara.leg.br/proposicoesWeb/prop_mostrarintegra?codteor=2253190;https://www.camara.leg.br/proposicoesWeb/fichadetramitacao?idProposicao=2354446;Regulamentação profissional, Criador de Conteúdo Digital, Competência profissional, direitos, deveres, Exercício profissional, diretrizes.;Notificacao para Publicação Intermediária;2025-10-14;Tramitando em Conjunto;0.3146;NAO;0.3932;
2121922;PL 6773/2016;Projeto de Lei;2016-12-20;Osmar Bertoldi;DEM;Dispõe sobre o Plantão Nacional de Orientação via Teleatendimento aos Usuários do Sistema Único de Saúde - TELESSAÚDE.;https://www.camara.leg.br/proposicoesWeb/prop_mostrarintegra?codteor=1519299;https://www.camara.leg.br/proposicoesWeb/fichadetramitacao?idProposicao=2121922;Criação,  Plantão Nacional de Orientação via Teleatendimento aos Usuários do Sistema Único de Saúde - TELESSAÚDE, finalidade, atendimento, usuário de serviços, Sistema Único de Saúde (SUS).;Recebimento;2024-10-24;Tramitando em Conjunto;0.3145;NAO;0.3932;
946598;PL 340/2015;Projeto de Lei;2015-02-11;Rômulo Gouveia;PSD;Altera dispositivo da Lei no 10.406, de 10 de janeiro de 2002, que institui o Código Civil.;https://www.camara.leg.br/proposicoesWeb/prop_mostrarintegra?codteor=1300073;https://www.camara.leg.br/proposicoesWeb/fichadetramitacao?idProposicao=946598;Alteração, Código Civil, estabelecimento, responsabilidade civil, pessoa jurídica de direito público, pessoa jurídica de direito privado, prestação de serviços, serviços públicos, reparação do dano, causa, provocação, agente.;Devolução à CCP;2015-07-14;Retirado pelo(a) Autor(a);0.3142;NAO;0.3927;
2320274;PL 989/2022;Projeto de Lei;2022-04-22;Sargento Fahur;PSD;Modifica a Lei nº 7.210, de 11 de julho de 1984 (Lei de Execução Penal), para garantir o acesso por órgãos policiais e pelo Ministério Público dos dados e informações sobre equipamento de monitoramento eletrônico (tornozeleira eletrônica).;https://www.camara.leg.br/proposicoesWeb/prop_mostrarintegra?codteor=2159980;https://www.camara.leg.br/proposicoesWeb/fichadetramitacao?idProposicao=2320274;Alteração, Lei de Execução Penal (1984), Autoridade policial, Ministério Público, acesso, independência, ordem judicial, dados, monitoração eletrônica, acusado, condenado, finalidade, investigação criminal, processo criminal.;Expedição de Documento;2024-10-22;Aguardando Apreciação pelo Senado Federal;0.3131;NAO;0.3914;
2093505;PL 5968/2016;Projeto de Lei;2016-08-09;Mara Gabrilli;PSDB;Altera a Lei nº 9.250, de 26 de dezembro de 1995, para facultar a dedução, da base de cálculo do IRPF, de despesas com próteses, órteses e tecnologias assistivas específicas para pessoas com deficiência.;https://www.camara.leg.br/proposicoesWeb/prop_mostrarintegra?codteor=1481633;https://www.camara.leg.br/proposicoesWeb/fichadetramitacao?idProposicao=2093505;Alteração, Legislação Tributária Federal, dedução, base de cálculo, Imposto sobre a Renda da Pessoa Física (IRPF), despesa, prótese, órtese, tecnologia assistiva, pessoa com deficiência, comprovação, receita médica, nota fiscal. tributação, benefício fiscal;Notificacao para Publicação Intermediária;2025-09-01;Tramitando em Conjunto;0.3129;NAO;0.3911;
2120016;PL 6619/2016;Projeto de Lei;2016-12-06;Hildo Rocha;MDB;Dá nova redação ao § 1º do art. 7º da Lei nº 8.666, de 21 de junho de 1993, para estabelecer a obrigatoriedade do sistema de modelagem da informação da construção, identificado pela sigla inglesa BIM - Building Information Model, na confecção de projetos executivos de obras e serviços de engenharia contratados pelos órgãos e entidades da administração pública, e dá outras providências.;https://www.camara.leg.br/proposicoesWeb/prop_mostrarintegra?codteor=1514469;https://www.camara.leg.br/proposicoesWeb/fichadetramitacao?idProposicao=2120016;Alteração, Lei de Licitação, aplicação, Modelagem da Informação da Construção, projeto executivo, obra pública.;Desarquivamento a Pedido;2019-02-20;Aguardando Designação de Relator(a);0.3125;NAO;0.3906;
2111293;PL 6111/2016;Projeto de Lei;2016-09-13;Carlos Henrique Gaguim;UNIÃO;Altera dispositivos da Lei no 9.454, de 7 de abril de 1997.;https://www.camara.leg.br/proposicoesWeb/prop_mostrarintegra?codteor=1490654;https://www.camara.leg.br/proposicoesWeb/fichadetramitacao?idProposicao=2111293;Alteração, Lei do Número Único de Identidade, Registro de Identidade Civil (RIC), identificação, Cadastro de Pessoas Físicas (CPF), documento de identificação civil, Registro Civil Nacional (RCN).;Publicação de Proposição;2016-09-29;Retirado pelo(a) Autor(a);0.3123;NAO;0.3903;
2500124;PL 1840/2025;Projeto de Lei;2025-04-24;Helio Lopes;PL;Dispõe sobre a obrigatoriedade de divulgação do algoritmo de determinação das probabilidades de sucesso em apostas online e do demonstrativo de pagamentos aos ganhadores à Secretaria de Prêmios e Apostas.;https://www.camara.leg.br/proposicoesWeb/prop_mostrarintegra?codteor=2891290;https://www.camara.leg.br/proposicoesWeb/fichadetramitacao?idProposicao=2500124;Obrigatoriedade, fornecimento, Ministério da Fazenda. Secretaria de Prêmios e Apostas (SPA), algoritmo, probabilidade e estatística, acerto, aposta, jogo online, relatório, demonstrativo, pagamento, apostador, fiscalização, descumprimento, penalidade administrativa.;Publicação de Proposição;2025-05-29;Aguardando Designação de Relator(a);0.3118;NAO;0.3898;
2122657;PL 6800/2017;Projeto de Lei;2017-02-02;Cabo Sabino;AVANTE;Altera a Lei nº 9.294, de 15 de julho de 1996;https://www.camara.leg.br/proposicoesWeb/prop_mostrarintegra?codteor=1522431;https://www.camara.leg.br/proposicoesWeb/fichadetramitacao?idProposicao=2122657;Alteração, Lei Antifumo, redução, horário, propaganda, bebida alcoólica, mídia, rótulo do produto, advertência, riscos (segurança), condução sob efeito de álcool, dependência psíquica, proibição, venda, menor de idade.;Desarquivamento a Pedido;2019-03-12;Tramitando em Conjunto;0.3115;NAO;0.3894;
2303119;PL 3626/2021;Projeto de Lei;2021-10-15;Carlos Bezerra;MDB;Altera a Lei nº 11.101, de 9 de fevereiro de 2005;https://www.camara.leg.br/proposicoesWeb/prop_mostrarintegra?codteor=2090360;https://www.camara.leg.br/proposicoesWeb/fichadetramitacao?idProposicao=2303119;Alteração, Lei de Falências (2005), inclusão, Sociedade cooperativa, legislação, recuperação judicial, Recuperação extrajudicial, falência.;Notificacao para Publicação Intermediária;2025-06-16;Tramitando em Conjunto;0.3115;NAO;0.3894;
2636164;PL 3402/2026;Projeto de Lei;2026-07-01;Alencar Santana;PT;Altera a Lei nº 13.483, de 21 de setembro de 2017;https://www.camara.leg.br/proposicoesWeb/prop_mostrarintegra?codteor=3154929;https://www.camara.leg.br/proposicoesWeb/fichadetramitacao?idProposicao=2636164;Alteração, lei federal, aumento, período, ampliação, percentual, recursos, Fundo de Amparo ao Trabalhador (FAT), Banco Nacional de Desenvolvimento Econômico e Social (BNDES), critério, Conselho Monetário Nacional (CMN), financiamento, inovação tecnológica, digitalização, tecnologia, produtividade, empresa, Nova Indústria Brasil (NIB).;Apresentação de Proposição;2026-07-01;;0.3115;NAO;0.3894;
2603211;PL 588/2026;Projeto de Lei;2026-02-19;Duarte Jr.;PSB;Acrescenta o art. 1º-B à Lei nº 9.656, de 3 de junho de 1998.;https://www.camara.leg.br/proposicoesWeb/prop_mostrarintegra?codteor=3084459;https://www.camara.leg.br/proposicoesWeb/fichadetramitacao?idProposicao=2603211;Alteração, Lei dos Planos de Saúde (1998), opção, intermediação, administradora de benefícios, pessoa jurídica, plano de saúde coletivo por adesão, possibilidade, beneficiário, titular, pagamento, forma direta, operadora de plano de assistência à saúde, Rede privada de saúde, Saúde suplementar, direito do consumidor.;Apresentação de Proposição;2026-02-19;;0.3114;NAO;0.3892;
2603208;PL 585/2026;Projeto de Lei;2026-02-19;Duarte Jr.;PSB;Acrescenta o art. 13-B à Lei nº 9.656, de 3 de junho de 1998.;https://www.camara.leg.br/proposicoesWeb/prop_mostrarintegra?codteor=3084455;https://www.camara.leg.br/proposicoesWeb/fichadetramitacao?idProposicao=2603208;Alteração, Lei dos Planos de Saúde (1998), garantia, cancelamento, contrato, plano de saúde, saúde suplementar, direito do consumidor, defesa do consumidor.;Apresentação de Proposição;2026-02-19;;0.3114;NAO;0.3892;
2603479;PL 601/2026;Projeto de Lei;2026-02-20;Duarte Jr.;PSB;Acrescenta o art. 15-B à Lei nº 9.656, de 3 de junho de 1998.;https://www.camara.leg.br/proposicoesWeb/prop_mostrarintegra?codteor=3085259;https://www.camara.leg.br/proposicoesWeb/fichadetramitacao?idProposicao=2603479;Alteração, Lei dos Planos de Saúde (1998), plano de saúde coletivo, critério, número, beneficiário, cálculo, percentual, reajuste, aplicação, agrupamento, diretrizes, pessoa jurídica, empresa, operadora de plano de assistência à saúde, Rede privada de saúde, Saúde suplementar, direito do consumidor.;Apresentação de Proposição;2026-02-20;;0.3114;NAO;0.3892;
2603486;PL 608/2026;Projeto de Lei;2026-02-20;Duarte Jr.;PSB;Acrescenta o art. 17-B à  Lei nº 9.656, de 3 de junho de 1998.;https://www.camara.leg.br/proposicoesWeb/prop_mostrarintegra?codteor=3085266;https://www.camara.leg.br/proposicoesWeb/fichadetramitacao?idProposicao=2603486;Alteração, Lei dos Planos de Saúde (1998), monitoramento, avaliação de desempenho, indicador de desempenho, qualidade, atendimento, beneficiário, paciente, operadora de plano de assistência à saúde, saúde suplementar, transparência, divulgação, regulação, Agência Nacional de Saúde Suplementar (ANS).;Apresentação de Proposição;2026-02-20;;0.3114;NAO;0.3892;
2116962;PL 6467/2016;Projeto de Lei;2016-11-10;Alexandre Leite;UNIÃO;Acrescenta dispositivo à Lei nº 10.048, de 8 de novembro de 2000, que dá prioridade de atendimento às pessoas que especifica, e dá outras providências.;https://www.camara.leg.br/proposicoesWeb/prop_mostrarintegra?codteor=1506895;https://www.camara.leg.br/proposicoesWeb/fichadetramitacao?idProposicao=2116962;Alteração, Lei do Atendimento Prioritário, extensão, benefício, atendimento preferencial, acompanhante de pessoa com deficiência, cuidador de idosos, gestante, lactante.;Recebimento;2022-06-07;Transformado em Norma Jurídica;0.3112;NAO;0.3890;
2222079;PL 5261/2019;Projeto de Lei;2019-09-26;Nereu Crispim;PSD;Altera o Decreto-Lei nº 2.848, de 7 de dezembro de 1940 - Código Penal, para inserir nova modalidade de invasão de dispositivo informático.;https://www.camara.leg.br/proposicoesWeb/prop_mostrarintegra?codteor=1812715;https://www.camara.leg.br/proposicoesWeb/fichadetramitacao?idProposicao=2222079;Alteração, Código Penal, aplicação da pena, invasão de dispositivo informático, utilização, senha, empregador,  provedor de aplicações, internet, atuação, rede social, ausência, autorização, posterioridade, rompimento, vínculo empregatício. _Utilização, senha, empregador, obtenção, adulteração, destruição, dados, informação, ausência, autorização.;Publicação de Proposição;2019-10-17;Tramitando em Conjunto;0.3111;NAO;0.3889;
2270714;PL 548/2021;Projeto de Lei;2021-02-23;Alex Santana;REPUBLICANOS;Acrescenta § 3º ao art. 26-A da Lei nº 9.394 de 20 de dezembro de 1996, a Lei de Diretrizes e Bases da Educação Nacional.;https://www.camara.leg.br/proposicoesWeb/prop_mostrarintegra?codteor=1965904;https://www.camara.leg.br/proposicoesWeb/fichadetramitacao?idProposicao=2270714;Alteração, Lei de Diretrizes e Bases da Educação Nacional (1996), Conteúdo programático, ensino fundamental, ensino médio, conscientização, combate, racismo.;Recebimento;2023-09-06;Tramitando em Conjunto;0.3111;NAO;0.3889;
2278086;PL 1406/2021;Projeto de Lei;2021-04-14;Alex Santana;REPUBLICANOS;Acrescenta § 3º ao art. 26-A da Lei nº 9.394 de 20 de dezembro de 1996, a Lei de Diretrizes e Bases da Educação Nacional.;https://www.camara.leg.br/proposicoesWeb/prop_mostrarintegra?codteor=1992216;https://www.camara.leg.br/proposicoesWeb/fichadetramitacao?idProposicao=2278086;Alteração, Lei de Diretrizes e Bases da Educação Nacional (1996), obrigatoriedade, escola pública, escola privada, inclusão, disciplina (educação), História, Cultura afro-brasileira, ensino fundamental, ensino médio. _ Conteúdo programático, combate, racismo.;Publicação de Proposição;2021-07-07;Devolvida ao(à) Autor(a);0.3111;NAO;0.3889;
2209634;PL 3746/2019;Projeto de Lei;2019-06-26;Olival Marques;MDB;Altera a redação do art. 74 da Lei nº 8.069, de 13 de julho de 1990, que dispõe sobre o Estatuto da Criança e do Adolescente e dá outras providências, para estabelecer regulação acerca de jogos eletrônicos.;https://www.camara.leg.br/proposicoesWeb/prop_mostrarintegra?codteor=1770076;https://www.camara.leg.br/proposicoesWeb/fichadetramitacao?idProposicao=2209634;Alteração, Estatuto da Criança e do Adolescente (ECA), regulação, jogo eletrônico, informação, embalagem do produto, importação, distribuição, comercialização, software aplicativo, acesso, sítio (internet), download,       especificação, produto, faixa etária, advertência, vício (comportamento), transtorno mental, utilização indevida, jogo.;Publicação de Proposição;2019-07-16;Tramitando em Conjunto;0.3109;NAO;0.3886;
2441609;PL 2450/2024;Projeto de Lei;2024-06-18;Pedro Uczai;PT;Altera o caput do art. 833, da Lei nº 13.105, de 16 de março de 2015 - Código de Processo Civil, de forma a explicitar a absoluta impenhorabilidade dos bens a que se refere o dispositivo.;https://www.camara.leg.br/proposicoesWeb/prop_mostrarintegra?codteor=2439024;https://www.camara.leg.br/proposicoesWeb/fichadetramitacao?idProposicao=2441609;Alteração, Código de Processo Civil (2015), fixação, interpretação, impenhorabilidade, total, Bens, Hermenêutica jurídica.;Notificações;2025-04-04;Tramitando em Conjunto;0.3107;NAO;0.3884;
2486599;PL 919/2025;Projeto de Lei;2025-03-12;Amom Mandel;CIDADANIA;Cria o Programa Garotas em TIC (Tecnologia da Informação e Comunicação).;https://www.camara.leg.br/proposicoesWeb/prop_mostrarintegra?codteor=2865372;https://www.camara.leg.br/proposicoesWeb/fichadetramitacao?idProposicao=2486599;Criação, Programa Garotas em TIC - Tecnologia da Informação e Comunicação, incentivo, participação, menina, Tecnologia da informação e comunicação (TIC), ciência, tecnologia, engenharia, matemática, inclusão, mulher, mercado de trabalho, diretrizes, igualdade entre os sexos, igualdade de oportunidade.;Recebimento;2025-05-13;Tramitando em Conjunto;0.3107;NAO;0.3883;
2233134;PL 6351/2019;Projeto de Lei;2019-12-10;Luis Miranda;REPUBLICANOS;Dispõe Altera a Lei nº 12.965, de 23 de abril de 2014, para vedar o anonimato na utilização de aplicações de internet.;https://www.camara.leg.br/proposicoesWeb/prop_mostrarintegra?codteor=1844199;https://www.camara.leg.br/proposicoesWeb/fichadetramitacao?idProposicao=2233134;Alteração, Marco Civil da Internet, proibição, anonimato, Internet, provedor de aplicações, identificação, usuário de serviços, descumprimento, penalidade, multa.;Notificação de Apensação;2021-09-28;Tramitando em Conjunto;0.3107;NAO;0.3883;
2329321;PL 1691/2022;Projeto de Lei;2022-06-20;Felipe Rigoni;UNIÃO;Acresce dispositivo à Lei N° 7.347, de 24 de julho de 1985, para disciplinar hipótese de cabimento de ação civil pública.;https://www.camara.leg.br/proposicoesWeb/prop_mostrarintegra?codteor=2188794;https://www.camara.leg.br/proposicoesWeb/fichadetramitacao?idProposicao=2329321;Alteração, Lei da Ação Civil Pública (Defesa de Interesses Difusos), cabimento, ação civil pública, Dano moral, Dano material, Livre-iniciativa, Liberdade econômica, Direito de cidadania, Direito à vida privada, decorrência, oneração, Abuso do poder regulatório, Abuso de direito, Processo expropriatório.;Parecer do(a) Relator(a);2025-03-27;Pronta para Pauta;0.3105;NAO;0.3881;
2625575;PL 2452/2026;Projeto de Lei;2026-05-18;Dr. Ismael Alexandrino;PSD;Estabelece a classificação etária escalonada obrigatória para conteúdos audiovisuais do tipo desenho animado e animação digital, define parâmetros objetivos de conteúdo por faixa etária, e impõe deveres de proteção às plataformas digitais que ofertam conteúdo infantil e dá outras providências.;https://www.camara.leg.br/proposicoesWeb/prop_mostrarintegra?codteor=3131832;https://www.camara.leg.br/proposicoesWeb/fichadetramitacao?idProposicao=2625575;Obrigatoriedade, Classificação indicativa, faixa etária, Conteúdo audiovisual, Desenho animado, Animação, conteúdo digital, Público infantil, Plataforma de streaming, Vídeo sob demanda, plataforma digital, rede social digital, software aplicativo, diretrizes.;Recebimento;2026-07-03;Aguardando Designação de Relator(a);0.3102;NAO;0.3877;
2336284;PL 2676/2022;Projeto de Lei;2022-10-25;Vicentinho;PT;Cria o Instituto Federal de Educação, Ciência e Tecnologia do ABC, em Mauá/SP.;https://www.camara.leg.br/proposicoesWeb/prop_mostrarintegra?codteor=2211483;https://www.camara.leg.br/proposicoesWeb/fichadetramitacao?idProposicao=2336284;Criação, Instituto Federal de Educação, Ciência e Tecnologia do ABC (IFABC), Mauá (SP), São Paulo (Estado), diretrizes.;Devolução à CCP;2023-05-30;Aguardando Encaminhamento;0.3101;NAO;0.3877;
2599451;PL 6848/2025;Projeto de Lei;2025-12-22;Duda Ramos;MDB;Dispõe sobre a obrigatoriedade de identificação biométrica e validação documental para aquisição, habilitação e ativação de chips de telefonia móvel, cria o Cadastro Nacional de Identificação de Linhas Móveis e estabelece medidas de prevenção e combate ao uso de linhas telefônicas em fraudes e golpes, e dá outras providências.;https://www.camara.leg.br/proposicoesWeb/prop_mostrarintegra?codteor=3072365;https://www.camara.leg.br/proposicoesWeb/fichadetramitacao?idProposicao=2599451;Obrigatoriedade, Identificação biométrica, validação, Documento, Operadora de telefonia móvel, ativação, troca, portabilidade, Chip, Telefone celular, combate, prevenção, Fraude.;Publicação de Proposição;2026-02-12;Aguardando Designação de Relator(a);0.3101;NAO;0.3876;
2519919;PL 2676/2025;Projeto de Lei;2025-06-02;Jandira Feghali;PCdoB;Regula o exercício da profissão de agente artístico.;https://www.camara.leg.br/proposicoesWeb/prop_mostrarintegra?codteor=2924491;https://www.camara.leg.br/proposicoesWeb/fichadetramitacao?idProposicao=2519919;Regulamentação profissional, agente artístico, diretrizes, setor cultural.;Abertura de Prazo;2025-12-22;Aguardando Parecer;0.3099;NAO;0.3874;
2320000;PL 946/2022;Projeto de Lei;2022-04-19;Geninho Zuliani;UNIÃO;Acrescenta o § 2º ao Art. 139 da Lei nº 13.105, de 16 de março de 2015, que dispõe sobre o Código de Processo Civil, para dispor sobre as medidas executivas atípicas;https://www.camara.leg.br/proposicoesWeb/prop_mostrarintegra?codteor=2158954;https://www.camara.leg.br/proposicoesWeb/fichadetramitacao?idProposicao=2320000;Alteração, Código de Processo Civil (2015), juiz, aplicação subsidiária, medida executiva atípica, cumprimento, ordem judicial, observância,  indício, ocultação, patrimônio, devedor, fundamentação, decisão, Hipótese concreta, Garantia ao contraditório, Princípio da razoabilidade, Princípio da proporcionalidade, Princípio fundante da necessidade.;Apensação;2025-03-13;Aguardando Parecer;0.3099;NAO;0.3874;
2313855;PL 67/2022;Projeto de Lei;2022-02-02;Leda Sadala;PP;Acrescenta o inciso V I a o art. 206, §1º da Lei nº 10.406, de 10 de janeiro de 2002, que institui o Código Civil.;https://www.camara.leg.br/proposicoesWeb/prop_mostrarintegra?codteor=2131034;https://www.camara.leg.br/proposicoesWeb/fichadetramitacao?idProposicao=2313855;Alteração, Código Civil (2002), prescrição, pretensão de cobrança, energia elétrica.;Designação de Relator(a);2024-03-14;Aguardando Designação - Aguardando Devolução de Relator(a) que deixou de ser Membro;0.3098;NAO;0.3872;
2264569;PL 4991/2020;Projeto de Lei;2020-10-21;Felício Laterça;PP;Acrescenta dispositivo à Lei nº 13.756, de 12 de dezembro de 2018, para tratar da comunicação de ocorrências policiais envolvendo criança ou adolescente.;https://www.camara.leg.br/proposicoesWeb/prop_mostrarintegra?codteor=1937604;https://www.camara.leg.br/proposicoesWeb/fichadetramitacao?idProposicao=2264569;Alteração, Lei Federal, recursos, Fundo Nacional de Segurança Pública (FNSP), transferência, estado (ente federado), Distrito Federal (Brasil), município, utilização, comunicação, ocorrência policial, envolvimento, criança, adolescente, Ministério da Mulher, da Família e dos Direitos Humanos.;Recebimento;2023-08-09;Tramitando em Conjunto;0.3095;NAO;0.3868;
2453343;PL 3180/2024;Projeto de Lei;2024-08-15;Lucio Mosquini;MDB;Altera a Lei nº 14.701, de 20 de outubro de 2023 para incluir o art. 33 e dá outras providências.;https://www.camara.leg.br/proposicoesWeb/prop_mostrarintegra?codteor=2465174;https://www.camara.leg.br/proposicoesWeb/fichadetramitacao?idProposicao=2453343;Alteração, lei federal, Demarcação de terra, Terras indígenas, proprietário rural, imóvel rural, aquisição, desapropriação, Fundação Nacional dos Povos Indígenas (Funai).;Publicação de Proposição;2025-10-14;Aguardando Designação de Relator(a);0.3093;NAO;0.3867;
2150508;PL 8503/2017;Projeto de Lei;2017-09-05;Edmilson Rodrigues;PSOL;Altera a Lei nº 12.527, de 18 de Novembro de 2011 (Lei de Acesso à Informação), para tornar expresso o direito de obter informações relativas à aquisição e funcionamento de softwares, hardwares e códigos mediadores de funções públicas e tornar obrigatória a disponibilização dos códigos-fonte dos algoritmos utilizados para a distribuição de processos nos órgãos do Poder Judiciário.;https://www.camara.leg.br/proposicoesWeb/prop_mostrarintegra?codteor=1594810;https://www.camara.leg.br/proposicoesWeb/fichadetramitacao?idProposicao=2150508;Alteração, Lei de Acesso à Informação, garantia, acesso, informação, detalhamento, criação, aquisição, configuração, manutenção, funcionamento, software, hardware, função pública, órgão público, Poder Judiciário, código-fonte, algoritmo, distribuição, processo judicial.;Saída de Relator(a) da Comissão - Sem Parecer Apresentado;2022-04-27;Aguardando Designação - Aguardando Devolução de Relator(a) que deixou de ser Membro;0.3093;NAO;0.3866;
2219333;PL 4925/2019;Projeto de Lei;2019-09-10;Moses Rodrigues;UNIÃO;Altera a Lei nº 12.965, de 23 de abril de 2014 (Marco Civil da Internet), para estabelecer mecanismo de verificação de identidade, por meio do CPF, para pessoas físicas, ou do CNPJ, para pessoas jurídicas, dos perfis ativos em aplicações de internet que atuem como redes sociais.;https://www.camara.leg.br/proposicoesWeb/prop_mostrarintegra?codteor=1804641;https://www.camara.leg.br/proposicoesWeb/fichadetramitacao?idProposicao=2219333;Alteração, Marco Civil da Internet, garantia, identificação, usuário, Cadastro de Pessoas Físicas (CPF), Cadastro Nacional de Pessoa Jurídica (CNPJ), perfil ativo, aplicação, internet, rede social.;Notificação de Apensação;2020-10-29;Tramitando em Conjunto;0.3092;NAO;0.3865;
2539439;PL 3704/2025;Projeto de Lei;2025-08-05;Romero Rodrigues;PODE;Dispõe sobre a obrigatoriedade de identificação visível e em destaque em simulacros realistas de seres humanos.;https://www.camara.leg.br/proposicoesWeb/prop_mostrarintegra?codteor=2965589;https://www.camara.leg.br/proposicoesWeb/fichadetramitacao?idProposicao=2539439;Obrigatoriedade, identificação, visível, simulação, Pessoa humana, boneca, Bebê reborn.;Parecer do(a) Relator(a);2025-11-10;Pronta para Pauta;0.3087;NAO;0.3859;
2549061;PL 4076/2025;Projeto de Lei;2025-08-19;José Medeiros;PL;Altera a Lei no 10.973, de 2 de dezembro de 2004 (Lei de Inovação), para permitir a constituição de Consórcios Intermunicipais de Tecnologia e Inovação.;https://www.camara.leg.br/proposicoesWeb/prop_mostrarintegra?codteor=2979164;https://www.camara.leg.br/proposicoesWeb/fichadetramitacao?idProposicao=2549061;Alteração, Lei de Inovação Tecnológica (2004), Convênio administrativo, Consórcio público intermunicipal, fomento, pesquisa e desenvolvimento, Avanço tecnológico.;Encerramento de Prazo;2025-10-30;Aguardando Parecer;0.3086;NAO;0.3857;
2129121;PL 7384/2017;Projeto de Lei;2017-04-11;Carlos Bezerra;MDB;Revoga o art. 607 da Lei no 13.105, de 16 de março de 2015 - Código de Processo Civil.;https://www.camara.leg.br/proposicoesWeb/prop_mostrarintegra?codteor=1544524;https://www.camara.leg.br/proposicoesWeb/fichadetramitacao?idProposicao=2129121;Alteração, Código de Processo Civil (2015), revogação, dispositivo legal, critério, revisão, juiz, data, resolução,  apuração de haveres, dissolução parcial de sociedade.;Saída de Relator(a) da Comissão - Com Parecer Apresentado;2025-03-19;Aguardando Designação de Relator(a);0.3083;NAO;0.3854;
2254254;PL 3055/2020;Projeto de Lei;2020-06-02;Reinhold Stephanes Junior;PSD;"Revoga o art. 942 da Lei nº 13.105, de
16 de março de 2015 -  Código de Processo
Civil.";https://www.camara.leg.br/proposicoesWeb/prop_mostrarintegra?codteor=1899782;https://www.camara.leg.br/proposicoesWeb/fichadetramitacao?idProposicao=2254254;Alteração, Código de Processo Civil (2015), revogação, dispositivo legal, ampliação, órgão colegiado, Julgamento (direito civil), Apelação cível,, resultado, ausência, julgamento unânime.;Recebimento;2021-02-10;Aguardando Designação de Relator(a);0.3083;NAO;0.3854;
2203463;PL 2907/2019;Projeto de Lei;2019-05-15;Lucio Mosquini;MDB;Revoga o art. 496 da Lei nº 13.105, de 16 de março de 2015 - Código de Processo Civil.;https://www.camara.leg.br/proposicoesWeb/prop_mostrarintegra?codteor=1748038;https://www.camara.leg.br/proposicoesWeb/fichadetramitacao?idProposicao=2203463;Alteração, Código de Processo Civil (2015), revogação, dispositivo legal, Remessa necessária de sentença, duplo grau de jurisdição.;Recebimento;2019-06-10;Aguardando Designação de Relator(a);0.3083;NAO;0.3854;
2322832;PL 1228/2022;Projeto de Lei;2022-05-12;Paulo Teixeira;PT;Altera dispositivos da Lei nº 11.419, de 19 de dezembro de 2016, e da Lei nº 13.105, de 16 de março de 2015 - Código de Processo Civil, relativos à comunicação eletrônica de atos processuais.;https://www.camara.leg.br/proposicoesWeb/prop_mostrarintegra?codteor=2168614;https://www.camara.leg.br/proposicoesWeb/fichadetramitacao?idProposicao=2322832;Alteração, Lei do Processo Judicial Eletrônico, comunicação eletrônica, ato processual, cadastro, voluntário, recebimento, intimação, citação (direito processual), portal (Internet), plataforma digital, Poder Judiciário. _Alteração, Código de Processo Civil (2015), citação (direito processual), modalidade, correios do Brasil (Correios), Oficial de Justiça, Escrivão, edital, meio eletrônico. _Revogação, dispositivo legal, Código de Processo Civil (2015), procurador, informação, manutenção, dados cadastrais, atualização, órgão público, Poder Judiciário. _Prazo, posterioridade, citação (direito processual).;Notificação de Apensação;2023-09-11;Tramitando em Conjunto;0.3083;NAO;0.3854;
2265939;PL 5349/2020;Projeto de Lei;2020-12-03;Roberto de Lucena;REPUBLICANOS;Autoriza a utilização de meios eletrônicos para a comunicação dos atos processuais e a dispensa da colheita da nota de ciência pelos oficiais de justiça.;https://www.camara.leg.br/proposicoesWeb/prop_mostrarintegra?codteor=1945980;https://www.camara.leg.br/proposicoesWeb/fichadetramitacao?idProposicao=2265939;Ato processual, oficial de justiça, Notificação eletrônica, intimação, meio eletrônico, dispensa,  Nota de ciente.;Recebimento;2021-03-18;Tramitando em Conjunto;0.3077;NAO;0.3847;
2162433;PL 9097/2017;Projeto de Lei;2017-11-21;Capitão Augusto;PL;Altera o Decreto-Lei nº 2.848, de 1940, e a Lei nº 7.210, de 1984.;https://www.camara.leg.br/proposicoesWeb/prop_mostrarintegra?codteor=1623612;https://www.camara.leg.br/proposicoesWeb/fichadetramitacao?idProposicao=2162433;Alteração, Código Penal, Lei de Execução Penal, aumento, prazo, solicitação, reabilitação criminal.;Desarquivamento a Pedido;2019-02-26;Tramitando em Conjunto;0.3077;NAO;0.3846;
2192662;PL 1012/2019;Projeto de Lei;2019-02-21;Capitão Augusto;PL;Altera o Decreto-Lei nº 2.848, de 1940, e a Lei nº 7.210, de 1984.;https://www.camara.leg.br/proposicoesWeb/prop_mostrarintegra?codteor=1713155;https://www.camara.leg.br/proposicoesWeb/fichadetramitacao?idProposicao=2192662;"Alteração, Código Penal, requisito, requerimento, reabilitação criminal. 
_Alteração, Lei de Execução Penal, reabilitação criminal.";Saída de Relator(a) da Comissão - Sem Parecer Apresentado;2025-03-19;Aguardando Designação - Aguardando Devolução de Relator(a) que deixou de ser Membro;0.3077;NAO;0.3846;
2349792;PL 784/2023;Projeto de Lei;2023-03-01;Sidney Leite;PSD;Altera o Decreto-Lei nº 1.435, de 16 de dezembro de 1975, e a Lei nº 9.532, de 10 de dezembro de 1997.;https://www.camara.leg.br/proposicoesWeb/prop_mostrarintegra?codteor=2238893;https://www.camara.leg.br/proposicoesWeb/fichadetramitacao?idProposicao=2349792;Alteração, Decreto-lei, critério, isenção tributária, Imposto sobre Produtos Industrializados (IPI), Matéria-prima de origem regional, Produto de origem animal, Produto de origem mineral, indústria, Amazonas, Acre, Rondônia, Roraima, Amapá, benefício fiscal, tributação. _ Alteração, Lei Federal, condição, incentivo fiscal, projeto (administração), industrialização, aprovação, Poder Executivo.;Apresentação de Requerimento;2024-12-03;Tramitando em Conjunto;0.3077;NAO;0.3846;
2287929;PL 2286/2021;Projeto de Lei;2021-06-22;Neucimar Fraga;PP;Altera a Lei Complementar nº 123, de 14 de dezembro de 2006, para inclusão dos Agentes Autônomos de Investimento ao simples nacional.;https://www.camara.leg.br/proposicoesWeb/prop_mostrarintegra?codteor=2032237;https://www.camara.leg.br/proposicoesWeb/fichadetramitacao?idProposicao=2287929;Alteração, Estatuto Nacional da Microempresa e da Empresa de Pequeno Porte, enquadramento, Agente autônomo de investimento, Microempreendedor Individual (MEI), Regime Especial Unificado de Arrecadação de Tributos e Contribuições devidos pelas Microempresas e Empresas de Pequeno Porte (SIMPLES NACIONAL)._ Benefício fiscal, tributação.;Publicação de Proposição;2021-07-09;Devolvida ao(à) Autor(a);0.3076;NAO;0.3845;
2340825;PL 2917/2022;Projeto de Lei;2022-12-05;Julio Cesar Ribeiro;REPUBLICANOS;Altera a Lei 12.852 de 5 de agosto de 2013, para adequação do alcance do ID Jovem.;https://www.camara.leg.br/proposicoesWeb/prop_mostrarintegra?codteor=2220567;https://www.camara.leg.br/proposicoesWeb/fichadetramitacao?idProposicao=2340825;Alteração, Estatuto da Juventude, Identidade Jovem, comprovação, condição, jovem, família de baixa renda.;Encerramento de Prazo;2025-08-20;Aguardando Parecer;0.3074;NAO;0.3843;
2333667;PL 2148/2022;Projeto de Lei;2022-08-04;Rubens Pereira Júnior;PT;Dispõe sobre a regulamentação da profissão de Vigia e dá outras providências.;https://www.camara.leg.br/proposicoesWeb/prop_mostrarintegra?codteor=2201390;https://www.camara.leg.br/proposicoesWeb/fichadetramitacao?idProposicao=2333667;Regulamentação profissional, Vigia, execução, atividade, observação, fiscalização, imóvel, perímetro urbano, área rural, proteção, lugar. _Competência, direitos, deveres.;Recebimento;2023-11-17;Tramitando em Conjunto;0.3074;NAO;0.3843;
2293644;PL 2762/2021;Projeto de Lei;2021-08-10;Airton Faleiro;PT;Altera a Lei nº 12.965, de 23 de abril de 2014, para obrigar provedores de aplicação de internet a instituírem mecanismos para alertar usuários sobre imagens humanas editadas digitalmente.;https://www.camara.leg.br/proposicoesWeb/prop_mostrarintegra?codteor=2054504;https://www.camara.leg.br/proposicoesWeb/fichadetramitacao?idProposicao=2293644;Alteração, Marco Civil da Internet, obrigatoriedade, Provedor de aplicações, Internet, informação, usuário, tratamento de imagem, vídeo, Fotografia retocada, meios, denúncia.;Recebimento;2023-03-23;Tramitando em Conjunto;0.3071;NAO;0.3838;
2221517;PL 5182/2019;Projeto de Lei;2019-09-24;Luisa Canziani;PSD;Dispõe sobre Arranjos de Desenvolvimento da Educação (ADE).;https://www.camara.leg.br/proposicoesWeb/prop_mostrarintegra?codteor=1811235;https://www.camara.leg.br/proposicoesWeb/fichadetramitacao?idProposicao=2221517;Colaboração, estado (ente federado), apoio, União, melhoria, qualidade, educação, coordenação, Arranjos de Desenvolvimento da Educação (ADE), finalidade, ações, acordo de cooperação. _Alteração, Marco Regulatório das Organizações da Sociedade Civil, credenciamento, Organização da sociedade civil, atuação, ações, coordenação, Arranjos de Desenvolvimento da Educação (ADE);Notificações;2024-12-17;Tramitando em Conjunto;0.3070;NAO;0.3837;
2080958;PL 4881/2016;Projeto de Lei;2016-03-30;Rômulo Gouveia;PSD;Altera a redação do § 5º do art. 129 da Lei nº 6.015, de 31 de dezembro de 1973, e dá outras providências.;https://www.camara.leg.br/proposicoesWeb/prop_mostrarintegra?codteor=1448541;https://www.camara.leg.br/proposicoesWeb/fichadetramitacao?idProposicao=2080958;Alteração, Lei dos Registros Públicos, inclusão, contrato compra e venda, bens imóveis, Registro de Títulos e Documento, explicitação, alienação fiduciária,  veículo automotor.;Desarquivamento a Pedido;2019-02-20;Tramitando em Conjunto;0.3065;NAO;0.3831;
2203203;PL 2872/2019;Projeto de Lei;2019-05-14;Denis Bezerra;PSB;Altera a redação do inciso I do art. 8º da Lei nº 8.134, de 27 de dezembro de 1990, e dá outras providências.;https://www.camara.leg.br/proposicoesWeb/prop_mostrarintegra?codteor=1747526;https://www.camara.leg.br/proposicoesWeb/fichadetramitacao?idProposicao=2203203;Alteração, Legislação Tributária Federal, dedução, Imposto sobre a Renda da Pessoa Física (IRPF), despesa, Profissional de Educação Física, Academia de ginástica, prestação de serviços, atividade física, tributação, benefício fiscal.;Notificacao para Publicação Intermediária;2025-03-26;Tramitando em Conjunto;0.3065;NAO;0.3831;
2226240;PL 5605/2019;Projeto de Lei;2019-10-22;Vilson da Fetaemg;PSB;Altera o caput do art. 618 da Lei nº 10.406, de 10 de janeiro de 2002 - Código Civil.;https://www.camara.leg.br/proposicoesWeb/prop_mostrarintegra?codteor=1824195;https://www.camara.leg.br/proposicoesWeb/fichadetramitacao?idProposicao=2226240;Alteração, Código Civil (2002), aumento, prazo, responsabilidade, empreiteiro, segurança do trabalho, edifício, construção.;Encerramento de Prazo;2025-12-11;Aguardando Parecer;0.3064;NAO;0.3830;
2184843;PL 10913/2018;Projeto de Lei;2018-10-30;Reginaldo Lopes;PT;"Altera a Lei nº 10.826, de 22 de dezembro de 2003 (""Estatuto do Desarmamento""), para tornar obrigatória a inserção de um circuito eletrônico integrado (""chip"") de identificação em todas as armas de fogo comercializadas ou fabricadas no Brasil.";https://www.camara.leg.br/proposicoesWeb/prop_mostrarintegra?codteor=1688904;https://www.camara.leg.br/proposicoesWeb/fichadetramitacao?idProposicao=2184843;Alteração, Estatuto do Desarmamento, comercialização, fabricação, arma de fogo, inserção, chip, identificação, segurança pública.;Desarquivamento a Pedido;2019-02-22;Tramitando em Conjunto;0.3062;NAO;0.3828;
2268795;PL 127/2021;Projeto de Lei;2021-02-03;Nelson Barbudo;PL;Altera a Lei nº 12.965, de 23 de abril de 2014, para dispor sobre os verificadores de fatos.;https://www.camara.leg.br/proposicoesWeb/prop_mostrarintegra?codteor=1959879;https://www.camara.leg.br/proposicoesWeb/fichadetramitacao?idProposicao=2268795;Alteração, Marco Civil da Internet, disciplinamento, procedimento, Verificador de fatos independente, Notícia falsa (fake news), combate, Desinformação.;Notificação de Apensação;2021-04-30;Tramitando em Conjunto;0.3060;NAO;0.3825;
2269002;PL 225/2021;Projeto de Lei;2021-02-04;Nelson Barbudo;PL;Altera a Lei nº 12.965, de 23 de abril de 2014, para dispor sobre os verificadores de fatos.;https://www.camara.leg.br/proposicoesWeb/prop_mostrarintegra?codteor=1960401;https://www.camara.leg.br/proposicoesWeb/fichadetramitacao?idProposicao=2269002;Alteração, Marco Civil da Internet, Verificador de fatos independente, pessoa física, pessoa jurídica, análise, veracidade, informação, internet. _ Diretrizes, atividade, verificação de fatos, internet. _ Obrigatoriedade, verificador de fatos independente, comunicação, Autor (publicação),  informação, internet, antecedência, publicidade, classificação, Notícia falsa (fake news). _ Combate, Notícia falsa (fake news), internet.;Publicação de Proposição;2021-03-22;Retirado pelo(a) Autor(a);0.3060;NAO;0.3825;
2362544;PL 2602/2023;Projeto de Lei;2023-05-16;Vicentinho;PT;"""Cria o Instituto Federal de Educação, Ciência e Tecnologia do ABC /SP e da outras providências.""";https://www.camara.leg.br/proposicoesWeb/prop_mostrarintegra?codteor=2273397;https://www.camara.leg.br/proposicoesWeb/fichadetramitacao?idProposicao=2362544;Criação, Instituto Federal de Educação, Ciência e Tecnologia do ABC (IFABC), ABCD Paulista, São Paulo (Estado), formação, qualificação, profissional, educação básica, educação técnica, educação superior, atendimento, necessidade, desenvolvimento socioeconômico, região geográfica, diretrizes.;Recebimento;2023-07-04;Aguardando Designação de Relator(a);0.3060;NAO;0.3825;
2359844;PL 2340/2023;Projeto de Lei;2023-05-03;Raimundo Santos;PSD;Altera a alínea “d” do inciso I do art. 12 da Lei n° 11.540, de 12 de novembro de 2007, e modifica a alínea “a” do inciso II do mesmo dispositivo.;https://www.camara.leg.br/proposicoesWeb/prop_mostrarintegra?codteor=2268955;https://www.camara.leg.br/proposicoesWeb/fichadetramitacao?idProposicao=2359844;Alteração, Fundo Nacional de Desenvolvimento Científico e Tecnológico (FNDCT), limitação, aplicação, Recursos financeiros, Ciência e tecnologia, Investimento público, Pesquisa tecnológica.;Designação de Relator(a);2025-11-19;Aguardando Parecer;0.3059;NAO;0.3824;
2542986;PL 3928/2025;Projeto de Lei;2025-08-12;Dorinaldo Malafaia;PDT;Dispõe sobre a proibição do direcionamento algorítmico de conteúdos produzidos por crianças e adolescentes em redes sociais e plataformas digitais, visando impedir a formação de bolhas de conteúdo infantil que favoreçam a ação de predadores sexuais, estabelece a responsabilização objetiva das plataformas, define mecanismos de prevenção e fiscalização, e dá outras providências.;https://www.camara.leg.br/proposicoesWeb/prop_mostrarintegra?codteor=2971385;https://www.camara.leg.br/proposicoesWeb/fichadetramitacao?idProposicao=2542986;Proibição, orientação, algoritmo, conteúdo digital, criança, adolescente, rede social digital, plataforma digital, provedor de conteúdo, favorecimento, adultização de crianças e adolescentes, pedofilia, responsabilização, penalidade administrativa.;Apresentação de Proposição;2025-08-12;Aguardando análise do Presidente da Câmara - (Decisão);0.3059;NAO;0.3824;
2504553;PL 2119/2025;Projeto de Lei;2025-05-06;Defensor Stélio Dener;REPUBLICANOS;Dispõe sobre a obrigatoriedade do uso de identificação biométrica para verificação da identidade da pessoa alvo de mandado de prisão.;https://www.camara.leg.br/proposicoesWeb/prop_mostrarintegra?codteor=2899000;https://www.camara.leg.br/proposicoesWeb/fichadetramitacao?idProposicao=2504553;Obrigatoriedade, identificação biométrica, mandado de prisão, ordem de prisão, diretrizes.;Publicação de Proposição;2025-10-22;Aguardando Designação de Relator(a);0.3053;NAO;0.3816;
2598436;PL 6516/2025;Projeto de Lei;2025-12-17;Tarcísio Motta;PSOL;Altera a metodologia de cálculo do Índice de Desenvolvimento da Educação Básica – Ideb, para limitar o peso do fluxo escolar e estabelecer teto para o percentual de aprovação a ser considerado no cálculo.;https://www.camara.leg.br/proposicoesWeb/prop_mostrarintegra?codteor=3070421;https://www.camara.leg.br/proposicoesWeb/fichadetramitacao?idProposicao=2598436;Alteração, metodologia, cálculo, Índice de Desenvolvimento da Educação Básica (Ideb), fixação, limite máximo, Indicador, qualidade, Educação.;Publicação de Proposição;2026-02-12;Aguardando Designação de Relator(a);0.3050;NAO;0.3813;
2242706;PL 1423/2020;Projeto de Lei;2020-04-01;Ronaldo Carletto;PP;Altera a Lei nº 5.991, de 17 de dezembro de 1973, para permitir o receituário eletrônico;https://www.camara.leg.br/proposicoesWeb/prop_mostrarintegra?codteor=1872560;https://www.camara.leg.br/proposicoesWeb/fichadetramitacao?idProposicao=2242706;Alteração, Lei de Controle Sanitário de Medicamentos, Receita médica digital.;Notificações;2024-09-13;Tramitando em Conjunto;0.3049;NAO;0.3812;
2605835;PL 864/2026;Projeto de Lei;2026-03-03;Pastor Gil;PL;Altera a Lei nº 14.852, de 3 de maio de 2024, para vedar o direcionamento a crianças e adolescentes de jogos eletrônicos que possibilitem a interação entre seus usuários.;https://www.camara.leg.br/proposicoesWeb/prop_mostrarintegra?codteor=3090528;https://www.camara.leg.br/proposicoesWeb/fichadetramitacao?idProposicao=2605835;Alteração, Marco Legal para a Indústria de Jogos Eletrônicos (2024), proibição, jogo eletrônico, interação, usuário, criança, adolescente, menor de idade, obrigatoriedade, Classificação indicativa, idade.;Recebimento;2026-03-27;Aguardando Designação de Relator(a);0.3049;NAO;0.3811;
2350539;PL 1002/2023;Projeto de Lei;2023-03-08;Kim Kataguiri;UNIÃO;Altera a Lei nº 9.504, de 30 de setembro de 1997, que estabelece normas para as eleições, para dispor sobre a deep fake.;https://www.camara.leg.br/proposicoesWeb/prop_mostrarintegra?codteor=2240752;https://www.camara.leg.br/proposicoesWeb/fichadetramitacao?idProposicao=2350539;Alteração, Lei das Eleições (1997), crime, manipulação, Conteúdo digital, vídeo, propagação, Informação falsa, Notícia falsa (fake news), candidato, eleição.;Apensação;2024-05-21;Tramitando em Conjunto;0.3046;NAO;0.3808;
2270926;PL 604/2021;Projeto de Lei;2021-02-25;Paulo Ramos;PDT;Altera o Decreto-Lei nº 3.689, de 03 de outubro de 1941 – Código de Processo Penal e a Lei nº 7.960, de 21 de dezembro de 1989, para vedar a prisão preventiva baseada, exclusivamente, em reconhecimento por identificação fotográfica.;https://www.camara.leg.br/proposicoesWeb/prop_mostrarintegra?codteor=1967396;https://www.camara.leg.br/proposicoesWeb/fichadetramitacao?idProposicao=2270926;Alteração, Código de Processo Penal, proibição, prisão preventiva, Reconhecimento (processo penal), Identificação criminal, fotografia. _ Alteração, Lei da Prisão Temporária, proibição, prisão preventiva, identificação criminal, fotografia.;Notificações;2024-11-01;Tramitando em Conjunto;0.3046;NAO;0.3808;
2217751;PL 4757/2019;Projeto de Lei;2019-08-28;Reinhold Stephanes Junior;PSD;Altera a redação do art. 255 e o §1º do art. 782 da Lei nº 13.105, de 16 de março de 2015, Código de Processo Civil.;https://www.camara.leg.br/proposicoesWeb/prop_mostrarintegra?codteor=1798922;https://www.camara.leg.br/proposicoesWeb/fichadetramitacao?idProposicao=2217751;Alteração, Código de Processo Civil (2015), aperfeiçoamento, autuação, Oficial de Justiça.;Notificações;2024-08-15;;0.3046;NAO;0.3807;
2312381;PL 4418/2021;Projeto de Lei;2021-12-14;Carlos Bezerra;MDB;Altera o Decreto-Lei no 3.689, de 3 de outubro de 1941 – Código de Processo Penal, para admitir que o inquérito policial seja eletrônico, com peças assinadas digitalmente, além de armazenado em um sistema informatizado único no âmbito do ente federado competente.;https://www.camara.leg.br/proposicoesWeb/prop_mostrarintegra?codteor=2124546;https://www.camara.leg.br/proposicoesWeb/fichadetramitacao?idProposicao=2312381;Alteração, Código de Processo Penal, critério, inquérito policial, meio eletrônico, armazenamento, sistema informatizado.;Publicação de Proposição;2022-02-04;Tramitando em Conjunto;0.3044;NAO;0.3806;
2560931;PL 4574/2025;Projeto de Lei;2025-09-15;Denise Pessôa;PT;Altera a lei nº 14.819, de 16 de janeiro de 2024, para dispor sobre plataforma digital nacional para teleatendimento psicológico.;https://www.camara.leg.br/proposicoesWeb/prop_mostrarintegra?codteor=3000268;https://www.camara.leg.br/proposicoesWeb/fichadetramitacao?idProposicao=2560931;Alteração, lei federal, Política Nacional de Atenção Psicossocial nas Comunidades Escolares, plataforma digital, atendimento não presencial, assistência psicológica, Rede de Atenção Psicossocial (RAPS), Sistema de ensino, diretrizes, saúde mental, estudante, aluno, profissional da educação, professor, educador, acesso, psicólogo, enfrentamento, violência escolar, bullying, vulnerabilidade social.;Publicação de Proposição;2025-10-28;Aguardando Designação de Relator(a);0.3043;NAO;0.3804;
2591151;PL 6115/2025;Projeto de Lei;2025-12-02;Amom Mandel;CIDADANIA;Altera a Lei nº 9.504, de 30 de setembro de 1997 (Lei das Eleições) para estabelecer ações afirmativas voltadas às candidaturas de pessoas com deficiência em eleições proporcionais.;https://www.camara.leg.br/proposicoesWeb/prop_mostrarintegra?codteor=3057262;https://www.camara.leg.br/proposicoesWeb/fichadetramitacao?idProposicao=2591151;Alteração, Lei das Eleições (1997), Lei Orgânica dos Partidos Políticos (1995), Ação afirmativa, Registro da candidatura, pessoa com deficiência, Eleição proporcional.;Publicação de Proposição;2026-02-02;;0.3037;NAO;0.3796;
2352572;PL 1350/2023;Projeto de Lei;2023-03-22;Jonas Donizette;PSB;Acrescenta dispositivo ao art. 227 da Lei nº 7.565, de 19 de dezembro de 1986, que dispõe sobre o Código Brasileiro da Aeronáutica.;https://www.camara.leg.br/proposicoesWeb/prop_mostrarintegra?codteor=2247625;https://www.camara.leg.br/proposicoesWeb/fichadetramitacao?idProposicao=2352572;Alteração, Código Brasileiro de Aeronáutica, aplicação, tarifa aérea de emergência, passagem aérea, parentesco em primeiro grau, situação, falecimento, pessoa, família. _Prazo, documento, comprovação, falecimento. _Garantia, preferência, lista de espera, compra, passagem aérea.;Apensação;2025-12-22;Tramitando em Conjunto;0.3036;NAO;0.3795;
1198833;PL 1053/2015;Projeto de Lei;2015-04-08;Claudio Cajado;PP;Altera o art. 1° da Lei n° 5.709, de 7 de outubro de 1971.;https://www.camara.leg.br/proposicoesWeb/prop_mostrarintegra?codteor=1318249;https://www.camara.leg.br/proposicoesWeb/fichadetramitacao?idProposicao=1198833;Posse (direito civil), imóvel rural, estrangeiro, aplicação, restrição, legislação.;Desarquivamento a Pedido;2019-04-23;Tramitando em Conjunto;0.3035;NAO;0.3794;
2116695;PL 6457/2016;Projeto de Lei;2016-11-09;Celso Jacob;MDB;Altera o  art. 40 da Lei nº 8.987, de 13 de fevereiro de 1995.;https://www.camara.leg.br/proposicoesWeb/prop_mostrarintegra?codteor=1506301;https://www.camara.leg.br/proposicoesWeb/fichadetramitacao?idProposicao=2116695;Alteração, Lei das Concessões de Serviços Públicos, permissão de serviços públicos, ausência, obrigatoriedade, indenização, permissionária (administração pública).;Recebimento;2023-12-22;Tramitando em Conjunto;0.3035;NAO;0.3794;
2025450;PL 3445/2015;Projeto de Lei;2015-10-28;Mário Negromonte Jr.;PP;Altera o art. 5º da Lei nº 10.028, de 19 de outubro de 2000.;https://www.camara.leg.br/proposicoesWeb/prop_mostrarintegra?codteor=1405650;https://www.camara.leg.br/proposicoesWeb/fichadetramitacao?idProposicao=2025450;Alteração, Lei dos Crimes Fiscais, Tribunal de Contas, competência, fixação, percentual, multa, infração administrativa, legislação, finanças públicas.;Remessa ao Senado Federal;2019-12-05;Aguardando Apreciação pelo Senado Federal;0.3035;NAO;0.3794;
1514636;PL 2051/2015;Projeto de Lei;2015-06-23;Shéridan;PSDB;Altera o art. 8º da Lei nº 9.250, de 26 de dezembro de 1995.;https://www.camara.leg.br/proposicoesWeb/prop_mostrarintegra?codteor=1352163;https://www.camara.leg.br/proposicoesWeb/fichadetramitacao?idProposicao=1514636;Alteração, Legislação Tributária Federal, dedução, Imposto sobre a Renda da Pessoa Física (IRPF), despesa, medicamento de uso contínuo, depressão, ausência, fornecimento, Sistema Único de Saúde (SUS), tributação, benefício fiscal.;Notificacao para Publicação Intermediária;2025-09-01;Tramitando em Conjunto;0.3035;NAO;0.3794;
2080286;PL 4810/2016;Projeto de Lei;2016-03-23;Rafael Motta;PSB;Altera o Art. 24, da Lei nº 8.666, de 21 de junho de 1993.;https://www.camara.leg.br/proposicoesWeb/prop_mostrarintegra?codteor=1445495;https://www.camara.leg.br/proposicoesWeb/fichadetramitacao?idProposicao=2080286;Alteração, Lei de Licitação, critério, dispensa de licitação, contratação, entidade sem fins lucrativos, pessoa com deficiência.;Recebimento;2021-04-05;Aguardando Designação de Relator(a);0.3035;NAO;0.3794;
2091476;PL 5803/2016;Projeto de Lei;2016-07-12;Rafael Motta;PSB;Altera o Art. 35, da Lei nº 9.250, de 26 de dezembro de 1995.;https://www.camara.leg.br/proposicoesWeb/prop_mostrarintegra?codteor=1476538;https://www.camara.leg.br/proposicoesWeb/fichadetramitacao?idProposicao=2091476;Alteração, Legislação Tributária Federal, dependente, contribuinte, dedução, Imposto sobre a Renda da Pessoa Física (IRPF), pessoa com deficiência, exercício, atividade remunerada.;Encerramento de Prazo;2021-05-26;Aguardando Deliberação de Recurso;0.3035;NAO;0.3794;
1699252;PL 2781/2015;Projeto de Lei;2015-08-26;Vinicius Carvalho;REPUBLICANOS;Altera o art. 67 da Lei nº 8.078, de 11 de setembro de 1990.;https://www.camara.leg.br/proposicoesWeb/prop_mostrarintegra?codteor=1377571;https://www.camara.leg.br/proposicoesWeb/fichadetramitacao?idProposicao=1699252;Alteração, Código de Defesa do Consumidor, infração penal, aumento da pena, publicidade enganosa, publicidade abusiva, criança.;Designação de Relator(a);2024-09-11;Aguardando Parecer;0.3035;NAO;0.3794;
2199468;PL 2547/2019;Projeto de Lei;2019-04-25;Paulo Ramos;PDT;Altera o art. 1º da Lei nº 11.134, de 15 de Julho de 2005.;https://www.camara.leg.br/proposicoesWeb/prop_mostrarintegra?codteor=1737667;https://www.camara.leg.br/proposicoesWeb/fichadetramitacao?idProposicao=2199468;Alteração, Lei Federal, Vantagem Pecuniária Especial (VPE).;Publicação de Proposição;2019-05-29;Devolvida ao(à) Autor(a);0.3035;NAO;0.3794;
2212101;PL 4076/2019;Projeto de Lei;2019-07-12;Bia Kicis;PL;Altera o art. 20 da Lei no 10.406, de 10 de janeiro de 2002.;https://www.camara.leg.br/proposicoesWeb/prop_mostrarintegra?codteor=1778672;https://www.camara.leg.br/proposicoesWeb/fichadetramitacao?idProposicao=2212101;Alteração, Código Civil (2002), aprimoramento, Direito da personalidade, autorização, contrato formal, utilização, imagem, pessoa.;Devolução ao(à) Relator(a);2025-04-30;Aguardando Parecer;0.3035;NAO;0.3794;
2363366;PL 2676/2023;Projeto de Lei;2023-05-18;Prof. Paulo Fernando;REPUBLICANOS;Altera o art. 11 da Lei nº 8.429, de 2 de junho de 1992.;https://www.camara.leg.br/proposicoesWeb/prop_mostrarintegra?codteor=2275035;https://www.camara.leg.br/proposicoesWeb/fichadetramitacao?idProposicao=2363366;Alteração, Lei da Improbidade Administrativa, tipicidade penal, crime, agente público, dolo, fraude, informação falsa, prejuízo, imagem, terceiros, pessoa física, instituição pública, instituição privada, administração pública, inclusão, penalidade, ressarcimento, reparação do dano, indenização;Notificacao para Publicação Intermediária;2025-04-15;;0.3035;NAO;0.3794;
2386051;PL 4357/2023;Projeto de Lei;2023-09-05;Rodolfo Nogueira;PL;Altera o art. 2º da Lei nº 8.629, de 25 de fevereiro de 1993.;https://www.camara.leg.br/proposicoesWeb/prop_mostrarintegra?codteor=2324747;https://www.camara.leg.br/proposicoesWeb/fichadetramitacao?idProposicao=2386051;Alteração, Lei da Reforma Agrária, impossibilidade, desapropriação, interesse social, finalidade, reforma agrária, Propriedade produtiva, descumprimento, função social.;Expedição de Documento;2025-11-11;Aguardando Apreciação pelo Senado Federal;0.3035;NAO;0.3794;
2452146;PL 3129/2024;Projeto de Lei;2024-08-13;Gilberto Abramo;REPUBLICANOS;Altera o art. 38 da Lei nº 9.514, de 20 de novembro de 1997.;https://www.camara.leg.br/proposicoesWeb/prop_mostrarintegra?codteor=2463323;https://www.camara.leg.br/proposicoesWeb/fichadetramitacao?idProposicao=2452146;Alteração, Lei do Sistema de Financiamento Imobiliário (1997), critério, registro de imóvel, imóvel, escritura pública, pessoa física, pessoa jurídica, entidade, Sistema Financeiro Imobiliário (SFI).;Apensação;2025-10-06;Tramitando em Conjunto;0.3035;NAO;0.3794;
2587113;PL 5941/2025;Projeto de Lei;2025-11-24;Luiz Carlos Hauly;PODE;Altera o art. 3º  da Lei nº 12.869, de 15 de outubro de 2013.;https://www.camara.leg.br/proposicoesWeb/prop_mostrarintegra?codteor=3050924;https://www.camara.leg.br/proposicoesWeb/fichadetramitacao?idProposicao=2587113;Alteração, Lei Federal, diversificação, atividade, Permissionário (administração pública), loteria, critério, Comissão (remuneração), Jogo online, Sustentabilidade econômica, agência lotérica.;Apresentação de Requerimento;2026-02-03;Tramitando em Conjunto;0.3035;NAO;0.3794;
2542007;PL 3842/2025;Projeto de Lei;2025-08-11;Dr. Zacharias Calil;UNIÃO;Altera a Lei nº 12.965, de 23 de abril de 2014, para estabelecer obrigações de transparência e de avaliação de impacto algorítmico relativas a conteúdos que envolvam crianças e adolescentes.;https://www.camara.leg.br/proposicoesWeb/prop_mostrarintegra?codteor=2969846;https://www.camara.leg.br/proposicoesWeb/fichadetramitacao?idProposicao=2542007;Alteração, Marco Civil da Internet (2014), obrigatoriedade, provedor de aplicações, empresa de grande porte, plataforma digital, publicação, informação, análise de impacto, algoritmo, recomendação, proteção, criança, adolescente, exposição ao perigo, conteúdo impróprio, conteúdo sexual, violência, internet, rede social digital, diretrizes, enfrentamento, pedofilia, sexualização precoce, exploração sexual, Adultização de crianças e adolescentes.;Apresentação de Proposição;2025-08-11;Aguardando análise do Presidente da Câmara - (Decisão);0.3030;NAO;0.3788;
2536732;PL 3421/2025;Projeto de Lei;2025-07-15;Rogéria Santos;REPUBLICANOS;Dispõe sobre a classificação, rotulagem e regulação de conteúdos digitais com características hipersensoriais e potencial efeito viciante, e dá outras providências.;https://www.camara.leg.br/proposicoesWeb/prop_mostrarintegra?codteor=2957717;https://www.camara.leg.br/proposicoesWeb/fichadetramitacao?idProposicao=2536732;Obrigatoriedade, identificação, classificação, Conteúdo digital, incentivo, Vício (comportamento), Criança, Adolescente.;Abertura de Prazo;2025-12-16;Aguardando Parecer;0.3030;NAO;0.3787;
2494572;PL 1493/2025;Projeto de Lei;2025-04-03;Coronel Meira;PL;Altera o Decreto-Lei nº 3.689, de 3 de outubro de 1941 (Código de Processo Penal), e a Lei nº 7.210, de 11 de julho de 1984 (Lei de Execução Penal), para vedar o uso de monitoração eletrônica em determinadas hipóteses e dá outras providências.;https://www.camara.leg.br/proposicoesWeb/prop_mostrarintegra?codteor=2880631;https://www.camara.leg.br/proposicoesWeb/fichadetramitacao?idProposicao=2494572;Alteração, Código de Processo Penal (1941), Lei de Execução Penal (1984), proibição, monitoração eletrônica, tornozeleira eletrônica, medida cautelar, crime contra a honra, ato antidemocrático, agente político.;Publicação de Proposição;2025-05-28;Aguardando Designação de Relator(a);0.3029;NAO;0.3786;
2319940;PL 942/2022;Projeto de Lei;2022-04-18;Carla Zambelli;PL;Institui o Programa de Qualificação Acadêmica em Cirurgia Robótica e altera a Lei nº 8.080, de 19 de setembro de 1990, para prever a implantação progressiva de técnicas de cirurgia robótica no Sistema Único de Saúde.;https://www.camara.leg.br/proposicoesWeb/prop_mostrarintegra?codteor=2158784;https://www.camara.leg.br/proposicoesWeb/fichadetramitacao?idProposicao=2319940;Criação, Programa de Qualificação Acadêmica em Cirurgia Robótica, implantação, ensino, cirurgia assistida por robô, Instituição Federal de Ensino Superior (IFES). _Dotação, instituição, ensino superior, infraestrutura tecnológica, recursos humanos. qualificação, Cirurgia assistida por robô. _Finalidade, ensino, prestação de serviços, sociedade civil. _Contrapartida, Instituição Federal de Ensino Superior (IFES), disponibilização, população, tecnologia, programa (administração). _Estudante, conclusão, curso (educação), prestação de serviços, Sistema Único de Saúde (SUS). Alteração, Lei Orgânica da Saúde, formulação, adoção, tecnologia, robótica, saúde pública, cirurgia assistida por robô.;Parecer do(a) Relator(a);2025-05-28;Pronta para Pauta;0.3028;NAO;0.3785;
2198852;PL 2432/2019;Projeto de Lei;2019-04-22;Senado Federal - Elmano Férrer;N/A;Altera o Decreto-Lei nº 3.689, de 3 de outubro de 1941   Código de Processo Penal, para determinar que o inquérito policial será eletrônico, com peças assinadas digitalmente, e armazenado em um sistema informatizado único de âmbito nacional.;https://www.camara.leg.br/proposicoesWeb/prop_mostrarintegra?codteor=1735543;https://www.camara.leg.br/proposicoesWeb/fichadetramitacao?idProposicao=2198852;Alteração, Código de Processo Penal, obrigatoriedade, Inquérito policial eletrônico, Assinatura digital, Armazenamento de dados, Sistema informatizado, âmbito nacional.;Notificação de Apensação;2022-02-02;Tramitando em Conjunto;0.3027;NAO;0.3783;
2193626;PL 1367/2019;Projeto de Lei;2019-03-12;Darci de Matos;PSD;"Altera a Lei nº 9.503, de 23 de setembro de 1997, que ""dispõe sobre o Código de Trânsito Brasileiro"", para regular a fiscalização eletrônica de medição de velocidade.";https://www.camara.leg.br/proposicoesWeb/prop_mostrarintegra?codteor=1717895;https://www.camara.leg.br/proposicoesWeb/fichadetramitacao?idProposicao=2193626;Alteração, Código de Trânsito Brasileiro, regularização, fiscalização eletrônica de trânsito, medição, velocidade, proibição, utilização, radar móvel.;Apensação;2025-05-09;Tramitando em Conjunto;0.3026;NAO;0.3782;
2539820;PL 3719/2025;Projeto de Lei;2025-08-05;Dr. Ismael Alexandrino;PSD;Lei de Transformação Digital, a interoperabilidade e a modernização do Sistema Unico de Saúde (SUS);https://www.camara.leg.br/proposicoesWeb/prop_mostrarintegra?codteor=2966235;https://www.camara.leg.br/proposicoesWeb/fichadetramitacao?idProposicao=2539820;Criação, Lei de Transformação Digital, Sistema Integrado de Gestão Digital do SUS (SIG-Digital), Prontuário Eletrônico Único, Comitê Gestor Nacional para a Transformação Digital em Saúde, modernização, sistema de informação, Interoperabilidade, Sistema Único de Saúde (SUS), diretrizes.;Apensação;2025-12-22;Aguardando Parecer;0.3025;NAO;0.3781;
2279854;PL 1643/2021;Projeto de Lei;2021-04-29;Geninho Zuliani;UNIÃO;Acrescenta dispositivo à Lei nº 13.105, de 16 de março de 2015, Código de Processo Civil, para permitir a utilização de Código QR nos processos judiciais eletrônicos;https://www.camara.leg.br/proposicoesWeb/prop_mostrarintegra?codteor=2001601;https://www.camara.leg.br/proposicoesWeb/fichadetramitacao?idProposicao=2279854;Alteração, Código de Processo Civil (2015), critério, utilização, Código QR, Processo judicial eletrônico.;Apresentação de Proposição;2022-03-10;Aguardando Apreciação pelo Senado Federal;0.3022;NAO;0.3778;
2395926;PL 4995/2023;Projeto de Lei;2023-10-16;Renata Abreu;PODE;Institui a classificação de doenças, no âmbito do Sistema Único de Saúde;https://www.camara.leg.br/proposicoesWeb/prop_mostrarintegra?codteor=2344894;https://www.camara.leg.br/proposicoesWeb/fichadetramitacao?idProposicao=2395926;Classificação, pessoa com doença rara, âmbito, Sistema Único de Saúde (SUS), doença congênita, deficiência intelectual, associação, doença rara, Erro Inato do Metabolismo (EIM), doença rara inflamatória, doença rara infecciosa, doença autoimune.;Saída de Relator(a) da Comissão - Sem Parecer Apresentado;2026-02-04;Aguardando Designação - Aguardando Devolução de Relator(a) que deixou de ser Membro;0.3017;NAO;0.3771;
2598626;PL 6586/2025;Projeto de Lei;2025-12-18;Amom Mandel;CIDADANIA;Dispõe sobre a obrigação de transparência, explicação e acesso às informações relativas a sistemas automatizados de decisão utilizados nas relações de consumo, e dá outras providências.;https://www.camara.leg.br/proposicoesWeb/prop_mostrarintegra?codteor=3070862;https://www.camara.leg.br/proposicoesWeb/fichadetramitacao?idProposicao=2598626;Relações de consumo, diretrizes, transparência algorítmica, acesso à informação, decisão automatizada, concessão, análise, risco de crédito, classificação, informação ao consumidor, método, algoritmo, critério, metodologia, proteção, dados pessoais, defesa do consumidor.;Apresentação de Proposição;2025-12-18;Aguardando Chancela e Publicação do Despacho;0.3013;NAO;0.3766;
2488434;PL 1171/2025;Projeto de Lei;2025-03-21;Rodrigo Valadares;UNIÃO;Altera a redação da Lei n° 6.259, de 30 de outubro de 1975, altera a Lei n° 8.069, de 13 de julho de 1990 e dá outras providências.;https://www.camara.leg.br/proposicoesWeb/prop_mostrarintegra?codteor=2870667;https://www.camara.leg.br/proposicoesWeb/fichadetramitacao?idProposicao=2488434;Alteração, Lei de Vigilância Epidemiológica (1975), Estatuto da Criança e do Adolescente (ECA) (1990), proibição, vacinação compulsória, menor de idade, obrigatoriedade, poder público, divulgação, informação, vacina, diretrizes.;Recebimento;2025-05-15;Aguardando Designação de Relator(a);0.3012;NAO;0.3765;
2564809;PL 4784/2025;Projeto de Lei;2025-09-25;Pezenti;MDB;"""Altera a Lei nº 8.934, de 18 de novembro de 1994, para dispor sobre a atualização simplificada, digital e gratuita do endereço empresarial, e dá outras providências.""";https://www.camara.leg.br/proposicoesWeb/prop_mostrarintegra?codteor=3008219;https://www.camara.leg.br/proposicoesWeb/fichadetramitacao?idProposicao=2564809;Alteração, Lei de Registro Público de Empresas Mercantis (1994), alteração, contrato, estatuto, matriz (empresa), exclusividade, atualização, endereço, sede, filial, gratuidade, meio eletrônico, simplificação, prazo máximo, diretrizes.;Publicação de Proposição;2025-10-29;Aguardando Designação de Relator(a);0.3011;NAO;0.3764;
2216294;PL 4599/2019;Projeto de Lei;2019-08-20;Vinicius Carvalho;REPUBLICANOS;Altera o Código de Defesa do Consumidor para vedar a cobrança antecipada de dívidas.;https://www.camara.leg.br/proposicoesWeb/prop_mostrarintegra?codteor=1793632;https://www.camara.leg.br/proposicoesWeb/fichadetramitacao?idProposicao=2216294;Alteração, Código de Defesa do Consumidor, proibição, cobrança antecipada, dívida.;Publicação de Proposição;2019-09-02;Tramitando em Conjunto;0.3010;NAO;0.3763;
2318328;PL 647/2022;Projeto de Lei;2022-03-21;Nereu Crispim;PSD;Altera redação da Lei nº 8.213, de 24 de julho de 1991.;https://www.camara.leg.br/proposicoesWeb/prop_mostrarintegra?codteor=2150785;https://www.camara.leg.br/proposicoesWeb/fichadetramitacao?idProposicao=2318328;Alteração, Lei de Benefícios da Previdência Social, Regime Geral de Previdência Social (RGPS), segurado, empresa, firma individual, sociedade (pessoa jurídica), Atividade econômica, trabalho urbano, trabalho rural. _Equiparação, empresa, contribuinte individual, pessoa física, condição, proprietário, obra civil, construção, civil, prestação de serviços, missão diplomática, serviços consulares. _Empresa, reserva, cargo (direito do trabalho), beneficiário, reabilitação, pessoa com deficiência, inaplicabilidade, entidade beneficente, organização da sociedade civil, sociedade cooperativa, organização religiosa, interesse público, entidade filantrópica, entidade sem fins lucrativos.;Recebimento;2024-07-09;Aguardando Designação de Relator(a);0.3007;NAO;0.3759;
2276545;PL 1220/2021;Projeto de Lei;2021-04-05;Otto Alencar Filho;PSD;Dispõe sobre a regulamentação da profissão de montador de andaimes e dá outras providências.;https://www.camara.leg.br/proposicoesWeb/prop_mostrarintegra?codteor=1985167;https://www.camara.leg.br/proposicoesWeb/fichadetramitacao?idProposicao=2276545;Regulamentação profissional, montador de andaimes, requisito, jornada de trabalho, remuneração.;Publicação de Proposição;2025-08-27;Aguardando Designação de Relator(a);0.3005;NAO;0.3757;
2083488;PL 5185/2016;Projeto de Lei;2016-05-04;Julio Lopes;PP;Acrescenta dispositivos à Lei nº 9.472, de 16 de julho de 1997, para garantir autonomia financeira e orçamentária para a Agência Nacional de Telecomunicações - Anatel.;https://www.camara.leg.br/proposicoesWeb/prop_mostrarintegra?codteor=1455114;https://www.camara.leg.br/proposicoesWeb/fichadetramitacao?idProposicao=2083488;Alteração, Lei Geral de Telecomunicações, percentual, recursos, Fundo de Fiscalização das Telecomunicações (Fistel), unidade orçamentária, Agência Nacional de Telecomunicações (Anatel), autonomia financeira, autonomia orçamentária.;Notificação de Despacho;2018-12-21;Tramitando em Conjunto;0.3005;NAO;0.3756;
2268823;PL 146/2021;Projeto de Lei;2021-02-03;Chiquinho Brazão;S.PART.;Altera a Lei nº 11.340, de 7 de agosto de 2006 (Lei Maria da Penha), para acrescentar ao Art. 9º , o §8-A, §8-B e Art. 9º-A. Criando dispositivos tecnológicos para melhorar o sistema de defesa e comunicação à Mulher, vítima de lesão, violência física, sexual ou psicológica e dano moral ou patrimonial, caso comprovado pela autoridade competente.;https://www.camara.leg.br/proposicoesWeb/prop_mostrarintegra?codteor=1959943;https://www.camara.leg.br/proposicoesWeb/fichadetramitacao?idProposicao=2268823;Alteração, Lei Maria da Penha, ameaça, violência física, Violência sexual, Violência psicológica, Violência patrimonial, mulher,  juiz, imposição, agressor, Recolhimento domiciliar, proibição, frequência, bar, casa noturna, Tornozeleira eletrônica. _ Poder Público, implementação, Política pública, utilização, tecnologia, proteção, mulher, vítima, violência contra a mulher.;Notificacao para Publicação Intermediária;2025-05-07;Tramitando em Conjunto;0.3004;NAO;0.3755;
2114700;PL 6340/2016;Projeto de Lei;2016-10-19;Carmen Zanotto;CIDADANIA;Acrescenta dispositivo na Lei nº 7.210, de 11 de julho de 1984 (Lei de Execução Penal), para determinar a especificação de gênero no expediente que veicula a execução penal e estatísticas que digam respeito a informações processuais;https://www.camara.leg.br/proposicoesWeb/prop_mostrarintegra?codteor=1499870;https://www.camara.leg.br/proposicoesWeb/fichadetramitacao?idProposicao=2114700;Alteração, Lei de Execução Penal, identificação, condenado, vítima, gênero, dados estatísticos, crime, sexismo.;Designação de Relator(a);2025-03-26;Aguardando Parecer;0.3002;NAO;0.3753;
2632824;PL 3146/2026;Projeto de Lei;2026-06-16;Cezinha de Madureira;PSD;Altera a Lei 11.340, de 7 de agosto de 2006 (Lei Maria da Penha), para estabelecer critérios objetivos para determinação de uso de monitoração eletrônica obrigatória e imediata de agressores, e dá outras providências.;https://www.camara.leg.br/proposicoesWeb/prop_mostrarintegra?codteor=3147642;https://www.camara.leg.br/proposicoesWeb/fichadetramitacao?idProposicao=2632824;Alteração, Lei Maria da Penha (2006), regulamentação, monitoração eletrônica, agressor, violência doméstica, violência contra a mulher, diretrizes.;Apresentação de Proposição;2026-06-16;Aguardando Autorização do Despacho;0.3002;NAO;0.3752;
2525388;PL 2866/2025;Projeto de Lei;2025-06-12;Bebeto;PP;Dispõe sobre a profissão de leiloeiro e dá outras providências;https://www.camara.leg.br/proposicoesWeb/prop_mostrarintegra?codteor=2935215;https://www.camara.leg.br/proposicoesWeb/fichadetramitacao?idProposicao=2525388;Regulamentação profissional, Atividade profissional, Leilão, Leiloeiro, Exercício profissional, registro, Junta comercial.;Encerramento de Prazo;2025-08-14;Aguardando Parecer;0.3001;NAO;0.3751;
